age,income,employment_status,credit_score,loan_amount,loan_tenure,debt_ratio,previous_defaults,existing_loans,defaulted,risk_category
46.24427112133091,3000.0,Unemployed,647.9192083397614,1078.9108755012965,36,0.036,0,0,0,Very High
31.30789067100797,10085.31905255112,Student,573.7280102821526,3698.4012397499546,60,0.1617,0,2,1,Very High
37.07540747302271,91253.78182869262,Salaried,655.8787103168987,30880.83839586151,72,0.0963,0,1,0,Low
38.950253531535544,72827.09448466734,Self-Employed,651.6056874419994,48068.96638101044,48,0.116,0,2,0,High
24.426517305107538,25110.43349673877,Student,568.460112709149,14454.518515543434,60,0.0576,0,0,1,Very High
63.59292712942134,72345.50598996998,Salaried,631.7118110435546,30865.77088739912,48,0.1677,1,2,1,Very High
38.924044801898134,120753.40111718139,Salaried,697.0813396596809,41511.28830998018,60,0.1094,1,3,0,Low
42.653940004694,38033.88131314347,Self-Employed,746.7382282288395,21168.165948163733,36,0.0557,1,0,0,High
53.47170356145477,17115.67263191228,Unemployed,608.054939572871,11612.923851585176,12,0.2678,1,2,1,Very High
49.15977565398053,59749.079147359516,Salaried,671.7271218361208,99250.69497492345,24,0.1661,0,0,1,Very High
49.20570866132854,69281.75615702625,Self-Employed,663.0541630589577,45901.28582733919,48,0.1663,3,1,1,Very High
31.86831506818714,44785.980902179384,Self-Employed,587.6198011100735,22245.567206455213,84,0.0747,1,1,1,Very High
22.858715029604483,21362.37668649874,Student,595.0592094179876,8451.359616946258,84,0.0396,1,0,1,Very High
51.50824082273378,32957.43916950333,Self-Employed,662.8928819850918,10024.844403949355,48,0.0554,0,1,0,Medium
43.405445327774885,27972.471899443466,Self-Employed,708.1299634366585,20736.504703907805,60,0.1991,0,2,1,Very High
35.244673564001204,10010.225649333268,Unemployed,573.717752884332,2899.4882065621555,36,0.054,1,1,1,Very High
60.45875212455434,61183.15580136157,Salaried,641.7464627680914,52626.36336133138,24,0.086,0,0,1,Very High
38.60720482105833,53417.08704295515,Self-Employed,700.6366357346251,20844.59525375513,36,0.039,1,0,1,High
36.32890470595026,78181.78091539364,Salaried,661.010255880591,48746.60304341239,48,0.1249,2,1,1,High
31.95391389162182,78738.62900243154,Self-Employed,646.8631597339672,50742.42611835627,48,0.0894,0,1,1,Very High
27.39915215648952,20088.143829420864,Student,602.456724149413,19164.59877978103,84,0.2954,0,2,1,Very High
47.12885340591945,10038.98219678062,Self-Employed,607.365254659363,4400.2798928141565,48,0.1438,2,4,1,Very High
25.807227524550033,27984.1931297998,Student,618.2686035275998,15040.369267245958,84,0.1537,1,1,1,Very High
46.4616453165381,30674.656370319783,Unemployed,665.1244425451154,9346.596004485104,12,0.093,0,1,1,Very High
24.397804893136563,25359.910764411714,Student,643.2324911484069,10411.056763738698,72,0.0911,1,2,1,Very High
51.70334776854231,67933.37912832898,Self-Employed,694.179865271015,73230.61021141623,60,0.2953,0,3,1,Very High
29.14445493387582,16149.388688415547,Unemployed,685.8049040387331,19669.54064883698,24,0.1468,1,1,1,Very High
45.57837087005791,4006.5969559550704,Unemployed,590.1725848208131,1599.8911965120499,48,0.0399,1,0,1,Very High
44.39860580759435,38248.68482705502,Self-Employed,627.34451311725,24072.596420122478,48,0.1254,2,1,1,Very High
38.38352146895104,66055.10444131674,Self-Employed,677.0461179665131,80358.00297635037,48,0.1467,1,1,1,Very High
40.665163221273374,68156.16813175258,Self-Employed,660.773788387785,48915.92308784949,60,0.0718,0,0,1,High
26.64201459807795,5000.0,Student,646.0590613011641,1000.0,36,0.22,0,2,1,Very High
18.85967762349716,25425.92646724782,Student,619.2939910855082,12405.956876256194,60,0.0488,2,0,1,Very High
49.979558008918815,18783.509180694542,Unemployed,613.8171920396385,16752.28406899765,60,0.0892,0,0,1,Very High
37.54367772768506,68182.28546438161,Salaried,711.5445078225648,20481.377587853378,24,0.0925,0,1,0,Low
45.323770409758524,87936.26063271519,Salaried,637.5903738812676,48413.284460538474,84,0.0801,0,1,1,Very High
35.97538976074404,69066.58326807243,Salaried,628.2337819971829,59423.21371587327,48,0.086,1,0,1,Very High
40.84515511481192,29401.507227877923,Self-Employed,654.2774841802933,6270.8926826467905,60,0.0463,1,1,1,Very High
51.0252650941031,25412.434045457467,Unemployed,574.1945385802592,5869.029138899888,48,0.0231,1,0,1,Very High
49.172733732563586,10620.734770068146,Unemployed,704.7470878402288,6471.624560303531,60,0.0609,0,0,1,Very High
26.11917275290538,30052.4720986487,Student,531.9767797514498,5962.786206416613,60,0.0823,0,1,1,Very High
57.38929607874197,51746.51122458931,Self-Employed,667.0961388476584,14219.338162360526,24,0.0525,0,1,0,Low
37.100225832702606,21299.664863083526,Salaried,632.1306989443813,1000.0,24,0.0672,0,1,1,Very High
41.56014197551741,17897.439381734162,Unemployed,663.113816006409,9612.109698625034,24,0.0537,2,0,1,Very High
37.66505194468617,16248.687583918801,Unemployed,638.5931134576952,9381.038825743324,24,0.1827,0,2,1,Very High
41.99204906365325,15325.901794352309,Unemployed,596.0214037780651,6163.053645270842,24,0.0902,2,2,1,Very High
33.33240664214034,40068.25011914288,Salaried,586.0533400710667,33354.654886538214,72,0.0832,1,0,1,Very High
40.070500920596956,65098.292271730395,Salaried,660.7535047179205,54560.31567505161,24,0.0838,1,0,1,High
36.455431813859164,10000.0,Self-Employed,641.5524502590779,10396.432025580256,36,0.129,0,1,1,Very High
20.591391375454407,8482.657564804369,Unemployed,629.1011291265561,4742.439508000514,72,0.1309,2,3,1,Very High
49.885760585578815,25869.82987211575,Self-Employed,677.5611607750061,6859.782181335264,72,0.0265,0,0,0,Medium
23.17516186850527,24015.95457603035,Student,603.049272714007,16990.01065765103,60,0.1207,1,2,1,Very High
30.843520778490664,19469.67854556949,Unemployed,581.5992557927993,5242.492633015062,72,0.0269,2,0,1,Very High
41.11569141022946,90459.19970017063,Salaried,658.6775466813845,75350.95292482674,12,0.2083,1,2,1,Very High
40.581651276123296,73010.87632313896,Salaried,590.4474684611021,5449.819610087288,36,0.1325,0,2,1,Very High
45.92514217928393,81277.30794131353,Salaried,615.1435355346579,40219.702630543594,48,0.0495,0,0,1,High
44.26677671958777,16005.644377083278,Unemployed,658.5638460759772,3811.4510155373027,36,0.0863,0,1,1,Very High
32.95555610405523,65774.07317144705,Salaried,620.6465770075831,38490.18406891632,72,0.0585,0,0,1,High
19.527031879796382,20771.02878942933,Student,538.4942841474403,17464.63408010895,36,0.1091,0,1,1,Very High
45.921192604461496,14950.05950928889,Self-Employed,589.9008899620322,5553.653356971334,48,0.0871,1,2,1,Very High
33.71789499615832,30896.473542180367,Self-Employed,642.5519689850158,6132.376822910349,48,0.0823,1,1,1,Very High
23.647000844810993,11667.511266839205,Student,694.3126162309301,11110.91197884124,48,0.1202,1,1,1,Very High
50.18248085762479,63415.91918023977,Salaried,649.3455514968409,9061.034286103553,72,0.1393,0,2,1,Very High
30.089488071919845,57221.01177321257,Self-Employed,653.9700767783202,50542.030286205845,24,0.1133,0,1,0,High
59.43491116437337,16292.928266330642,Unemployed,605.6360971429609,18929.445360802725,60,0.1162,0,0,1,Very High
56.5607147839841,31919.601645773546,Unemployed,613.1117891383791,16513.69087345669,84,0.0517,0,0,1,Very High
40.89215517519649,20521.997283807126,Unemployed,652.4591549729645,13349.715478995597,12,0.1401,0,3,1,Very High
47.07754054217858,14658.635825380868,Unemployed,606.8087267525041,8729.76062118594,60,0.1846,1,2,1,Very High
36.61020982250584,43297.07887019927,Salaried,603.6700180276785,5890.831233490684,72,0.0136,0,0,1,Very High
31.85583876536921,14509.392529136525,Unemployed,608.3132804979102,4388.235964629559,72,0.3302,0,3,1,Very High
50.01177897984473,38850.581253645505,Self-Employed,702.2263714687227,22187.111724705548,60,0.1071,1,2,1,Very High
48.34170322218887,59945.553748538834,Salaried,648.6218461661109,23696.4595928818,36,0.0395,1,0,1,Very High
48.48668971399354,52484.41456733198,Self-Employed,562.9334837246549,61564.34282954018,36,0.2173,0,1,1,Very High
24.282115488988424,16650.206686690897,Student,625.0109531820847,3717.0513527969624,12,0.0848,0,1,1,Very High
43.20895603193608,85112.16177043217,Salaried,567.2009230187582,54860.48914605138,48,0.1895,0,2,1,Very High
56.16067254518247,25873.07837645452,Salaried,666.6016070121542,14927.001008760077,48,0.1577,0,4,1,Very High
47.27610232843136,74533.4226093683,Self-Employed,691.3817935974007,56236.71709883958,24,0.138,2,1,1,Very High
34.34061280585757,37922.30508889242,Self-Employed,640.9178681045727,9955.618684951743,24,0.0263,2,0,1,Very High
49.1833548739243,84019.8293859762,Salaried,657.3214487716439,46030.320183290954,36,0.3548,0,3,1,Very High
53.76806775002222,49971.37523928739,Salaried,654.5143537210636,31329.64265640973,36,0.1627,0,4,1,Very High
40.16636618790041,49797.901098983275,Self-Employed,663.0269489547238,30825.0629543333,72,0.0869,0,1,1,High
20.911083667454196,13508.128752420806,Student,588.602218342891,17002.264292865937,24,0.3259,1,2,1,Very High
47.3410330813477,79329.30408620817,Salaried,652.544680615553,20941.563625594667,36,0.0264,2,0,0,High
25.394324070013035,10000.0,Self-Employed,727.2898567994945,8407.45597643449,60,0.3841,1,3,1,Very High
41.55406579285695,54711.0299006859,Salaried,583.5370379550782,40116.50848805716,48,0.1733,0,1,1,Very High
33.0756686686804,19545.230782321545,Student,625.1647367580738,17170.00561665864,84,0.2128,1,2,1,Very High
20.0,22542.71255717304,Unemployed,572.6985287476846,15728.579939839923,72,0.0698,2,0,1,Very High
40.907504548774796,20327.233907948645,Self-Employed,740.7369671232786,13844.2009304193,48,0.3681,1,3,1,Very High
49.50756358015004,28794.905766528067,Self-Employed,650.2652543684828,16321.215857272207,24,0.0817,1,1,0,High
20.392363647920718,12504.572001106259,Student,632.1013820270209,7729.322494910842,48,0.1243,2,1,1,Very High
45.27445586243751,61087.360996492236,Salaried,635.9578552757416,22249.08483636559,48,0.0364,0,0,1,High
47.0857413505892,13654.045707172056,Unemployed,544.2496652916232,13254.538232796016,72,0.0971,1,0,1,Very High
32.278856296926826,7690.44589096689,Unemployed,618.7460841869408,1000.0,60,0.038,0,1,1,Very High
50.318271203562595,62863.855699075684,Salaried,636.159379332878,9544.215713074133,24,0.0152,0,0,1,High
45.71063584288509,72445.58245036437,Self-Employed,645.5803591032346,28741.03718034298,72,0.1022,0,1,0,High
33.489689758727636,19972.164063766046,Unemployed,634.7885228459187,15349.470793396613,36,0.1769,0,1,1,Very High
40.841763555488875,85384.31663951199,Salaried,674.6477269973312,14413.377399612567,12,0.0794,1,1,0,High
33.28844898353975,100744.38770121787,Salaried,648.5882882791102,106687.87853644894,12,0.1059,2,0,1,Very High
22.19797855855958,22646.26482323501,Student,658.1961847067614,18183.06498970897,48,0.1303,1,2,1,Very High
46.47771921230206,48965.86356282483,Salaried,696.5967430688796,35520.9234873171,48,0.1225,1,2,1,Very High
41.8545356366749,68043.8576354381,Salaried,731.6691040203584,50050.772422214126,12,0.0736,1,0,1,Very High
43.496736747215486,43061.34430276285,Salaried,657.2067077210855,9929.361062622856,24,0.0481,0,1,1,Low
19.826905033552066,21565.99068587816,Student,637.4843518043718,21099.77742659248,72,0.1978,1,1,1,Very High
26.861160504787144,16166.336745656572,Unemployed,585.8874899783477,10931.037792443558,60,0.1926,1,2,1,Very High
40.173870610388846,60928.694064411495,Self-Employed,631.0136156831823,69314.84936200216,84,0.1763,0,1,1,Very High
47.29999238902168,20696.47368849366,Self-Employed,635.6831523448889,1382.7942220319533,60,0.3067,0,3,1,Very High
51.22429289853693,10065.959292844791,Unemployed,590.827971455563,7825.307810066242,48,0.1527,0,3,1,Very High
29.206165726009935,13575.775722699673,Unemployed,632.8778990776847,4567.906238797772,84,0.0836,0,2,1,Very High
52.048573975392344,63992.42322376531,Salaried,550.0170793789154,9066.331011945644,60,0.0142,0,0,0,High
21.66188902886362,17143.7064417813,Unemployed,654.2255236157516,11885.21920340714,12,0.1318,1,1,1,Very High
23.71861260682877,17947.422016229113,Student,626.7168898980259,7919.202918933713,48,0.1441,0,1,1,Very High
22.966680570034192,30290.821542457772,Student,620.4222395178533,20415.197337921403,60,0.0674,0,0,1,Very High
41.33338645514721,46549.636622315724,Salaried,613.5354229899235,9204.462197167433,84,0.0198,1,0,1,Very High
24.149522838574203,19238.337956190706,Student,512.8042662371031,8412.70097931647,36,0.1062,0,1,1,Very High
33.81345349106353,126142.19593125582,Salaried,697.9102735024348,23712.88764696135,60,0.1438,2,2,1,Very High
37.28608739881598,13321.288271114228,Unemployed,651.5902520579922,7201.59980848267,72,0.1166,0,1,1,Very High
23.952970960812294,23695.343553277267,Unemployed,568.900113002419,23249.590860248634,48,0.1606,1,1,1,Very High
18.0,39218.33350389554,Student,549.0862263605096,6535.69311839359,36,0.0792,0,1,1,Very High
23.043266077690138,18464.691252734166,Student,582.8421332011576,13208.959952594252,60,0.0965,0,1,1,Very High
31.57706625819812,3507.9669297640867,Unemployed,583.0166848916815,3717.5188352225623,24,0.306,1,2,1,Very High
47.31151743288024,93595.79702364247,Salaried,696.6486991757989,93825.08957653557,24,0.1627,0,1,1,High
27.544847023646664,15384.946891420548,Student,619.6262196589586,8579.509275468203,48,0.0808,1,1,1,Very High
45.30090446853907,22283.293876027717,Unemployed,580.9839490906062,20421.075120832957,60,0.1541,0,1,1,Very High
44.821520429068855,49064.62316960806,Self-Employed,676.3582490092213,21516.004256286174,60,0.1689,0,2,1,Very High
34.22854523503465,48009.320219939254,Salaried,666.238766180352,53057.55890274946,36,0.1355,3,1,1,Very High
33.521784260677634,8052.05667583511,Unemployed,635.8001373686047,1000.0,36,0.0124,1,0,1,Very High
42.502173368371835,86592.09010904413,Self-Employed,653.5444412618339,54069.778907859276,24,0.0624,0,0,0,Medium
60.93754563235065,13443.806184093766,Unemployed,631.1219544073615,13218.581397953363,36,0.0983,1,0,1,Very High
32.3095491302099,6144.4190880112055,Unemployed,649.5917288920557,9006.423102634284,60,0.1716,0,1,1,Very High
34.722900218048366,77562.86585620017,Salaried,702.3526019659668,52159.24936811893,72,0.3672,1,3,1,Very High
20.0,11690.202270474076,Unemployed,591.3511085615729,11345.75156749346,24,0.0971,0,0,1,Very High
42.563514180192456,19688.763946415067,Unemployed,515.8447762732404,23051.65877104436,72,0.1171,0,0,1,Very High
42.06116114352376,16725.8238327624,Unemployed,606.6361073677596,13042.77421146201,60,0.203,0,2,1,Very High
29.410536875666885,10000.0,Self-Employed,553.8887994460972,4678.162841547736,36,0.1093,0,1,1,Very High
40.81368791361122,78815.34763244532,Salaried,615.4383882942791,88344.93258174049,84,0.2121,0,1,1,Very High
43.49563180010443,66204.18736171284,Salaried,697.74905214658,78635.22617821796,60,0.1813,2,1,1,Very High
20.0,20831.129707348722,Unemployed,661.1683449159883,23078.074471368367,36,0.1358,0,1,1,Very High
50.01700192192041,81552.63322366601,Salaried,700.5698722847952,1000.0,60,0.1262,1,2,1,Very High
33.280290183353394,12000.0,Salaried,703.9614803509263,12146.273470531729,24,0.3012,1,2,1,Very High
55.697541902822806,12092.401161157182,Unemployed,612.6863260257227,10308.298014665046,60,0.1602,0,3,1,Very High
32.98339729318963,101884.8120658852,Salaried,736.1671008225522,1854.6478453910313,60,0.1268,0,2,0,Low
27.936439042863533,13163.89348280561,Student,693.5279079334658,10100.98484671907,60,0.0767,1,0,1,Very High
37.57370298504691,74778.12954082615,Self-Employed,660.4122529708937,42387.19320648176,48,0.2567,1,2,0,Very High
24.643212569850657,22902.42354383362,Student,631.6573769084241,17531.692194223913,24,0.1015,3,1,1,Very High
42.43592410467004,52177.82599579157,Salaried,686.9299792042707,51533.53131765974,12,0.0988,0,0,0,Low
35.406927843871564,28496.00223812485,Unemployed,593.0934113503665,15743.59400274974,72,0.0552,0,0,1,Very High
33.44247073714644,86803.32067381324,Salaried,631.7758286904356,63905.292802037424,12,0.1986,0,2,1,Very High
20.49349251748038,20631.764195319098,Student,601.0366693364414,4407.707619669511,36,0.0214,0,0,1,Very High
45.78549840329745,50026.71722995134,Salaried,683.3707523633043,16362.88022641747,36,0.3327,0,3,0,High
41.25397608433944,25922.522733809557,Self-Employed,687.2734127592427,10533.342834473944,24,0.0406,0,0,0,Low
34.426384395879225,58136.96491042728,Salaried,665.734416001736,11739.941888348158,36,0.0827,0,1,0,Low
44.71335564962024,73053.02274901132,Salaried,670.3833729321459,47056.161983106744,36,0.0894,0,1,0,Low
45.307112131133835,69037.4551980478,Salaried,526.5187527580875,56586.47939133534,48,0.107,0,1,1,Very High
28.672935727320375,23612.995158292335,Student,624.7464775470337,7235.182428349166,60,0.1306,1,1,1,Very High
42.54630599346379,35080.78996291981,Salaried,678.3843557857714,25298.34316579096,24,0.0721,1,0,1,Very High
18.560073611551868,20058.15167606777,Student,601.4495841404415,9520.267055945264,60,0.11,0,1,1,Very High
40.719962693440465,70786.92161679968,Salaried,687.1419009477169,43896.939028262816,72,0.1245,0,1,0,Low
55.359592729298534,58235.88074690945,Salaried,694.8719557636085,54413.109648921316,12,0.1559,1,1,1,Very High
20.23958036779147,29344.564432998108,Student,619.9917043615386,19915.79719190649,72,0.0679,0,0,1,Very High
40.29603444196641,69751.1489196775,Self-Employed,747.4214611622672,51944.50047890447,48,0.0995,0,1,0,High
48.324909062608626,35601.21570744863,Salaried,721.3890811540848,45458.20830829245,24,0.1527,0,1,1,High
35.985431074254414,20374.12662329107,Salaried,652.1990023711112,19961.083169118727,48,0.123,0,1,0,Very High
29.929246421639775,27419.29511182155,Student,634.7318821450818,26315.62158792735,60,0.146,1,2,1,Very High
34.10212083185481,70140.3970379243,Salaried,643.2586916529114,49071.962483286305,36,0.07,0,0,1,Very High
55.995656465121534,65334.598489232594,Salaried,612.192486031003,1141.376587781233,48,0.1267,0,2,1,Very High
36.243530014490666,44433.28291989071,Self-Employed,678.2237423069286,15340.362048649078,72,0.097,0,1,1,High
28.033963784347762,35733.63553586167,Self-Employed,770.1721577789707,32392.181367874673,12,0.1531,0,1,0,High
46.299734868343094,43264.722960033854,Self-Employed,729.0009908316906,28547.722695083812,84,0.191,0,2,1,Very High
45.499188596593235,58650.11543791728,Self-Employed,562.0973962241262,47225.912142527355,48,0.2055,0,2,1,Very High
50.63482127291686,58232.22922637644,Salaried,643.1065879659226,25193.171903580293,36,0.0433,2,0,1,Very High
53.21577141107776,71657.20201979612,Salaried,689.8913514757213,57453.85998175525,12,0.0802,0,0,1,Medium
27.174638186492757,18223.85766244018,Unemployed,616.7812264642499,10492.046569434246,48,0.1201,0,1,1,Very High
18.555580396329766,8624.227256793642,Student,574.4119408732565,6565.079544606257,24,0.1761,1,1,1,Very High
20.20109799851628,11274.224830612777,Student,620.0666581122754,4531.569742137297,60,0.0402,0,0,1,Very High
44.86787336443969,10718.765700389093,Unemployed,591.3865761456303,3717.5967992846045,48,0.2222,1,3,1,Very High
33.85992891205059,75242.60697535399,Self-Employed,679.5514142795355,64250.788733585025,36,0.1479,0,1,0,Medium
28.76437449318817,15470.178635075288,Unemployed,676.3647285439419,8460.06528888234,60,0.2422,0,3,1,Very High
60.53614180427039,19210.820320952946,Self-Employed,672.9019101789298,16559.58246288609,24,0.2112,0,2,1,Very High
41.4199243640573,53951.995644940995,Salaried,611.561745061633,49226.102997886526,24,0.1412,1,2,1,Very High
39.98945115677569,12528.5014407185,Unemployed,612.730297820646,6708.805679298583,24,0.0535,0,0,1,Very High
50.45313559023113,41086.68496269909,Self-Employed,649.8515632195335,12337.17029109109,72,0.03,0,0,1,Very High
20.187271525142485,21961.436925965427,Student,669.9110255587366,9032.2866505821,84,0.0411,1,0,1,Very High
37.41495203599237,3000.0,Unemployed,600.4276958441596,3648.967406548755,48,0.1466,4,1,1,Very High
44.71360307907029,53457.984490786774,Self-Employed,613.4673609802479,49096.456717786736,36,0.1168,1,1,1,Very High
38.479971501941414,56558.33240638329,Salaried,631.0741273034045,25391.796860416685,48,0.0699,2,1,1,Very High
52.0081317446856,61722.700713109385,Salaried,654.8771023713927,33767.443784386465,48,0.1047,0,2,0,Medium
20.0,11228.477880317392,Unemployed,618.8371285292925,7310.935976776647,72,0.0651,0,0,1,Very High
31.908963312280335,83477.78210664079,Salaried,622.2414602091801,47965.287381611255,48,0.1825,1,2,1,Very High
54.68192252998526,51256.43196290351,Salaried,659.4524821211864,12810.218513567243,60,0.125,0,1,0,Low
20.8845182497194,5000.0,Student,610.4698166596592,3129.2092689181522,24,0.0626,1,0,1,Very High
24.804456194635748,24619.95808154327,Salaried,646.048532891309,4394.150890552328,48,0.1178,0,4,1,Very High
51.53486156005562,3000.0,Unemployed,598.6425453377955,1670.0954283122337,48,0.0557,0,0,1,Very High
25.7044877412003,21634.42644591845,Student,674.7795028345874,15460.940386678114,60,0.1715,0,1,1,Very High
43.633168062152905,87881.8725707914,Self-Employed,593.5997203768159,104398.36918597156,60,0.1813,0,1,1,Very High
47.224754859307936,18114.244346990406,Unemployed,655.328108893606,6999.4462304509525,60,0.0886,2,2,1,Very High
32.021195578079485,64417.50834800284,Salaried,610.6071704296695,26507.329475208044,72,0.0411,3,0,1,Very High
46.96512908072566,27138.917714358315,Self-Employed,678.7301507100402,28908.50980987569,36,0.1565,1,2,1,Very High
30.38232015200479,83176.74071318822,Self-Employed,675.255824716782,59395.348232870056,36,0.0714,1,0,1,Very High
43.601710183951475,57917.059784361874,Salaried,643.4737258282772,27365.813079172673,60,0.0723,2,1,1,Very High
39.03504129747226,4060.9813039151104,Unemployed,543.8849187161495,3693.6087441697136,60,0.091,0,0,1,Very High
24.275655793244255,10241.644223028015,Student,588.9723723203884,2011.2246261025666,12,0.0821,0,1,1,Very High
64.45542626406369,33564.4415345124,Self-Employed,568.9234902702652,1000.0,48,0.028,1,1,1,Very High
39.50776571229107,49680.396209602695,Salaried,653.782180473986,38553.159417007155,84,0.1776,0,1,1,Very High
27.028019789447157,66504.04819669454,Salaried,667.0946569168356,60547.134662954006,12,0.091,0,0,1,High
47.33450798163409,55595.51607846665,Self-Employed,689.9055366019604,36269.16992753075,60,0.1402,2,3,1,Very High
42.42820206718413,84599.91651365063,Salaried,629.1445715366847,19122.63810368617,48,0.0851,2,1,1,Very High
44.650765542597696,65300.13523969273,Self-Employed,647.2213867132862,67719.70421213514,12,0.1037,2,0,1,Very High
18.0,15637.680001794479,Student,575.5279161573942,11775.475726218949,60,0.1378,0,1,1,Very High
48.95592581698661,69417.35023668442,Salaried,663.010265657119,43864.36562032026,84,0.1257,0,1,0,Medium
18.0,22924.682302890305,Student,562.3424001455818,14384.497007967871,48,0.0627,1,0,1,Very High
26.178385898253683,14631.66480789316,Student,650.8419797105994,10676.6047810281,36,0.073,1,0,1,Very High
23.071132460361387,10225.354534311224,Student,597.5878718272177,8820.468627656306,12,0.1488,0,1,1,Very High
26.078019583911125,20596.37096751721,Student,613.635090469455,10673.633485883385,12,0.1518,0,1,1,Very High
27.388139790124278,26117.070707096515,Student,559.6778599231412,21066.27837267801,60,0.1557,0,3,1,Very High
20.0,20803.847497462368,Unemployed,632.6960319409861,22757.862480569765,48,0.3094,2,2,1,Very High
28.086027645920765,26742.98614912788,Unemployed,610.8201523375176,19362.873797335822,36,0.2724,0,2,1,Very High
27.469620922915034,21522.339496922083,Self-Employed,693.6256163887421,16260.02854264069,12,0.2755,1,2,1,Very High
39.79026773201815,11706.607194451295,Unemployed,654.593821625541,3621.291054228268,60,0.1059,1,3,1,Very High
47.49656086860416,81934.7248838213,Salaried,687.1838026771155,54764.9470659403,24,0.0918,1,1,1,High
30.192825632816213,81344.5955817014,Self-Employed,622.1912990899959,39747.3049388347,60,0.2364,1,3,1,Very High
42.237473461798984,62609.14442404747,Self-Employed,674.6376271497377,51180.89731532681,60,0.1442,0,1,1,High
24.60334350743469,19750.61303168829,Student,578.5274066363738,10723.612994984222,48,0.2543,1,2,1,Very High
40.13948690266232,56305.04640427635,Salaried,662.1888524113689,3898.662906165344,72,0.0819,0,3,1,Medium
48.94599154615517,5828.866237625303,Unemployed,554.6598474105175,3065.3727228869543,12,0.1526,1,4,1,Very High
28.85893621634731,79051.80433719927,Salaried,661.8623643740758,125417.79727065464,24,0.1837,0,1,0,Very High
18.0,12528.085564371071,Student,587.8330666236554,13820.182978223604,24,0.1728,0,1,1,Very High
33.37574936947112,39607.065011675746,Salaried,688.6299222877465,47467.01480374427,36,0.1198,0,0,0,Medium
31.403729775773083,55063.66750654694,Salaried,690.1953361248807,23798.004047845854,48,0.0932,0,2,1,High
45.79292337932149,29713.4454153316,Self-Employed,665.3530625948108,33033.29168365214,36,0.1112,1,0,1,Very High
33.27006143941038,43801.52992656772,Salaried,657.9688406100448,18471.341680553145,48,0.2297,2,3,1,Very High
45.61308693831203,55036.1515313126,Salaried,614.8001857275661,29365.25400385204,36,0.1784,0,2,1,Very High
24.46231466363171,20046.464308163926,Student,618.8216215114718,15565.147913583536,72,0.0776,1,0,1,Very High
51.007168725158266,77657.98859264658,Self-Employed,633.9374944556108,56880.25620846566,12,0.1732,2,1,1,Very High
24.390234374168653,15930.456166065143,Student,618.088881236519,2602.89215907363,24,0.1413,0,2,1,Very High
18.0,5000.0,Student,604.4747629524445,5346.136086642131,24,0.2069,2,1,1,Very High
51.62776648152154,11494.40359247454,Self-Employed,615.1407478161434,5517.610346301273,24,0.123,1,3,1,Very High
51.26179602399497,69047.76571216978,Salaried,656.3371872389041,53157.71060055168,24,0.1395,0,1,0,Medium
44.79161175614072,77414.25678457094,Salaried,710.6918533962005,9219.313017050314,60,0.0119,1,0,0,Low
41.48901808561159,69037.5041273488,Salaried,618.4646485939633,7607.766526397103,48,0.136,0,2,1,Very High
39.215696246491106,41339.875953580144,Salaried,563.8947938903443,21166.411303698525,36,0.0762,0,1,1,Very High
46.537856369086974,41266.882190295204,Salaried,610.9729940757298,34921.379403139894,60,0.0846,0,0,1,Very High
29.413104296949697,85484.0154623776,Salaried,678.3860537202747,81315.19514380977,24,0.0951,0,0,0,High
30.493795066013238,71367.18453149467,Salaried,652.690163990361,50657.38407261658,36,0.1335,0,1,1,High
37.400439803076196,12701.903859128135,Self-Employed,688.0067734127072,6678.7754948144375,72,0.1776,1,2,1,Very High
22.0,54088.627209060585,Salaried,697.9941685645979,53076.95159148,36,0.2231,1,2,1,Very High
49.521823952973364,23384.491426436784,Unemployed,574.8870236308575,2376.3916356566187,36,0.0602,0,2,1,Very High
29.19918652588811,16787.92580039,Unemployed,548.5472742445122,6760.457231397965,60,0.0653,0,1,1,Very High
39.611864899088886,60162.71098141517,Salaried,600.3032695039573,51822.21174289761,36,0.0861,0,0,1,Very High
41.88718229908775,55459.40762866652,Salaried,619.9269083738152,17165.05912982267,24,0.431,1,4,1,Very High
48.777363257873255,14118.024243224812,Self-Employed,697.6571406553612,4629.276909132396,48,0.1078,0,3,1,Very High
41.519275954522456,38476.68578979833,Self-Employed,637.4407254868019,29265.892466286143,72,0.1386,0,1,1,Very High
35.234328556431755,72634.24682456517,Salaried,692.705828972308,29239.771697353146,48,0.3403,0,3,1,Very High
39.76039148220536,64989.9056402843,Salaried,603.058398760239,44735.96756948712,36,0.1688,1,1,1,Very High
41.97613072147185,45268.173661609304,Salaried,660.946500822599,35501.13196835931,84,0.0784,0,0,1,Medium
45.702949467078305,46601.91309985619,Self-Employed,645.8654226238806,31121.51153552608,12,0.1293,0,1,1,Very High
47.29176755738176,78098.16524238054,Self-Employed,614.8168748581066,52306.03449888125,48,0.1295,0,1,1,Very High
69.0918598719949,57972.79602191331,Self-Employed,609.2493345537308,24059.655471075217,84,0.0415,1,0,1,Very High
22.08269204388402,35098.7833954559,Salaried,705.7266295546458,9481.23231161142,60,0.027,3,0,1,Very High
32.93562048692022,72098.39671890155,Self-Employed,635.1316235883863,36963.72423431686,72,0.0763,1,1,1,Very High
48.81645312561682,17704.339302325083,Unemployed,607.6903220695408,12654.058560487867,84,0.134,1,1,1,Very High
22.484159330697647,13621.024377708727,Student,595.1738616960951,5743.566143392718,60,0.3422,2,3,1,Very High
27.045936560686155,20780.232655092295,Unemployed,593.9921016279425,9618.726375436925,84,0.0463,0,0,1,Very High
20.095404416391307,33731.37947056051,Student,700.3793074310383,20656.308419999317,36,0.1237,0,1,1,Very High
56.80542190772843,64715.23647874073,Self-Employed,654.0407794493664,10605.19938864385,60,0.2039,0,3,1,Very High
24.676788645589586,16169.147345067437,Student,598.5839637081867,11992.954313482918,48,0.0992,1,1,1,Very High
38.697303907277565,56032.10683468606,Salaried,684.8562863055904,63419.69731601775,36,0.1382,0,1,0,High
44.31343642131641,59490.84945345405,Salaried,731.1735725886606,17222.270663563693,36,0.0914,1,1,1,High
45.47118874107987,59770.68927975158,Salaried,691.6958141974476,37929.48488244644,24,0.3635,1,3,1,Very High
36.04851480905556,57108.542962612126,Salaried,575.4358738729118,49191.630031922585,24,0.2111,1,2,1,Very High
47.244317040716446,76751.49128951314,Salaried,699.7012952696708,43912.024019708784,12,0.0822,1,1,1,High
21.153452435470474,25493.632778241183,Student,673.3118685706712,11031.790209097235,36,0.0433,0,0,1,Very High
34.824977781184735,4648.540346758331,Unemployed,590.2480064876954,4954.6603951950265,84,0.2941,0,3,1,Very High
20.230280964870992,15723.17276138605,Student,588.3106981243524,6841.9898904226375,36,0.2435,0,2,1,Very High
54.04833861452016,95013.79042024647,Salaried,634.8598034919117,1000.0,12,0.1261,1,5,1,Very High
46.790431045490195,36636.84822551806,Salaried,677.3855202677418,10949.216887691078,12,0.1549,0,2,1,Very High
43.618193016185536,55436.78699815148,Salaried,713.7388443620403,10022.336714281477,24,0.2056,0,3,1,High
48.7360519068272,88332.95721556008,Salaried,688.8068266133224,129516.03333528954,48,0.1466,0,0,0,Medium
18.0,8974.826103263464,Student,597.637177799065,6727.677450603624,12,0.075,0,0,1,Very High
50.165471274387926,14148.24970738947,Self-Employed,646.3441315971421,9603.399968078407,48,0.1304,0,1,1,Very High
33.508476337887906,21513.45572164497,Unemployed,632.1911654685338,3152.2616890985882,60,0.0397,1,1,1,Very High
34.48618919226113,72477.59626497807,Salaried,670.0535516924703,66788.06620142882,60,0.1546,0,1,1,Very High
29.992582248136163,4155.199765590296,Unemployed,596.0499756188289,1000.0,48,0.0866,0,1,1,Very High
22.01323030369676,28367.767653382645,Student,621.7269347502049,36416.84001130604,24,0.1909,1,1,1,Very High
29.898703452764376,27696.106014894383,Self-Employed,688.5712562890284,28385.74298085749,60,0.165,1,1,1,Very High
42.232411459533715,20575.081176018095,Unemployed,578.2310034544906,5201.862917159344,36,0.0253,0,0,1,Very High
20.152076967261273,18801.664298528576,Student,610.7995521100938,15697.45845950393,72,0.1585,0,3,1,Very High
21.52681922544222,13013.151547287927,Student,567.7539742616625,18991.3556760478,48,0.1459,0,0,1,Very High
46.45128150893531,40771.73654608868,Salaried,585.5837524446199,23740.73837928068,60,0.1332,0,3,1,Very High
38.33352919979555,92221.69946156816,Salaried,655.3082667597198,62127.01553253467,24,0.0674,0,0,0,Low
43.4723662108478,54332.24289446053,Salaried,661.5885557349934,31890.544621413635,24,0.0587,1,0,0,Medium
21.00375264804843,17621.770441045795,Unemployed,621.1235996604553,19245.264433446162,24,0.3592,0,4,1,Very High
20.19359567759968,9521.340427066829,Student,595.5382245991937,1000.0,24,0.073,0,1,1,Very High
31.71634322557025,60418.09069068069,Salaried,730.416452770904,71112.66582966242,36,0.1677,1,2,1,Very High
45.12449765002043,37551.26118848435,Salaried,665.1681680284528,5491.293968794973,48,0.0146,0,0,1,Low
31.167098757979257,86712.44730384,Salaried,668.1592479242958,28273.914656937857,60,0.0326,1,0,0,Medium
46.030081295005196,10821.237541658851,Unemployed,631.6835135387867,7792.542959535938,84,0.2595,1,3,1,Very High
41.974458684064764,64973.86762662891,Self-Employed,632.7108813604021,63996.961261144796,60,0.1485,1,2,1,Very High
20.386648042313336,17971.258946172322,Student,595.3518287869739,6614.824796586529,36,0.2368,0,2,1,Very High
21.14681638802125,14193.373612149173,Unemployed,599.5379450208854,16291.31726845567,36,0.1148,1,0,1,Very High
30.961801693011065,3000.0,Unemployed,614.8344972920506,2006.7130644255585,48,0.1294,0,1,1,Very High
29.9819289045914,59515.93908173817,Self-Employed,708.0034398909205,42782.02107158688,72,0.0719,0,0,1,High
33.815940429117546,21153.901195536248,Student,590.0101347189859,1000.0,60,0.0672,0,1,1,Very High
43.72417857727553,87455.80210571384,Salaried,624.9407732834958,33115.66371233925,12,0.0379,1,0,1,High
37.91699664649988,67592.7996927183,Salaried,626.3998197820016,39027.62132500337,72,0.1202,0,1,0,High
37.796163315886226,83197.06669290579,Salaried,653.7679969035455,45585.099084763664,12,0.0548,0,0,0,Medium
38.17166617947579,16549.424847420974,Unemployed,710.5913568085824,20056.266743256925,24,0.1212,1,0,1,Very High
18.0,13017.433307817402,Student,644.7339133591595,9618.885370005622,60,0.1989,0,2,1,Very High
26.620570451165534,67287.31005077173,Salaried,678.7625200816774,64293.89953191003,36,0.0956,1,0,1,Very High
24.363202638441003,87351.48393866312,Salaried,717.1289099592764,63151.03412686507,36,0.1973,1,2,1,Very High
50.016552067230364,84686.05310955123,Salaried,719.0687329086923,1000.0,60,0.0762,0,3,0,Low
28.150998476444492,7093.203764858856,Student,619.598608296421,2800.2630161936395,48,0.0395,0,0,1,Very High
65.43697670539844,109335.56068994792,Salaried,643.003967364844,81060.67187914153,72,0.0741,1,0,1,Very High
40.09844239375808,66898.99065601444,Self-Employed,631.9506850245708,50521.0118228162,36,0.0755,1,0,1,Very High
44.36257623577444,96712.88559474268,Salaried,687.9849039640491,143037.297349103,36,0.2104,0,1,0,High
37.266263208034616,22650.21290488635,Unemployed,628.7444302943466,17031.96845749383,36,0.0752,0,0,1,Very High
34.08022037204633,77517.55789781368,Salaried,550.4147977316536,46980.6593523876,48,0.1231,1,1,1,Very High
33.97248167915399,55543.77289382086,Salaried,691.0455537296066,25469.034200847287,24,0.0459,2,0,0,Medium
25.76167007280769,78866.39640531977,Salaried,640.71007380438,34998.804509293026,60,0.2444,0,2,0,Very High
40.34091995040639,65869.00048702916,Salaried,666.6647755889467,15600.87362598503,48,0.0862,0,1,0,Low
25.804144107488426,26942.675204397776,Student,606.1791770395087,16424.487918541818,60,0.061,1,0,1,Very High
37.04217145699446,49976.882625978906,Salaried,665.8154117985819,42526.4989944989,60,0.2851,2,2,1,Very High
49.00006334053286,69764.00049569178,Salaried,767.5394073904706,55494.032650365654,60,0.1045,0,1,0,Low
51.08345477375725,61695.67562472433,Self-Employed,668.3997901489058,31341.466520137103,24,0.0508,0,0,0,Medium
22.303585883040224,19066.22132266145,Student,605.6290119756859,3857.6848100183397,84,0.0202,0,0,1,Very High
40.109003030320736,68121.9691715351,Salaried,676.1173492693677,17604.193620011487,36,0.0508,0,1,0,Low
19.194927906991616,9634.53089896106,Student,623.6134318574186,9456.308710001886,72,0.0982,0,0,1,Very High
23.491541068184056,21357.569523400056,Student,577.8687464202425,16859.244398834584,36,0.0789,0,0,1,Very High
21.160656661369607,21321.213149956926,Unemployed,642.9197257562204,12379.533597500285,36,0.0831,0,1,1,Very High
20.740053158177655,19147.392811839753,Unemployed,636.489642147976,15210.76673172823,24,0.2044,1,2,1,Very High
50.86531038975684,15984.137025204043,Unemployed,606.530939813908,9722.317216569012,36,0.0608,2,0,1,Very High
25.166905193225755,6196.498947260017,Unemployed,632.9088300650619,7804.782007088447,24,0.126,0,0,1,Very High
44.618555108064136,61277.229886926274,Salaried,611.1963635863342,45562.87368616575,24,0.1994,1,2,1,Very High
48.34219999786418,72613.61042250248,Salaried,652.4013781547231,70599.94075363883,60,0.1472,1,2,0,High
60.10672875091369,68504.43394233641,Salaried,655.6570680764355,52900.599415750694,60,0.1397,0,1,0,Medium
18.0,19197.082535841346,Student,618.7711079209738,22413.05260435039,36,0.1418,0,1,1,Very High
34.22211438398555,31778.581235736452,Unemployed,568.4815959054113,31525.189054435872,24,0.0992,2,0,1,Very High
39.85890431615532,53941.49613905014,Salaried,681.7564360762557,19627.310062442582,48,0.0989,0,1,0,Low
37.92197547138945,56549.7686599089,Self-Employed,663.1844145472993,15315.645845655366,24,0.0896,1,1,0,Medium
41.49499048885095,59500.701337400285,Salaried,616.9271332310685,2504.8147376376673,60,0.0042,0,0,1,High
39.98740597362331,42108.01237632164,Self-Employed,659.1669333074315,31591.31972527184,48,0.075,1,0,1,Very High
39.49365652917264,55786.03140672791,Salaried,663.5188242085944,41469.204960632116,36,0.0993,4,1,1,Very High
51.410399995379386,58306.93668681529,Salaried,625.783361163785,41849.077666978264,24,0.1718,1,1,1,Very High
21.24798942117984,18490.290460270895,Student,689.8767682075356,21337.60321384707,60,0.1404,0,1,1,Very High
57.1897481328357,10988.447850621316,Unemployed,604.6924199733664,11157.828182060992,12,0.1015,0,0,1,Very High
36.054858637109895,99715.3892315916,Salaried,684.5752987224188,102820.47008393134,48,0.1781,1,3,1,Very High
56.705392826312234,40290.97598253905,Self-Employed,616.1841868933534,57769.94588164283,84,0.1434,1,0,1,Very High
46.727112615179514,66604.32079377928,Salaried,652.2007701264386,40698.1401916314,72,0.0611,0,0,0,Medium
49.02118155854262,66001.0874812026,Self-Employed,643.1660847039483,88038.63455819874,60,0.2584,0,2,1,Very High
26.115627023422764,15552.93701684395,Student,621.9098483858796,4184.5059234848,48,0.1269,0,1,1,Very High
26.31651204884514,33964.53058750932,Salaried,672.0401820877144,19468.244537688603,36,0.4573,0,4,1,Very High
43.684269429678054,86283.92856390824,Self-Employed,696.6754823360839,56771.09458017968,24,0.0658,0,0,0,High
22.695282240931434,20900.473732163755,Student,657.5118791776575,2112.0383143131235,84,0.2101,0,2,1,Very High
39.03828632904188,55685.29700411437,Salaried,669.7290449588237,48865.338532168375,12,0.1628,0,3,1,Very High
34.99492899404331,10000.0,Self-Employed,667.0715961306533,8222.656197538208,12,0.1322,1,2,1,Very High
24.044093351947577,12429.031899511681,Student,647.2130255341916,8076.525801647227,48,0.09,0,1,1,Very High
52.57197952550523,78795.64887369251,Self-Employed,706.3855822151954,81557.62431658675,24,0.1285,0,1,0,Medium
53.85553189384788,88230.36075013956,Salaried,696.7250218862597,16111.654323914961,72,0.0183,1,0,0,High
41.99402350842467,114798.67602452278,Self-Employed,678.3012867166213,48018.5225344676,60,0.1418,0,1,0,Low
41.69007335417481,55871.640484756696,Self-Employed,672.2264477470609,54472.03024482523,60,0.0975,1,0,1,Very High
20.0,15272.992030923106,Unemployed,650.3467776178852,9999.693473061365,48,0.1405,1,3,1,Very High
22.1887935592744,24253.94528675283,Student,566.8678963859251,28924.920800332133,60,0.1193,0,0,1,Very High
20.483667959307475,18929.247751590265,Student,609.3446832108535,17990.25397054646,48,0.095,4,0,1,Very High
41.65742151422794,10000.0,Self-Employed,647.1759412922014,4289.671708638145,24,0.0429,0,0,1,Very High
47.96900773519761,59644.89164393356,Salaried,601.7289539194928,37812.898587623036,12,0.2509,0,3,1,Very High
54.970320106998386,38585.90330225052,Self-Employed,717.7272508230396,6488.220260502025,48,0.0418,0,1,0,Medium
38.97133024977708,14692.604850125565,Unemployed,665.7979697039405,9026.664207137235,36,0.0614,0,0,1,Very High
30.488287008250754,90883.20647834305,Salaried,695.9858016992766,105063.50624227012,72,0.4156,0,3,0,Very High
21.572650726217816,16405.352857965383,Student,602.581070425481,12961.44214119611,48,0.279,0,2,1,Very High
55.91235717541715,64298.35853794902,Self-Employed,641.4251890628922,56627.637624930256,60,0.0881,0,0,1,Very High
32.46722869106236,48416.67874867255,Self-Employed,676.7781414801937,28875.138610144975,48,0.7596,0,7,1,Very High
33.32612165007102,59926.19780231721,Salaried,654.5747211065826,53423.30975739811,48,0.2141,0,2,1,Very High
44.37525835648949,58765.821671426944,Salaried,729.96622041411,37520.63508099667,36,0.1263,0,1,0,Low
37.55324940227485,67023.71471530183,Self-Employed,712.9281976765776,68830.19494416568,60,0.1027,2,0,0,Very High
34.5708271182778,100727.68885227999,Salaried,625.1117703156948,41173.6602081702,36,0.1659,0,2,1,Very High
22.2062194149059,18566.65108687914,Student,626.7485472370821,8636.343919832243,72,0.109,0,1,1,Very High
43.354577010812825,88490.06237041025,Salaried,675.7207471186961,4058.950077150963,48,0.1921,1,3,0,Very High
18.111632048961,16333.929335137738,Student,648.7077246789968,25243.92273853354,24,0.2295,1,3,1,Very High
45.608471473060256,64257.61332654193,Salaried,729.3632189268775,36723.31736791481,24,0.2572,3,2,1,Very High
24.828500715809213,16447.77488439295,Student,630.7888661088056,9217.525023211774,36,0.1185,0,1,1,Very High
19.75745406011929,18440.00586581524,Student,543.994518124376,1000.0,24,0.2054,2,2,1,Very High
38.49668775461623,81550.06910454431,Self-Employed,619.2695568704012,46321.25644603877,72,0.0568,2,0,1,Very High
37.518951326113545,16289.186437133805,Unemployed,630.4277232263992,3564.3480591836237,60,0.0719,0,2,1,Very High
30.569289133959064,60446.75735104079,Salaried,632.0459614396494,61168.26226871171,24,0.2887,1,3,1,Very High
20.0,32813.36740926468,Unemployed,617.2395261335936,15833.799545184465,48,0.0733,0,1,1,Very High
42.76232194847578,56781.2860447403,Self-Employed,618.528072201786,50300.67293665331,36,0.1511,1,1,1,Very High
40.92165547515748,105091.72902858783,Salaried,632.343377933125,126170.26872698995,24,0.1201,1,0,1,Very High
31.113124788162704,3640.2209754593478,Unemployed,585.796068642138,3100.920894449982,48,0.2852,1,2,1,Very High
18.0,10280.328306312163,Student,624.9684883501992,5692.973538297178,48,0.1304,0,3,1,Very High
24.234602843704184,12729.057835303565,Student,614.6185043163761,4735.277405703231,48,0.1372,2,1,1,Very High
34.884836754744725,107146.35799564034,Salaried,612.4267194145777,46019.20055849973,60,0.0679,1,1,0,Very High
55.77153484153074,92345.07722709986,Salaried,687.7626883361453,33407.12073204281,60,0.1362,1,1,0,Low
55.51390179310238,36776.55708037026,Self-Employed,722.5113995341133,20886.552976098814,36,0.0818,1,1,1,Very High
38.53094450031857,19025.52830882754,Unemployed,672.8896518291763,8783.675622900268,60,0.1087,0,1,1,Very High
27.88153076010775,12638.231253808437,Student,585.1365385311886,10620.372773494671,24,0.184,1,1,1,Very High
27.52766198397974,76185.683052039,Salaried,655.7144704024789,28164.565252833378,24,0.087,1,2,0,Medium
31.056942268607607,21039.38199717218,Unemployed,585.098528902128,11146.956509021562,36,0.1155,1,1,1,Very High
32.97953209971795,4646.511274374574,Unemployed,612.7237626575242,2958.6219124337977,84,0.3637,1,3,1,Very High
25.91584627489587,12949.464022272932,Student,684.8815278047406,6223.354593374308,36,0.1231,0,3,1,Very High
45.45843906812154,47613.03752011391,Salaried,628.0993500335128,14695.61382313059,48,0.0934,0,1,0,High
36.13172597888176,15986.254000532128,Self-Employed,638.468875345298,8626.307009784216,36,0.079,0,1,1,Very High
31.15790267199168,44327.286689621775,Salaried,673.6186017281644,19654.386965083642,48,0.4443,0,4,1,Very High
50.97883741735344,53693.484282204874,Salaried,679.8976520208633,11743.292249683911,36,0.0219,0,0,0,Low
28.35845626595462,48740.51950719638,Salaried,664.3501711183405,31876.085593838292,12,0.0904,0,1,0,Medium
49.85208580364035,62494.02362888483,Salaried,619.1791566992353,71316.82850929568,60,0.3141,0,2,1,Very High
42.95593950755039,92541.63988766089,Self-Employed,682.8268814396064,10190.127875557118,36,0.011,0,0,0,Low
37.33192374085509,26754.746414222736,Unemployed,594.2463557877912,24520.561421678834,36,0.0916,0,0,1,Very High
51.192482360678156,52127.716302901215,Self-Employed,616.5968485554786,32783.4075337127,24,0.3129,1,4,1,Very High
39.851880279032045,28222.917495365316,Unemployed,591.6109025574513,27731.259453112536,48,0.3483,1,4,1,Very High
24.44229693472615,12124.499098277189,Unemployed,615.4958956834478,4889.531240929093,72,0.1653,0,2,1,Very High
32.022141934832945,22802.14711204164,Unemployed,632.1019022022718,16809.605434121433,36,0.0987,0,1,1,Very High
25.64680738532485,5523.403744116293,Student,607.5101541156109,2704.3723039277156,24,0.049,0,0,1,Very High
36.324132991538235,40764.323856474744,Self-Employed,666.1465495668539,28750.048793412923,84,0.0705,1,0,1,Very High
53.36440780046459,12399.53987284876,Unemployed,610.721518323715,19249.861355443812,36,0.1802,0,1,1,Very High
45.03851795165864,3000.0,Unemployed,598.4583026751728,2181.5141304175477,36,0.0727,0,0,1,Very High
20.862707675525467,21434.655417491023,Student,625.9637045292603,8013.442353870783,36,0.0999,0,1,1,Very High
61.98477062721345,84706.89045520835,Self-Employed,634.7923810201158,15889.431752812423,24,0.0688,1,2,1,Very High
59.33702347834721,79224.67894091387,Self-Employed,656.8425321286818,86332.33916593951,48,0.109,0,0,1,Very High
43.89034218002638,25422.903101071137,Unemployed,620.7793473358155,15603.073322840473,48,0.1864,1,2,1,Very High
36.56601804740768,53563.533195511314,Salaried,649.093821783826,23596.25176631857,72,0.1441,0,4,1,Very High
49.94963729675953,67769.41191598977,Salaried,699.2330909204376,30968.10983342573,48,0.2332,2,3,1,Very High
36.34931935892003,15216.420946228893,Unemployed,612.2215009323153,2766.2143408772154,24,0.2182,2,2,1,Very High
37.03555435552196,58781.18579252219,Salaried,674.8192951590796,75086.39642745304,72,0.1277,0,0,0,High
37.93730879939553,118780.812058387,Salaried,628.0640261539938,36919.26509289812,36,0.0811,1,2,1,Very High
41.23041185869203,39070.409230590536,Salaried,560.0264036398592,60716.924173200896,84,0.1804,1,1,1,Very High
35.653170175588194,25264.660943202034,Self-Employed,711.6001662816838,17829.574617702885,84,0.0706,0,0,1,High
36.2046234343484,64156.36319360562,Salaried,649.3914289582245,57099.52859071884,72,0.089,1,0,1,Very High
55.8359254250437,46930.349255523186,Salaried,627.2744793037211,24913.73911825237,24,0.1531,1,4,1,Very High
26.507734935506146,13294.519241732476,Unemployed,662.9596311719955,16179.960145106643,24,0.2467,0,2,1,Very High
21.928979047469173,25226.479189556503,Student,623.2715260371707,6159.8031035362765,36,0.0244,0,0,1,Very High
24.82098979842983,78509.48923817449,Self-Employed,644.4102070088813,49597.516856987844,84,0.0882,0,1,1,High
41.23524079014297,57589.20224833078,Salaried,600.7689033888832,66027.96566848588,48,0.1772,0,1,1,Very High
46.45443899585374,66787.95986262697,Salaried,674.8472841416948,1000.0,60,0.064,4,1,1,Very High
30.39521689169679,83538.53246286421,Salaried,739.3794751876044,39909.40320156349,12,0.0478,0,0,0,Low
34.165499184449075,81702.48175288203,Salaried,692.4831575322913,43900.767696984396,36,0.0537,1,0,1,Medium
32.92405601169003,12620.125293722487,Unemployed,655.8133638134078,14147.053952593611,12,0.1371,0,1,1,Very High
22.60189625265185,16025.803748788694,Student,587.900587508286,22654.939541703705,48,0.1914,1,2,1,Very High
24.771464337002726,39402.22920195272,Salaried,645.1530812784315,40009.3008418451,72,0.3015,1,2,1,Very High
27.00250212762156,73614.46204074247,Salaried,635.5385810720552,83539.416565898,48,0.1385,0,1,1,Very High
32.24527655107778,52470.71018431947,Salaried,653.7051564036062,36488.17757652469,60,0.0695,1,0,1,High
52.20333644892528,56717.440747609144,Salaried,647.4195062573813,50313.047849503724,12,0.2137,0,2,1,Very High
42.57076607433561,58370.35128623148,Salaried,644.0265519375133,38654.194162467626,84,0.0662,1,0,1,Very High
23.798741436388315,13581.19760816442,Unemployed,642.5218768541332,18966.573707345175,48,0.3897,0,4,1,Very High
24.08730299185965,15940.875119070282,Student,671.4253808811957,9153.418766784805,36,0.0824,1,1,1,Very High
36.37542260592163,6047.948045368337,Unemployed,557.4611701182381,5499.577219208908,48,0.2909,0,2,1,Very High
35.05447315913434,75431.70611478048,Salaried,677.8571387124122,33880.196544833554,48,0.0949,0,2,0,Medium
18.986601379226677,20143.15120463621,Student,610.9682128026792,12865.648169828297,84,0.0639,0,0,1,Very High
24.940770476510753,5000.0,Student,585.2066205095017,6739.413026969856,48,0.1348,0,0,1,Very High
23.57143970939364,17675.413017299525,Student,645.9185719356806,20875.96352849078,72,0.1431,1,1,1,Very High
48.96830921742303,85877.9388761006,Salaried,616.2562096298093,59215.7770062831,12,0.1315,1,1,1,Very High
31.30079371749292,63049.52163487763,Salaried,658.397332957227,53447.007465027185,36,0.1098,2,1,0,Very High
27.120420033256327,7165.3600301605875,Student,649.9880820908618,1000.0,48,0.039,0,1,1,Very High
35.10418240448007,70139.30649316331,Self-Employed,684.5640317697685,22425.652520573836,36,0.032,0,0,0,Low
37.91473365930769,22036.581537974143,Self-Employed,576.4182602678715,24765.880898234944,48,0.2124,3,1,1,Very High
37.969447085032186,76798.38598476555,Salaried,684.2847179079373,25728.987774887326,36,0.0335,1,0,0,Medium
47.578873224315515,65923.64532152051,Salaried,693.9077692439629,39775.01007379471,48,0.3103,0,4,1,Very High
21.145767135695124,18773.226934957398,Student,580.7809264148726,12738.445404089558,60,0.3179,0,4,1,Very High
37.217271015557344,50994.73636510787,Self-Employed,656.988038906056,45848.669740756275,36,0.1649,0,3,1,Very High
22.387808343979408,19855.127176070608,Student,631.9173969944106,1000.0,60,0.005,2,0,1,Very High
39.91436333064875,78321.36380622114,Salaried,697.5371839299664,50149.493303320545,60,0.2515,2,3,1,Very High
61.09377020155017,6875.553688870712,Unemployed,653.0162802594208,7614.030149468892,84,0.1857,0,3,1,Very High
44.762600266808676,89927.29418952398,Salaried,660.2707304581965,75227.89633976847,36,0.1837,2,1,1,Very High
38.72348273860736,83157.58729991663,Salaried,663.3987331172701,72248.53315896705,12,0.3369,1,4,1,Very High
52.8673792480649,73373.67181833867,Self-Employed,702.0139877640858,51984.73618976401,48,0.2708,1,2,1,Very High
22.605939810737244,29018.16888021527,Student,628.2001602011525,28545.518250385663,84,0.1234,1,1,1,Very High
19.34848805312469,19814.288368873084,Student,667.3240891107146,9973.59593264881,72,0.0753,1,1,1,Very High
28.967524048108196,71828.94194849338,Salaried,728.865454319472,78987.64732686515,48,0.16,1,2,1,Very High
52.427603159324136,50247.63000159899,Salaried,720.8711461362414,1000.0,60,0.127,0,2,1,High
36.0598868455354,46924.55701857009,Salaried,639.3368850900857,16587.474252824974,84,0.2353,0,2,1,Very High
43.15818362884581,115283.37837146781,Salaried,670.3680171215063,76908.75212239308,12,0.0917,1,1,0,High
21.846257497583018,15966.870727107062,Student,548.7796109735299,12643.785214949512,48,0.0792,0,0,1,Very High
32.892036801533315,38356.51072246034,Unemployed,589.3773394762454,21173.86138007429,72,0.0552,0,0,1,Very High
41.73455826884036,37804.99620997393,Salaried,691.1104846806777,15830.415046911916,12,0.0419,0,0,0,Medium
35.01229407644319,46480.07855289098,Salaried,626.3562580252313,31527.087372344937,72,0.0678,1,0,1,Very High
21.18056571816139,16020.446159191943,Student,638.9739565795256,13050.412511761999,24,0.144,0,1,1,Very High
27.320123783185927,80653.2175436042,Salaried,698.8354969407205,52950.61976319401,48,0.0657,0,0,1,Medium
64.1124644007475,53641.15429625375,Salaried,667.1322368669178,20574.747823285954,60,0.0634,1,1,0,Medium
19.327595328272327,23380.866953551173,Student,569.5547544452776,1000.0,24,0.0668,0,1,1,Very High
30.097079700334938,75942.23911164381,Salaried,633.6998736059564,65853.06800896043,60,0.2742,2,3,0,Very High
23.826762801918985,26756.674526539085,Student,631.436926973227,23211.830915888168,24,0.0868,0,0,1,Very High
30.838092228064347,53619.704682201926,Self-Employed,679.7893045355967,20199.472458175987,36,0.1002,1,1,1,High
41.78494528545687,75129.06552950919,Self-Employed,702.7638275500863,52625.230509111905,84,0.07,0,0,1,Very High
41.413039672563826,14394.859412101843,Unemployed,643.7295602332315,1650.9500583912277,36,0.1115,2,1,1,Very High
30.003118256335007,97717.34220615456,Salaried,681.9150568655789,46496.89301491063,48,0.0476,1,0,0,Low
25.068793938770664,73763.46018455201,Salaried,624.8049307059645,38029.707749369365,36,0.1516,0,1,1,Very High
33.64539171481593,128628.78840009739,Salaried,611.5013464158465,101696.86988464954,72,0.0791,1,0,1,Very High
55.37212264530585,37035.14382467983,Salaried,643.4952521798239,25490.06709916122,60,0.1188,1,2,1,Very High
27.899418501076596,7978.473479441818,Student,659.7549679672924,8960.411262884574,36,0.2373,0,2,1,Very High
48.69088085189357,62180.07021934632,Self-Employed,664.8679583240906,40413.90860036281,12,0.065,0,0,0,Low
38.18278946122197,25222.66274136417,Salaried,650.8990003928614,23464.599288460984,12,0.293,1,2,1,Very High
40.20380607842991,90253.05971195501,Salaried,695.9019620637421,116481.00730954723,24,0.1916,1,1,1,High
36.427775428859874,67274.96306972287,Salaried,685.4747840715978,73944.51687215996,60,0.1724,0,1,1,High
48.4885351694949,30734.67259500343,Unemployed,663.5568025451975,32854.55688506722,48,0.2069,1,4,0,Very High
42.77702963146513,79463.11707944986,Salaried,738.0549766276639,12451.392992015673,24,0.0407,2,1,0,Very High
20.38221972144798,25803.387685430556,Student,639.0107721996166,9276.329064018588,24,0.111,0,3,1,Very High
49.473667656729106,60854.96219170812,Salaried,673.97837961113,52487.8127857098,36,0.1113,0,1,0,Medium
22.931776704438064,18416.747609880997,Student,640.425977062639,12366.20796796155,24,0.0921,0,1,1,Very High
50.983825394004526,74010.95934006327,Salaried,662.8936144998397,34224.63170969842,60,0.1087,1,1,0,Medium
29.880614239463185,12767.511690693256,Unemployed,607.6497723717979,15052.051602072857,24,0.1804,0,1,1,Very High
20.9703976943983,15551.04761232037,Student,598.0994524776733,6365.527792021501,48,0.1034,0,1,1,Very High
48.89776361597986,59137.798014632266,Salaried,636.0249693472026,42859.51823074181,60,0.0725,0,0,1,Very High
55.6792350634002,36157.766368863755,Self-Employed,626.3675081139779,1000.0,84,0.0653,0,1,1,Very High
42.403423621055545,28736.78698164859,Salaried,724.24113300723,4669.488040623535,72,0.0662,0,2,1,High
56.17138060759582,65873.50830836347,Salaried,647.3400903049654,53882.10200639573,48,0.1443,1,1,1,Very High
39.00308053217959,44750.12938042309,Self-Employed,634.5131939870513,48949.17871404274,36,0.4094,2,3,1,Very High
33.46392244398102,73099.47615195118,Salaried,622.6886716939603,46575.10912221238,48,0.0637,0,0,1,High
43.17847654442557,95970.50343658096,Salaried,632.6997154578662,121191.90975780926,48,0.1888,2,1,1,Very High
29.507071102131178,72964.80177101004,Salaried,671.2180189532717,53738.084910828875,24,0.2611,0,3,1,Very High
43.73550543245324,104665.88373988059,Self-Employed,683.8702296019494,6082.569498733374,72,0.1308,1,2,0,High
24.414038908539858,21274.816459407048,Student,617.0890817882079,4105.810422642035,24,0.2693,0,4,1,Very High
49.72382168753202,56059.26329183926,Salaried,674.9263320791272,25765.90883678657,24,0.046,1,0,0,Medium
38.869791415601526,16893.397702771395,Unemployed,582.3351317976756,7035.985180214685,24,0.0666,0,1,1,Very High
54.40787611309383,69000.1061643651,Salaried,556.9581836653765,42330.665041373824,24,0.0613,0,0,0,High
64.73438458395592,114736.6393760583,Self-Employed,690.552017913395,99299.85392273054,24,0.1365,0,2,0,Medium
22.0,53363.3185262881,Salaried,618.8504382727095,55466.01111011905,48,0.2914,0,3,1,Very High
23.184209686570163,23337.340192075826,Student,613.9498622155702,18314.381145190877,60,0.0785,0,0,1,Very High
18.0,12674.356416517945,Student,626.2382110264164,8670.66879182944,60,0.3184,0,4,1,Very High
42.85316212845929,76497.21236735376,Salaried,643.0332505582676,44133.41712308467,60,0.2452,0,3,1,Very High
27.72493195518121,17014.545828591617,Student,607.9637424422214,4637.234224722006,12,0.0523,0,1,1,Very High
56.17710035434132,92867.31295402294,Self-Employed,662.537725640437,11214.668296109847,12,0.2121,0,2,1,High
38.85173494491051,66043.76819171906,Salaried,634.1028925091616,33581.30159556887,24,0.1133,1,1,0,High
51.258730800683445,91132.09899601791,Salaried,654.9746565563662,57512.39229198041,48,0.1881,2,2,0,Very High
23.125500424626427,10356.28594596657,Student,640.2251072908948,9093.777317238879,60,0.1628,0,3,1,Very High
19.693463935128076,21142.012199967503,Student,646.7504257033797,1000.0,60,0.0047,3,0,1,Very High
22.582355835457307,27270.406885072094,Student,610.3868704514709,4006.58571243597,24,0.0147,0,0,1,Very High
47.00151948680722,74633.5012455144,Salaried,645.0813712255733,37407.088166434725,36,0.0751,0,1,0,Medium
25.070191173193574,26302.51718409131,Student,660.8733654206882,18191.94599686036,72,0.1692,1,1,1,Very High
50.517717710584805,68804.31997240729,Salaried,578.9205583800899,25545.995448619036,48,0.0371,1,0,1,Very High
43.934708991341004,78353.44248713872,Salaried,671.3018540832093,31147.15453417355,24,0.0398,1,0,1,Low
29.788265480565418,12524.82981031009,Unemployed,636.6115425243827,13156.004636545296,84,0.2925,0,3,1,Very High
46.69776670516177,87743.82050053804,Salaried,693.5157189672552,59760.754793193126,72,0.3681,0,3,1,Very High
37.574679255396184,80555.4967325006,Salaried,631.349380996986,31094.31890687222,24,0.1636,1,2,1,Very High
52.68356075590624,29697.76647456395,Self-Employed,612.5347508183482,17842.506160382804,24,0.1226,0,1,1,High
46.586948441959926,99708.75764976653,Salaried,625.3174625497875,58322.50391068897,60,0.0585,0,0,0,High
43.39139924577689,28037.44520436661,Unemployed,636.039896961754,22935.71647537444,48,0.3318,0,4,1,Very High
44.289721259073744,74157.37310564212,Salaried,649.35135684334,56355.474500577315,24,0.1385,0,1,1,Very High
58.657221075694665,93921.28605849868,Self-Employed,641.8348339181935,72459.14362480452,84,0.0771,1,0,1,Very High
39.84619619287826,70188.22223252575,Salaried,656.1531320925411,36320.3695409182,24,0.0517,1,0,1,Very High
31.728905492303006,104509.40198035316,Salaried,620.002336807276,67936.53792485144,60,0.065,0,0,0,High
54.55047211720255,15344.900953687087,Self-Employed,652.3108164932642,12414.502504584543,72,0.2059,0,2,1,Very High
39.97526718386162,73526.93539942981,Salaried,677.3413988626432,62345.39636444759,24,0.3848,0,3,1,Very High
55.78781097338863,86154.46558965123,Salaried,657.2877259144101,61828.81641446204,36,0.0718,0,0,0,High
32.8566968697581,15581.81147863052,Unemployed,625.4376620391926,11367.350753831985,48,0.2605,0,3,1,Very High
38.23373843276668,3000.0,Unemployed,638.5905299620556,1000.0,60,0.0958,2,1,1,Very High
39.878919599454946,87059.76020823253,Salaried,712.5415656920943,40514.37167999688,60,0.109,0,1,0,Low
48.65809863601417,18449.803718612406,Unemployed,647.9240566981408,13239.448030372223,48,0.1343,0,1,1,Very High
50.30840303250864,52076.232709413445,Salaried,598.1004506859048,13717.810545939072,72,0.0513,1,1,1,Very High
29.677187078090807,63378.38167462579,Salaried,686.2156272076613,33107.50502897229,36,0.1272,0,3,1,High
20.78779659903647,19618.847957571263,Student,681.0452984843997,14250.277583368588,36,0.2726,0,2,1,Very High
51.212563958299334,48490.82227238695,Salaried,659.9711429676313,22334.04197357883,24,0.0461,0,0,0,Low
56.19151025548735,66973.38168254259,Self-Employed,684.7711894059738,22639.52817984781,72,0.0588,1,1,1,High
43.22240468447161,16862.635080481417,Unemployed,618.3931147002335,7516.770613516639,60,0.1946,0,6,1,Very High
45.55448021090676,82463.13822464555,Salaried,678.2210069928271,17218.906195433374,12,0.1459,0,2,0,Medium
53.22203489025769,62176.90357498602,Self-Employed,660.2557518639019,61318.200319257,60,0.1611,0,1,1,Very High
34.87869463800143,11964.249283973377,Unemployed,633.0709886472928,5807.062059734295,60,0.0485,1,0,1,Very High
54.091485074756974,68970.95110900978,Salaried,653.6006831619915,3254.3850515661507,84,0.0047,2,0,0,Very High
39.08543667283312,87732.31212533696,Salaried,684.0080175154778,1000.0,36,0.0511,0,2,1,High
43.07765036854941,71684.45174279892,Salaried,714.736521628087,10327.787773108488,60,0.1394,0,2,0,Medium
37.877152522552,3000.0,Unemployed,599.795641772555,3408.7502380330698,48,0.1136,0,0,1,Very High
26.68447715614421,5000.0,Student,592.757097618958,1674.5452835923331,60,0.096,1,1,1,Very High
23.0,98871.22239396235,Self-Employed,653.2443454390667,68602.01990189534,24,0.1944,1,2,1,Very High
40.68927144214416,16646.718463651865,Unemployed,653.9346467101368,1000.0,36,0.031,1,1,1,Very High
51.65286116320679,4212.48902449024,Unemployed,591.9098151081262,2313.3985960920336,24,0.1799,0,2,1,Very High
30.508519743644925,18000.870765416992,Unemployed,567.6312569888767,13408.639654716535,48,0.0745,0,0,1,Very High
19.06184663520883,9907.95046483165,Student,661.323153309713,13155.186087860386,36,0.1828,0,2,1,Very High
28.85516496493984,97794.00218506964,Self-Employed,681.3620456380881,85004.949802454,24,0.1619,1,3,1,Very High
22.910427255644635,26677.05893918143,Salaried,624.1108462867811,11665.269041757012,24,0.1062,1,1,1,Very High
51.670285889000766,52336.06272476836,Salaried,696.4121512046843,69213.12622060644,84,0.1322,1,0,1,Very High
40.09188357906479,60810.21344075444,Salaried,609.3513299120024,48706.424399514886,72,0.0801,0,0,1,High
44.315795930883574,31845.248632220166,Salaried,620.2814546992385,28428.149005160194,72,0.1643,2,3,1,Very High
31.525229111802677,38767.06001906519,Salaried,618.5014753239667,11984.303083767103,84,0.2184,0,3,1,Very High
41.70441135765548,58165.71251463458,Salaried,637.4843884802212,33864.202224184155,36,0.1582,0,1,1,Very High
21.851035741700926,32906.12309641217,Student,593.206110878319,31605.705337835185,72,0.096,0,0,1,Very High
24.49607017984689,86686.7401383889,Salaried,600.2985755446991,23180.513447968173,24,0.3267,0,3,1,Very High
22.186175983253182,17987.723191867564,Student,584.5511801271355,13410.34006355834,84,0.0996,1,1,1,Very High
52.15173436969971,93519.09413564556,Salaried,695.9676503028675,92326.4514812563,72,0.1487,1,2,0,High
43.9736912000472,37917.221105036755,Self-Employed,630.2687543401071,37954.48061996309,84,0.1626,2,1,1,Very High
21.19262600866359,21798.07540952703,Student,584.5013490315789,16507.77533492403,60,0.0757,0,0,1,Very High
18.53626456563451,35201.75371538183,Student,610.5516510952675,19936.04804593404,48,0.4566,2,4,1,Very High
43.84350599744975,63350.2236196944,Salaried,654.8806859561491,1000.0,60,0.0016,0,0,0,Low
43.16388947410637,88737.45842521524,Salaried,646.1244925076367,49089.36200996196,36,0.1178,0,1,1,High
33.9997377014254,12522.351796954626,Unemployed,687.5542949234494,14841.920689849809,24,0.1435,2,1,1,Very High
32.70489307030347,55675.33023887268,Salaried,651.0686474940051,37558.349135203534,60,0.1425,2,3,1,Very High
38.98367706661573,58594.299174286905,Self-Employed,633.3275203512615,47512.35792050283,60,0.0811,0,0,1,Very High
50.16115523514145,57508.75553512085,Self-Employed,631.2619192876751,81332.87940809118,48,0.1414,0,0,1,Very High
25.187591648940575,26029.74314519462,Unemployed,553.1866064308537,29348.337850666605,36,0.2377,2,2,1,Very High
43.8553699043926,87384.5301042356,Self-Employed,677.3198572723057,11330.907737270856,72,0.013,0,0,0,Low
44.5004460790462,28366.421205498293,Salaried,662.3215770048757,29897.807993260605,24,0.1054,2,0,1,Very High
29.44058309175052,9980.667972811127,Unemployed,616.8030037391082,9539.230529738194,24,0.2831,0,3,1,Very High
21.50467186336076,41850.783847370796,Student,619.1011357982142,30921.91606614412,48,0.2614,1,3,1,Very High
21.615231717258254,9133.406758234414,Student,637.6291700369693,6356.822060607839,12,0.3696,0,3,1,Very High
54.07161314571651,104687.81535070692,Salaried,651.1376741884307,90263.72835321534,72,0.0862,0,0,1,Low
18.0,25647.41469990089,Student,631.6967301213973,26970.106819784796,72,0.2927,2,3,1,Very High
57.17153644012193,81957.46578994684,Salaried,643.0356433665168,61515.96494183933,60,0.1751,0,1,1,Very High
27.215955167407635,26595.992228634437,Student,578.887461143562,17214.000241005153,36,0.1272,1,1,1,Very High
29.27894539753838,5000.0,Student,633.4043345281508,2484.3307926121925,48,0.1497,3,1,1,Very High
39.8393430832675,42009.775347858915,Salaried,672.6534104161561,41737.28210585202,24,0.0994,2,0,1,Very High
51.71071678847881,46219.58695002996,Self-Employed,724.4020765867359,35427.278073841626,24,0.0766,1,0,0,High
62.05317187357946,49209.99145893487,Salaried,701.9865527366937,11191.570289252653,36,0.0227,1,0,0,Medium
20.0,22207.65040327243,Unemployed,691.4486406116764,20958.203325801955,72,0.0944,0,0,1,Very High
20.822358624765716,5000.0,Student,599.3827111704579,1000.0,48,0.12,0,4,1,Very High
38.21603045688096,64449.278224070236,Salaried,593.92129386431,12260.682579852692,12,0.069,2,2,1,Very High
41.383096917765094,60199.139073891674,Salaried,652.6153698451619,54168.24490718788,36,0.19,0,1,1,Very High
20.262833976957346,11796.458941469939,Student,613.3600456368437,1000.0,12,0.0085,0,0,1,Very High
50.61876146529765,13079.459560757232,Unemployed,638.4807268302056,6153.014288847262,72,0.247,1,2,1,Very High
23.67553858349091,27466.83388813353,Student,641.2077037135031,11991.783213548244,24,0.1062,0,1,1,Very High
58.15529608278433,83383.18498035075,Self-Employed,669.341917871203,111250.81520366689,36,0.1334,1,0,1,Very High
34.90121766713074,33037.370175029355,Self-Employed,645.3814733173883,27009.68972429828,60,0.1443,0,1,1,Very High
20.0,13210.0805369967,Unemployed,676.5263911033263,6329.581780325854,24,0.0729,0,1,1,Very High
22.229984191024734,62972.51585108402,Salaried,681.5921228436868,63075.31201150725,60,0.1627,0,1,1,Very High
35.4208523876834,79894.58142880801,Self-Employed,673.3203387533072,92483.47049961881,24,0.1658,0,2,1,Very High
54.96864497702153,44588.19448542609,Self-Employed,641.7732117133545,22904.802193646934,24,0.1014,0,2,1,High
35.636310614564415,69926.28525155288,Salaried,746.7573906430746,20993.085625442236,36,0.0925,2,1,1,Medium
51.9025389837081,78238.95178861033,Salaried,659.3061346458893,77588.92973377634,84,0.3492,1,4,1,Very High
55.74785747672053,73463.03539133597,Salaried,636.1672244492827,34924.73987651104,24,0.0475,1,0,1,High
18.914579065206883,24241.393562002897,Student,637.1748865787491,18923.91529544127,36,0.2656,0,3,1,Very High
46.01551544494241,65675.67345942352,Self-Employed,729.6358936281074,52371.02335362731,60,0.3797,1,3,1,Very High
54.87511874153486,85894.28494353175,Self-Employed,609.5813462419972,49611.56422408111,60,0.1078,0,2,1,Very High
39.31490057529768,25875.84020225134,Salaried,665.2329025804147,10227.663185959995,72,0.0395,1,0,0,High
23.535836766579497,14231.631116040866,Student,650.8828401104371,4463.778628728606,36,0.0314,0,0,1,Very High
27.21271227155268,5000.0,Student,586.865440692963,2122.023149939024,12,0.0924,2,2,1,Very High
25.297429602628164,24289.415811542076,Student,670.0176432857054,20837.44236098409,36,0.3358,1,4,1,Very High
44.39525674094829,52953.49110791964,Salaried,626.2856418270377,34584.22188905101,72,0.1278,0,1,1,Very High
37.61875187458851,77703.43352368497,Self-Employed,659.6471365681368,74223.13001342304,72,0.0955,0,0,1,High
30.936206704084604,45576.35561827512,Self-Employed,646.4021881113367,71431.4332046363,24,0.4567,0,3,1,Very High
30.384912109633433,49710.92358573898,Salaried,649.9536122031508,35110.35978621557,60,0.0706,1,0,1,Very High
48.460592811613225,82336.14244219888,Salaried,634.0872614355557,35463.07072649194,60,0.0431,0,0,0,High
19.985889678570487,9741.898635377305,Student,568.7925052528677,5080.957765186849,36,0.0522,2,0,1,Very High
22.537134486659912,9455.86393361188,Student,610.6772635582233,8138.83337564312,84,0.1111,0,1,1,Very High
47.218448186881304,19636.67890693006,Unemployed,614.140603486573,14975.219878876209,36,0.2013,0,2,1,Very High
33.735082616071125,22448.410812756243,Unemployed,606.880845566032,12022.098218868676,36,0.0536,0,0,1,Very High
29.221286153489956,32064.46535423915,Self-Employed,620.338096936655,10521.651560461032,60,0.1578,0,2,1,Very High
23.908651193549865,30800.378250556867,Student,634.4760263710765,35183.81192208113,36,0.1142,0,0,1,Very High
44.891510012985194,60724.06276300088,Salaried,588.328927798879,25540.42708946865,24,0.0421,0,0,1,Very High
53.1114103211266,64267.22791342185,Self-Employed,695.7997913710767,1052.6819582112694,48,0.1266,1,2,1,Very High
45.38738585419128,55629.16505709153,Salaried,612.8717303985974,47533.56176586215,36,0.0854,0,0,0,Very High
26.059517031173645,19433.64963071968,Student,661.2397615088705,21878.340451419674,24,0.3001,0,3,1,Very High
49.07824456252868,10233.948016211692,Unemployed,611.4007605175458,8341.308871391835,36,0.0815,0,0,1,Very High
39.90217923525467,55158.75433229233,Self-Employed,715.1868662292418,45070.17212832758,60,0.2817,1,2,1,Very High
48.29415643227752,51923.33721061444,Self-Employed,626.0396759054086,42678.99833868661,84,0.1447,0,1,1,Very High
23.0,34585.15629398374,Self-Employed,653.7055920592449,6943.460759030648,48,0.0201,0,0,0,Medium
36.131499380905275,53102.58126860243,Salaried,648.6482760673014,25750.090091840462,60,0.0485,0,0,1,High
27.61251250829847,58676.04590837624,Salaried,670.4033828549094,24336.06757302577,24,0.1415,0,1,1,Medium
18.97215031793242,12532.368480822937,Student,551.3830893033177,11021.085041472894,24,0.0879,0,0,1,Very High
52.18192293190688,72036.51537471254,Self-Employed,591.8449686342258,48998.42063362834,12,0.1305,0,1,1,Very High
45.83981083241612,62765.61347310208,Self-Employed,573.2595004370365,6442.21088677714,48,0.1353,0,2,1,Very High
37.49588806773323,37617.54592942078,Self-Employed,647.1964116774609,16497.271858515356,60,0.0689,0,1,1,Very High
53.49020797732964,28337.262382183824,Unemployed,622.171270529635,38169.5406479497,72,0.1347,0,0,1,Very High
35.154314261533465,77678.11541677691,Salaried,651.9119477326161,70645.24091241686,24,0.1159,1,1,1,High
45.4967397457235,53406.54053134165,Salaried,644.0014930627891,6067.948199840432,48,0.0114,2,0,1,Very High
28.684303752279135,25491.203336117178,Student,559.1109579961424,23550.828306154443,72,0.2799,1,3,1,Very High
43.453111618321714,56079.0495087585,Salaried,677.0073391404464,24665.193919005455,72,0.1065,0,1,0,Low
50.2429897894987,59701.8264271122,Self-Employed,735.7932182846273,35812.87392688821,60,0.1225,0,1,0,Low
35.0548698200025,37245.968131410526,Salaried,649.5990644249567,22345.387922538415,36,0.1225,0,1,1,Very High
22.0,94443.90085587522,Salaried,669.4240994984432,70132.14986843421,24,0.1368,1,1,0,Medium
52.2316563400954,40506.61618298955,Salaried,692.4784835901652,38610.21759999921,48,0.1203,0,1,1,High
35.80894033345605,56685.42571315942,Salaried,678.6640412290287,23510.820788944395,36,0.104,1,1,0,Low
34.817789325256996,86087.52819820392,Salaried,679.8830492263982,43693.87968847715,84,0.0508,0,0,0,Medium
35.605976157705506,19061.478637667235,Unemployed,621.9757201992904,3542.682287062803,12,0.1436,1,2,1,Very High
22.0,42287.05682891453,Salaried,696.1189892155467,46092.369726563,36,0.309,0,2,1,Very High
35.90718036743762,17259.574900057014,Unemployed,684.3459681866608,2015.0660797627697,84,0.2117,0,2,1,Very High
48.13219109759946,9203.410432765046,Unemployed,612.9277232472768,9840.059251126992,60,0.1694,0,1,1,Very High
52.024437375328304,98933.8347446491,Salaried,622.120551034094,18971.076632613585,24,0.0192,1,0,1,Medium
37.09954335394549,74012.55578605265,Self-Employed,642.0061240730987,57560.98608262168,72,0.0778,1,0,1,Very High
41.43676597430515,15474.083552618438,Unemployed,613.0763223465714,4331.105554954425,48,0.028,0,0,1,Very High
29.222196629016462,38408.895838909004,Self-Employed,664.177009262285,32288.265109911623,36,0.0841,0,0,1,High
42.959916505373215,45764.41526019166,Self-Employed,668.099888604429,27484.856319457584,24,0.0851,1,1,0,High
35.00110425930877,68596.7456514946,Salaried,666.6259286605978,64767.45238534142,48,0.3444,0,4,1,Very High
36.500089707258624,23984.98364096288,Unemployed,577.3145910626929,27674.12724899337,36,0.1779,0,1,1,Very High
26.871604633231797,76668.6549887575,Salaried,673.2923181491047,44581.965739900574,60,0.2456,0,3,1,High
37.55668414669434,30215.8802132247,Salaried,634.5975333741602,31004.337835011203,60,0.1776,0,3,1,Very High
27.43716050524164,21993.630877513842,Student,689.153945332403,15357.077211265922,60,0.0948,0,1,1,Very High
29.34104485674115,11915.096375916153,Student,616.4055646535761,14974.985889232114,60,0.1882,1,1,1,Very High
26.420077297189117,23117.011275983215,Student,634.3852905281966,14074.62554268207,12,0.0859,0,1,1,Very High
39.209109318259415,83805.78929767178,Salaried,692.2185626262598,110757.60458000918,24,0.1947,0,1,0,Medium
28.567099384652487,20739.872871132586,Student,588.939190754371,2153.7015692828136,72,0.0729,0,1,1,Very High
40.99472818452525,49720.45550706768,Salaried,658.5356921294782,38621.49509422475,60,0.0777,2,0,1,Very High
56.66402114814689,5884.128417199465,Unemployed,610.4423642823173,6260.653049207805,72,0.1314,1,1,1,Very High
20.0,5541.409726773436,Unemployed,649.3193288850605,3080.4117242099946,60,0.1181,0,1,0,Very High
44.31388332590759,61898.00496202256,Salaried,656.5371560438022,74449.67769103072,12,0.1203,2,0,1,Very High
35.60082595865759,57944.234691217214,Self-Employed,649.5068759074088,23677.87991046944,12,0.0409,1,0,0,Very High
33.65858812930601,62753.37926851692,Salaried,717.0807498468804,29788.359777317077,36,0.1475,0,1,0,Low
28.046448210250276,24557.92838516368,Unemployed,552.5518455456388,15800.260281562358,48,0.1143,0,2,1,Very High
42.39619178467604,86673.84735827723,Salaried,626.6482432528268,32998.57798301942,60,0.0381,0,0,1,High
24.874273959093532,19478.95766288593,Student,592.3135859437332,4402.5704700649985,24,0.1226,0,1,1,Very High
46.341187753517964,80266.77695063199,Salaried,660.7036262316734,68640.57569254094,48,0.148,2,1,1,Very High
23.59171239563127,13914.323591129538,Student,624.1655325820055,14199.605631216473,48,0.1021,0,0,1,Very High
43.50329975468917,73545.10052065234,Salaried,657.8616910027399,7954.8406561862375,60,0.0358,0,1,1,Medium
43.77235855597499,63427.664828279725,Self-Employed,678.7089381591393,30939.16947973537,24,0.1488,0,1,0,Medium
41.82612997965889,90655.23705670703,Salaried,699.6463464110352,57251.6657734913,24,0.1257,1,1,0,Low
23.495632744848912,5808.422745651047,Student,627.9460601026786,1000.0,36,0.3172,0,3,1,Very High
29.13912960633454,21013.763818162148,Student,625.6848742724362,19594.42421789199,72,0.1182,1,1,1,Very High
35.60049842129954,75778.82447196175,Salaried,674.0920633108046,84485.0829044284,84,0.2115,0,1,1,Very High
22.889218959950163,7368.1013592551735,Student,605.4123397367645,5611.471797385046,12,0.1387,0,1,1,Very High
19.721717568624683,10447.981028715543,Student,611.6542106738945,10902.888800735613,36,0.1044,0,0,1,Very High
20.0,23364.21036339831,Unemployed,589.0962152150663,3213.2532376258396,36,0.0138,0,0,1,Very High
20.0,14545.066753882164,Unemployed,629.7846586583872,7108.521122527238,48,0.1114,0,1,1,Very High
24.739064297866474,14990.751430159205,Student,611.5803663961859,5853.237295292996,48,0.039,0,0,1,Very High
62.22764478242697,37398.306353173975,Self-Employed,665.6304390631753,1000.0,24,0.0027,3,0,1,Very High
31.08637250256301,42861.08235956516,Salaried,615.2047881290717,18402.62455679051,84,0.1429,0,1,1,High
18.0,8221.181269061046,Student,607.3947425805169,2352.0380278271855,24,0.0536,0,1,1,Very High
39.278362260254106,60724.48878910356,Salaried,662.0842839396746,43728.18867875464,60,0.2595,1,3,1,Very High
44.19206431346221,34715.882333180285,Salaried,621.9023387185534,1000.0,48,0.0654,0,1,0,High
43.31352857754217,59609.69810024958,Salaried,690.8634859322441,32846.5799124198,60,0.0551,1,0,1,High
18.0,11348.098499663178,Student,539.8173663809519,9641.638783888819,84,0.1475,0,1,1,Very High
35.01920263975006,66881.68314379719,Salaried,689.1366105720091,39196.95036442483,60,0.1586,0,4,1,Very High
40.47920226372688,64490.18784598596,Salaried,648.5640195214478,72330.27817101909,12,0.1747,1,1,1,Very High
18.94336123143915,28882.717912371627,Student,612.7948587524614,18085.29046233257,36,0.0626,1,0,1,Very High
28.65758529034833,107293.08588345296,Salaried,671.9495956614478,128234.53736121466,72,0.1695,0,2,1,Very High
35.114116059075535,92571.54537862292,Salaried,714.5864292794143,137521.48408155626,48,0.2236,0,3,1,Very High
47.66773571478652,20840.421458994377,Unemployed,607.1330974651261,12899.94302296008,48,0.2619,1,2,1,Very High
51.38301862345031,36061.08957148797,Salaried,675.5407761950667,16932.74437756789,72,0.072,1,1,0,High
29.195901898095478,20746.225022781968,Salaried,609.7682204647001,17801.002233805753,36,0.0858,2,0,1,Very High
27.89076011860395,60488.659578627914,Salaried,668.2786791304778,35926.29672627271,72,0.1594,3,1,1,Very High
23.0,44923.73711459798,Self-Employed,576.7328770925812,55723.95480029221,48,0.124,0,0,1,Very High
50.011388766057664,84256.66210918518,Salaried,638.201388942588,102125.14473175365,24,0.1462,1,1,1,Very High
47.44689956783491,18080.184181475688,Unemployed,593.9709514858789,5622.089767586533,36,0.0936,1,1,1,Very High
45.151409050139165,13201.89893562745,Unemployed,607.0763016428035,4167.204850195343,24,0.2191,1,3,1,Very High
45.98645754794948,77334.04389703812,Salaried,723.3148164075305,1000.0,60,0.1263,0,2,0,Medium
40.493820920781666,21174.958344911367,Unemployed,636.4625678148359,14348.190191195376,24,0.0928,1,1,1,Very High
25.218255511032517,89304.89206371161,Salaried,632.0779630952862,25537.43019934773,24,0.0911,0,1,0,High
48.395194330233196,69667.95707968963,Self-Employed,614.5873351252142,50978.611814120195,36,0.1982,2,2,1,Very High
52.748480943991126,57584.67487358676,Salaried,629.6100616212564,20224.02628577163,36,0.0976,0,1,1,High
32.8933566815062,54450.242479589666,Salaried,583.6514873108353,46494.238334380454,36,0.0854,0,0,0,High
35.63835397193935,66820.49674800645,Salaried,721.0573912962906,54179.39825751989,48,0.2061,0,2,1,Very High
51.14083410081737,42083.98713844966,Self-Employed,647.262777101462,38062.281338449786,36,0.2154,0,2,1,Very High
25.612979533124907,15786.399279314293,Student,594.1026661774339,13398.43901768703,48,0.3349,1,4,1,Very High
27.35466924817753,18166.677003486864,Student,642.813870273815,12600.516947282791,60,0.2694,0,2,1,Very High
46.262701804241,92933.40943896383,Salaried,659.3276960545724,47220.66058085878,36,0.0508,0,0,0,Low
33.13604265127802,23322.85575881762,Unemployed,566.8752062300994,29646.10203255456,12,0.1896,0,1,1,Very High
18.0,19880.379063757333,Student,594.753968137187,5646.749188678649,24,0.0284,0,0,1,Very High
23.978358022655694,5000.0,Student,636.6267045529305,7239.905657262274,12,0.2698,1,2,1,Very High
36.07552321510848,15219.552564485506,Unemployed,585.9403856050304,13769.17874763424,48,0.3905,0,3,1,Very High
38.474555577766004,67045.30531483662,Self-Employed,612.0751801273786,76096.17451611815,84,0.1385,0,1,1,Very High
26.8156174531293,17670.62103871224,Student,643.2892879199977,12255.441017594052,36,0.1194,2,2,1,Very High
38.13020513288508,11298.639698176292,Unemployed,618.7963751430099,8655.22787066769,36,0.1766,0,1,1,Very High
29.98262175302293,10949.968007687745,Unemployed,627.7819885538488,4535.62929158516,60,0.1414,0,1,1,Very High
40.0794813865109,67668.33339087148,Salaried,671.9598971834799,90001.36254297293,48,0.133,0,0,0,High
33.370574599000896,17110.16337172667,Unemployed,649.868257425901,9193.816960449989,48,0.2412,1,3,1,Very High
20.606354836881717,23178.52409470181,Unemployed,618.5420874264692,3448.866717089699,24,0.0149,0,0,1,Very High
37.51837961744829,33422.18826699385,Self-Employed,655.2767915933129,2928.2805484301552,72,0.1088,0,1,0,Medium
41.71500324493749,67197.59888794161,Self-Employed,667.061420584372,45047.76842523284,48,0.167,1,1,1,Very High
43.52251653495168,16577.25898349951,Unemployed,651.0741768172088,8715.107458524912,24,0.1776,1,2,1,Very High
48.33983479438908,85861.82908828957,Self-Employed,686.6620515917085,25444.810481032557,24,0.0296,0,0,0,Medium
22.71666138974998,5767.949120667099,Student,549.8642224050199,3038.4499703856195,72,0.0527,1,0,1,Very High
28.78236350655427,44503.46940025912,Self-Employed,706.5534315763181,22199.03181673208,24,0.0999,0,2,1,High
46.63130355286282,41303.58178381643,Salaried,578.2788349878277,26361.80416953066,48,0.0638,1,0,1,Very High
28.383389722158448,52405.30954472436,Salaried,690.0871911858175,39794.015046412904,24,0.0759,1,0,1,High
18.0,26234.010530635136,Student,569.8188179478097,18808.811984506192,48,0.0717,0,0,1,Very High
42.83081048575501,38590.25227665096,Self-Employed,532.1347843618797,19100.357863100166,48,0.0495,0,0,1,Very High
21.741361989185435,19653.386662285313,Student,598.2891884770129,13917.271178245886,72,0.1208,1,2,1,Very High
42.14055944191968,96717.98417780056,Salaried,636.3754333339077,66737.60078135299,84,0.069,0,0,1,Very High
50.17324573518869,8881.641345791788,Unemployed,650.1436881515903,7094.70863711365,24,0.1424,0,1,1,Very High
45.66480783286654,81692.13207455678,Self-Employed,640.4375605409907,97448.92347834996,24,0.1193,0,0,1,Very High
32.150863860438186,12468.866129164166,Unemployed,644.8675523381368,11590.539477682767,12,0.1555,1,1,1,Very High
27.92260460801892,12021.260049063938,Student,647.9173741668176,3719.671324297462,60,0.1559,2,2,1,Very High
27.4801608082607,20032.124229680485,Unemployed,601.5838650525884,19332.597611681584,36,0.1215,0,1,1,Very High
23.0,28454.44665162104,Self-Employed,620.0283874131519,19166.09788986811,84,0.1924,0,2,1,Very High
43.60006063057976,77308.56830377533,Salaried,679.2180668544302,55873.05343666363,84,0.0723,1,0,1,High
31.00452608676239,56251.80144747169,Salaried,666.1622867961993,48325.69743887193,48,0.1609,1,3,1,Very High
47.20242715740723,77435.90209901634,Salaried,573.4441097304938,11343.645068830469,36,0.2021,0,3,1,Very High
40.92729643206184,93525.12550619841,Salaried,631.5360951672116,65968.98039736167,36,0.133,1,1,0,Very High
33.68561155126118,60140.63918857099,Salaried,652.7637747989207,41052.67326504199,60,0.0933,2,1,1,High
24.16560271142602,47726.359508594425,Salaried,725.3871746936574,59595.99533118197,72,0.1249,0,0,0,High
29.62104034200894,13459.87801636084,Student,544.5732556126168,7281.982511951132,48,0.1791,0,2,0,Very High
29.253798873808318,18855.280936153613,Unemployed,634.7237567737795,14623.780534360767,48,0.1026,1,1,1,Very High
44.91316862142319,41490.76479741995,Salaried,667.6480914130827,19232.180395172145,36,0.2339,0,3,1,Very High
50.07184023274026,72790.5498867163,Self-Employed,639.1882831220353,95919.80491949419,36,0.2568,3,2,1,Very High
52.193322723891185,44151.02094502196,Salaried,642.1285301592046,38622.10665780738,36,0.1875,0,1,1,Very High
36.10283098321818,13627.328337894025,Self-Employed,662.6215697788465,15048.723354075339,72,0.1854,1,3,1,Very High
43.01590532167391,67235.27157807015,Self-Employed,647.2996710451652,80122.21406817612,12,0.1692,0,2,1,Very High
46.02723076559279,28136.89171475136,Self-Employed,673.6594568140349,27973.33293648434,48,0.0994,1,0,1,Very High
55.036835790909514,52078.949891475204,Self-Employed,584.8894368932636,10945.999522002283,72,0.0835,0,1,1,High
33.6541145673787,78232.59068587283,Salaried,655.964145227779,74861.14311803463,24,0.4957,2,4,1,Very High
44.91745206888679,93924.48426699078,Salaried,620.0935079025645,100847.89960299803,36,0.1074,0,0,1,High
48.10885582713315,94471.8298696611,Salaried,718.4305544160434,88344.42128304689,60,0.2185,0,2,0,High
22.0,65165.33727213579,Salaried,651.4261150991824,33460.53279353808,36,0.1513,0,4,1,Very High
24.96091057144171,5000.0,Student,567.3377846638674,4137.3800938107215,24,0.0827,1,0,1,Very High
47.697539848411935,81450.11799293318,Self-Employed,672.2522709095447,1000.0,36,0.3012,0,3,1,Very High
32.95426956766996,15799.433706483911,Unemployed,607.2943707451939,4754.9707240995685,24,0.0926,1,1,1,Very High
54.37017141510029,67981.41615790085,Self-Employed,705.621442073749,74375.04934965287,60,0.3094,0,2,1,Very High
40.19981203230306,78183.41376377709,Salaried,590.9787163610001,78144.7945687123,84,0.1,1,0,1,Very High
37.05831403060915,38541.26114193638,Salaried,717.4084884048518,42081.665824008465,48,0.2967,1,3,1,Very High
43.79801957640577,66706.86182967448,Self-Employed,650.747294388599,49839.9315407505,84,0.1372,0,1,0,Very High
20.30005811806553,14484.154332303253,Student,623.526842648561,18772.09114365907,36,0.1796,0,2,1,Very High
49.82422077225919,68936.3329407103,Salaried,667.2597180125022,67429.17570109412,36,0.2228,0,2,1,Very High
29.663887053507366,75951.16263702285,Salaried,684.2293268118909,37503.24784281415,36,0.0494,1,0,0,High
33.99686483869722,20717.43107040554,Unemployed,641.0551744330304,20089.056269373446,60,0.2845,0,3,1,Very High
36.27816273399765,71180.84117273093,Salaried,645.9819080414372,80033.8155411095,36,0.2374,0,2,1,Very High
48.69369086742093,72902.86041403562,Self-Employed,686.9177786984691,56119.98227816968,48,0.102,4,1,1,Very High
25.590455908878248,16606.60350223041,Student,622.097668334938,17699.11349697508,24,0.1066,1,0,1,Very High
38.84761346916473,68876.15957393065,Salaried,615.1950064471341,27520.661957218188,24,0.065,0,1,0,High
38.83237417130347,66402.26317466433,Salaried,679.0826437606892,55440.78521652245,12,0.2085,2,2,1,Very High
33.357186962229044,69130.81531175874,Salaried,653.7143243929835,35528.978092903664,48,0.2389,0,3,1,Very High
18.0,13274.343888292107,Student,628.4679172351321,3553.9273533303426,48,0.0893,1,1,1,Very High
58.29775863063564,49873.80896756321,Self-Employed,639.8737099938628,46454.3062253041,24,0.1181,0,1,1,Very High
46.21392579688913,78852.48784655663,Salaried,634.7839383549248,67108.74280015194,36,0.2101,1,2,1,Very High
31.679765374423216,59286.87141640918,Salaried,659.9556267202271,42996.87794208289,36,0.0725,1,0,1,High
32.16281618726183,55617.62909100535,Salaried,635.7190841721974,17804.377221873023,72,0.057,0,1,1,Medium
24.80394940654229,21338.967958372512,Self-Employed,658.1156647814855,3728.3125624773884,36,0.0175,2,0,1,Very High
34.73675141098089,42866.27300085938,Self-Employed,612.2195739368768,70491.1948451675,24,0.2894,2,2,1,Very High
24.861738739441606,48764.65291872296,Salaried,662.1835038056934,40220.12585445373,48,0.1325,0,2,1,Medium
28.896645362497487,50906.25078700623,Salaried,689.9775437107028,56950.760321747926,36,0.2369,1,2,1,Very High
57.36414643305119,68873.56235957923,Salaried,662.5168154531473,108700.05695573956,48,0.4578,0,3,1,Very High
49.845844357091295,3000.0,Unemployed,679.5016066451311,1000.0,36,0.0333,1,0,1,Very High
39.961162258379574,55122.13309465714,Salaried,599.985550686745,41680.15423665817,84,0.2756,1,2,1,Very High
34.34063017058147,45263.408612335654,Salaried,683.9393432199073,42579.50045151029,48,0.1566,2,1,1,Very High
43.35837226107171,72613.81937033324,Salaried,749.4623619105702,92194.3035811276,60,0.1895,0,1,1,Very High
40.26135614354762,60002.5548182888,Salaried,579.199751285614,37785.00148013558,60,0.088,2,1,1,Very High
48.28072702939248,84264.33732192393,Salaried,665.665466429773,22562.47116779693,36,0.2143,1,3,1,Very High
49.93146593491205,59331.37304316852,Salaried,685.4374497258212,89913.70838148805,72,0.2515,0,1,0,High
39.62406529551868,75765.4478094797,Self-Employed,727.2613561783083,51637.63654259402,36,0.0932,4,1,1,Very High
30.337678422023938,47773.375124565086,Self-Employed,675.7710771016672,30239.077136527732,60,0.1883,1,2,1,Very High
25.870227459755576,84213.28399769767,Salaried,668.5601962504153,55629.754969294445,24,0.2661,1,2,1,Very High
46.20569985529833,51727.61414554552,Self-Employed,629.1090365481433,1052.431355818715,36,0.002,0,0,1,High
28.235068407024368,18975.081000886752,Student,621.5217591404434,19512.2723051878,24,0.2278,1,2,1,Very High
32.84717069467317,60172.05079066636,Salaried,727.7700751813302,9862.145930339564,36,0.0164,1,0,0,Medium
42.7308961379226,17196.54529515963,Unemployed,663.6039583838169,10309.637784590746,72,0.06,2,0,1,Very High
26.71871139256056,9937.627351670886,Student,631.0617592580841,5965.042987816789,36,0.06,2,0,1,Very High
48.334815869503274,71223.84494818067,Salaried,625.9995776908319,41908.18132855388,36,0.0588,0,0,0,High
20.948501844924195,21408.37247375888,Student,617.2100888607954,2155.895086423281,72,0.0101,1,0,1,Very High
20.089781376788295,7451.063782488182,Unemployed,645.5392445302491,4992.836956895998,60,0.067,1,0,1,Very High
34.3811546296747,11929.459740307258,Unemployed,552.4397161989122,4719.6352240488995,36,0.0396,0,0,1,Very High
56.608743819555976,13105.698795945158,Unemployed,661.8178820334308,11883.478224915012,48,0.2907,1,2,1,Very High
40.18426206847274,45342.77710263805,Self-Employed,652.8533141549057,43233.31643383245,60,0.2203,0,2,0,Very High
55.73728995924703,76146.11226115169,Salaried,681.3060119195898,65805.28282919565,12,0.0864,2,0,1,Very High
35.45174290540869,78304.3747827447,Salaried,612.4457433575959,48203.768947617646,84,0.1866,0,2,1,Very High
19.143230398598025,12587.506478470643,Student,657.6469889024288,2535.234691943894,72,0.1201,0,1,1,Very High
20.0,8473.204486371025,Unemployed,570.6354646400188,1625.0023006193542,48,0.0817,0,1,1,Very High
50.23341975977838,59886.90572361528,Salaried,622.4618484702353,62419.02943897672,36,0.1042,0,0,1,High
25.50694191747438,13925.552200266708,Student,595.2780124683347,11212.673041619953,24,0.2805,0,2,1,Very High
64.76335392057385,64956.143746170084,Self-Employed,602.2588588687815,82779.81460745863,48,0.1274,0,0,1,High
34.49190190838704,29896.72833716131,Salaried,774.5321096901503,37661.75410010622,60,0.151,1,1,0,High
32.88547650926729,71829.53619196836,Salaried,588.3448634566295,45908.87581208907,24,0.3639,0,3,1,Very High
28.462156793922325,22759.982810062902,Student,639.373548978314,24551.289451874705,72,0.3079,0,2,1,Very High
39.93279559547992,68095.67958529406,Self-Employed,623.548177073167,44569.12484296098,48,0.128,2,1,1,Very High
39.473195982763414,56909.378603209785,Self-Employed,638.8782580560099,17736.485707223226,36,0.1562,0,2,1,Very High
53.36390072491085,46112.684763798185,Self-Employed,658.9385889309385,22713.497316428293,36,0.2493,1,2,1,Very High
30.723972110836783,92358.4945946887,Salaried,607.8125460248923,94163.45432797435,84,0.177,0,3,1,Very High
36.20993418911404,10288.549664141166,Self-Employed,634.0553411652492,4145.110603697127,36,0.0403,0,0,1,Very High
45.45737444324058,14270.468789020004,Unemployed,612.3881529076078,8738.05387811104,60,0.1237,1,1,1,Very High
67.46161904202168,57206.994068479,Self-Employed,705.7525531235834,47295.65145667235,12,0.0827,0,0,1,High
45.78022680010412,100012.70060279928,Salaried,579.7589542050212,115108.273312464,84,0.1401,0,1,1,High
40.48809188324704,30472.160911404746,Salaried,625.9300635260397,37814.50539375583,72,0.3116,0,3,1,Very High
26.778681915249607,53551.27151626702,Salaried,694.9074723614324,56485.78890891047,48,0.168,0,1,1,Very High
20.0,15196.439677970719,Unemployed,613.6528997523249,14649.454542628058,36,0.1589,0,1,1,Very High
37.181414521984074,38587.260660656306,Self-Employed,662.9237051740581,36913.95371280949,60,0.1582,0,1,1,Very High
21.551235463780074,17592.193077557986,Student,614.6802210072863,21786.016517580003,36,0.1238,1,0,1,Very High
22.0,52552.46028079432,Salaried,667.4131803293718,63390.65742186614,36,0.1831,1,1,1,Very High
25.24117661733391,7858.806150281323,Student,612.14407914925,8355.299223457396,36,0.1063,1,0,1,Very High
29.808743764856217,25477.49001083813,Student,578.8466489019995,21314.979667962965,60,0.0837,0,0,1,Very High
29.71015661446752,72454.77655237637,Salaried,709.4530737327581,46173.396056878446,24,0.1262,0,1,0,Medium
27.821927716088958,26075.886418711558,Unemployed,647.5819106988768,17831.912171915934,36,0.0934,1,1,1,Very High
31.120754693333076,65674.6439949667,Salaried,667.2665978183502,25325.05044158222,60,0.0386,2,0,1,High
41.116822564134935,38877.379989906054,Self-Employed,676.2676469876384,1000.0,72,0.0526,1,2,1,Very High
59.23323360363017,9226.318593285427,Unemployed,506.7821410517274,8963.472466926134,60,0.1222,0,1,1,Very High
33.317732377521025,19942.899927161092,Student,592.9492608753691,15433.091003068748,36,0.1024,0,1,1,Very High
31.472422945670694,11784.965013716223,Unemployed,573.8513184059852,11095.228207654261,72,0.1941,1,1,1,Very High
24.407090297695127,25140.32771274384,Student,642.3221409196533,26686.52821602994,84,0.1687,1,1,1,Very High
31.94298289947659,60864.27028587674,Salaried,663.1769240393968,21016.165572834623,84,0.0345,0,0,0,Low
46.72159629867912,86476.97163599961,Salaried,729.6209436357357,1000.0,36,0.0637,0,1,0,Low
46.984913688990126,34847.24189039541,Salaried,655.5616938360182,40111.426582578766,24,0.1651,0,2,0,Very High
26.383972962069073,8630.281032958535,Unemployed,626.9588201389802,11875.895051085594,12,0.1626,1,1,1,Very High
42.02888251722804,71577.3382757343,Salaried,649.406904828973,31424.437160033256,60,0.1064,0,1,1,High
39.43301500530204,79241.23842057094,Salaried,657.9081028088154,92973.39173915714,36,0.2173,2,1,1,Very High
59.87601777151433,37880.255366237296,Self-Employed,695.0477346826289,39575.28112838371,24,0.1045,0,0,0,High
45.65334349982032,60274.671099379964,Salaried,639.4757857868968,27011.546157660017,84,0.2448,1,2,1,Very High
38.3910543347183,73124.04249153732,Salaried,605.6880663231227,35380.7083503873,48,0.0484,0,0,1,High
41.23786941038024,61607.437799432155,Self-Employed,548.1075728027779,25977.48466693625,60,0.1047,0,1,1,Very High
43.783077913368636,55103.57203257658,Salaried,617.7880682902658,18644.918068984403,12,0.1338,0,1,0,High
43.630307628860955,65209.9071519206,Salaried,662.4121451935915,13624.785578910642,24,0.2209,0,2,1,Very High
44.3974851325364,56188.22513311579,Salaried,658.8289982258044,58338.11693129092,48,0.4163,0,5,1,Very High
50.728426230602125,87483.22425928248,Self-Employed,667.3894323482047,79384.29271668685,36,0.1407,0,2,1,Very High
37.167796324446776,74156.63969922863,Salaried,659.7908401018996,57406.02326742211,48,0.1399,1,1,1,High
26.315181520642724,5000.0,Student,568.6504238766521,5486.429629998218,60,0.1097,0,0,1,Very High
21.796421659922416,18172.05623835831,Student,603.7762902774297,27299.88991377654,48,0.3502,0,2,1,Very High
52.37560530565043,16757.932259611098,Unemployed,633.2152118651529,11620.256472145562,12,0.1318,0,1,1,Very High
34.226094202559906,74704.55990882643,Salaried,676.7780903677472,68873.7480297083,36,0.2172,0,2,1,Very High
22.686176675555245,19499.751737640574,Student,673.5259532456871,15946.48869304345,72,0.0818,1,0,1,Very High
63.60826570016806,15953.0442538331,Unemployed,600.6584949571346,7271.301243610878,24,0.1706,1,2,0,Very High
46.22948494708336,47308.49316971225,Self-Employed,666.2983097376833,16620.86928653696,48,0.0976,1,1,1,High
43.99558326603186,79235.58897637014,Self-Employed,685.4481784883312,37587.68039052796,48,0.1474,0,1,1,Medium
27.950070419310308,41444.45181138066,Self-Employed,717.6556143953819,28269.37981426005,24,0.1307,0,1,1,Very High
23.909925328900407,16013.318601494242,Student,620.5946013590298,8871.228298146514,36,0.1304,1,3,1,Very High
38.98572599300058,84548.03442895977,Salaried,697.1124395763676,17019.122210811292,48,0.1201,0,1,0,Low
39.268009456812564,14867.196871029844,Unemployed,629.0809670768815,2937.5091828593963,72,0.0198,0,0,1,Very High
36.84076671196838,6208.180268725739,Unemployed,638.4039982815548,4169.766813701793,12,0.0672,0,0,1,Very High
20.85888200332121,8638.414537155835,Student,606.6760827392504,8741.301229425977,60,0.1637,1,1,1,Very High
36.10320565275018,18228.26465888331,Unemployed,578.7813442844083,1008.5557742072915,24,0.0305,0,1,1,Very High
23.846040053729883,18436.10549047725,Student,634.9743325419138,12605.780188732786,60,0.0934,0,1,1,Very High
50.727493759706306,9048.548374026595,Unemployed,627.90568734241,6431.898312048699,24,0.1961,0,2,1,Very High
18.0,8248.106237184465,Student,698.1874250171015,2479.2130290740065,84,0.0301,0,0,0,Very High
22.0,12000.0,Salaried,664.316901521459,1436.9468070623234,36,0.037,1,1,0,Very High
55.010988500075676,42925.186044359856,Salaried,677.0853134545462,1405.2928121062905,36,0.0658,2,1,1,Very High
41.280235227522546,64099.96225088121,Salaried,640.565878754537,52899.36241082762,36,0.0825,1,0,1,Very High
21.207516769377825,24491.323053437747,Student,642.0914708787321,8994.284211692706,60,0.1617,0,2,1,Very High
51.35124411760928,62121.48323235041,Self-Employed,648.071630272844,71010.65638972842,48,0.1893,0,3,1,Very High
20.676772959035794,32738.62333910391,Unemployed,578.3343082280859,39011.005510542185,84,0.1442,1,1,1,Very High
38.5808998292031,47600.858645745764,Self-Employed,630.8090707792868,25632.236762181095,36,0.2413,1,3,1,Very High
36.09773500594654,73142.34775719277,Salaried,708.6941525001334,46976.447094068295,12,0.0892,2,1,1,High
35.22044752956551,59779.52369061258,Salaried,581.3629976697874,18393.58114275956,48,0.0933,0,1,1,High
47.48207233097458,57505.122273873116,Salaried,646.4556006691802,68963.1671852572,48,0.2449,2,2,1,Very High
45.67506692054831,80863.14168754578,Salaried,637.2689680028684,99865.14616435545,72,0.1235,0,0,1,Very High
65.0,17676.91911421864,Unemployed,639.6986715559743,20051.739246125562,24,0.1134,0,0,1,Very High
37.5189322577776,34093.302295897156,Salaried,577.1645143278045,28037.499403215574,72,0.0822,0,0,1,Very High
20.20402264406984,13167.737060466552,Student,636.7526172368367,6988.108695873792,12,0.1281,1,3,1,Very High
38.51369171664892,54160.418375913214,Salaried,599.2864723469177,47631.866284746895,24,0.1129,0,1,0,High
50.55165658562471,42397.5001680868,Self-Employed,647.4027297198962,23314.18456563489,48,0.08,0,1,1,Very High
35.69973112206939,66402.14932630245,Self-Employed,728.3420275519268,91608.87851170685,60,0.138,0,0,0,Medium
32.86726752587877,65531.70682652197,Salaried,678.9617081317649,54913.606337378544,60,0.2088,0,2,0,Very High
22.780046271402867,81083.67666212015,Salaried,632.675002980367,69284.59617763101,36,0.2354,1,6,1,Very High
57.06011989938982,93288.83079378119,Salaried,633.0090884352369,140179.1134399139,84,0.1503,1,0,1,Very High
38.01736389983721,49323.932134932445,Salaried,664.609562299715,13360.17646271322,60,0.0271,3,0,1,Very High
47.71084459755556,47306.94127954257,Self-Employed,757.5544914091074,39793.39393500012,60,0.1591,2,3,1,Very High
24.127545311895254,12473.795655775946,Unemployed,605.1409170669696,8120.865030560233,36,0.1651,0,1,1,Very High
51.8690085608879,3000.0,Unemployed,598.8510716567221,1000.0,24,0.1583,0,2,1,Very High
42.26337877916036,67744.74257935249,Salaried,609.9801197673185,34231.1895385759,36,0.1505,0,1,1,Very High
38.7155615756537,58068.40266143479,Salaried,649.6089872293921,54026.8748461403,36,0.1555,1,1,1,Very High
21.206610995193458,5722.3372923322695,Unemployed,647.9250656848902,2801.4915856492603,60,0.099,0,2,1,Very High
32.03265618028932,42698.956915020986,Student,629.1989285073125,23580.10201884876,36,0.0552,1,0,1,Very High
61.14474512753654,56434.92043191886,Salaried,623.3958107662935,88461.29779386686,24,0.4567,0,3,1,Very High
22.083765793604247,13663.165151486086,Student,659.0849177831697,13889.855006100932,48,0.2017,0,1,1,Very High
29.14645850847934,77337.85550337582,Salaried,717.9300771050712,22326.089383439758,60,0.0914,0,1,0,Low
48.79227800510242,53195.81707633623,Salaried,660.2330025264129,6101.228932556161,36,0.1115,0,1,0,Low
18.010730121223325,26966.725211225334,Student,592.7405147988483,1000.0,84,0.0037,0,0,1,Very High
23.07952021505181,56809.641457465674,Salaried,677.548856661133,30194.49011771456,12,0.0532,0,0,1,Medium
26.84691830080717,15371.06244373243,Unemployed,563.6274874499634,4131.646550305902,60,0.0894,0,1,1,Very High
47.91194398342448,22391.41571048982,Unemployed,567.1520528179152,20147.14764212272,24,0.215,1,2,1,Very High
37.2248001775544,84145.51245766901,Salaried,711.8878575636746,124966.10830836264,60,0.1485,2,0,1,High
53.56593322761089,73680.06669908656,Salaried,692.7277468434872,49749.80325306191,12,0.13,0,1,1,High
55.12883691723156,78620.07547581116,Self-Employed,598.2390698565815,55339.004705795676,60,0.0704,0,0,1,Very High
38.017157283274315,97889.26394462498,Salaried,643.7045898550715,96456.00996365349,72,0.161,0,1,1,Very High
23.517151205394832,57743.01560614608,Salaried,706.19105029182,55633.96153572838,84,0.1588,0,1,1,High
44.094208600313756,87432.63326766595,Self-Employed,598.4739261136301,92734.85343173794,48,0.3061,1,2,1,Very High
41.79851524913236,47287.2816651036,Salaried,659.1515145890072,44867.77008769672,36,0.1574,0,1,0,Medium
42.15933898381966,57677.96539744845,Salaried,612.1248488716136,67548.67165340445,60,0.1796,0,1,1,Very High
23.47334891819456,44235.46761827242,Salaried,672.4346465584334,40536.83569365232,60,0.0916,0,0,1,High
29.044433132228377,53928.59128935292,Salaried,640.2641924321979,54344.21492238068,24,0.1008,1,0,0,Very High
35.08688857373823,12268.917565492811,Unemployed,688.3699523101301,10543.368032438275,24,0.0859,0,0,1,Very High
21.20637395703612,6860.549937473472,Student,605.0983532796952,2484.825701083964,48,0.0362,0,0,1,Very High
45.8836824741019,96505.74754333808,Self-Employed,716.359392274378,55089.61501088142,60,0.0571,1,0,0,Low
28.699370509492905,96275.4358522335,Salaried,708.8080202027992,95521.44193811005,72,0.1242,1,1,0,High
56.6633546280661,64428.171042014554,Salaried,708.3359710957669,15991.041703177494,48,0.0248,1,0,1,Very High
49.084338842936084,86629.40062035092,Self-Employed,666.3720545026042,108181.28300813996,72,0.1249,1,0,1,High
30.594404613553937,18683.86527269499,Student,633.926908772241,15581.341643706965,72,0.1334,0,2,1,Very High
55.225033282034175,86128.6615469853,Self-Employed,624.8667309022765,3341.1093498915616,24,0.0539,0,2,1,Very High
57.08824740292676,61559.02441724508,Salaried,680.9200757165329,7449.353707512222,48,0.0621,1,2,0,Medium
25.889170860958714,95120.10100515772,Salaried,660.7843289596108,63684.04855782994,36,0.067,0,0,0,Medium
30.132526772197576,5830.672823463799,Unemployed,624.1639979245311,1599.183740921626,60,0.2274,3,2,1,Very High
69.78775974966068,15062.768615012137,Self-Employed,688.0971296014079,13297.395147588533,12,0.0883,0,0,1,Very High
40.08888899485205,60475.74520390309,Salaried,655.8006640099038,51023.8574773791,60,0.1469,2,1,0,Very High
44.056825503467984,47804.68914314758,Salaried,672.693140829719,53703.38773701962,24,0.1123,0,0,0,High
26.17518788273936,34476.115185379014,Self-Employed,644.4616184385198,24873.035333825577,24,0.0971,0,1,1,Very High
31.634973241131007,42686.919976804376,Salaried,633.6722288252993,18025.158295609242,72,0.0672,1,1,1,Very High
48.175539675405744,67537.33952591685,Salaried,541.0805139163419,62238.85218953896,72,0.1547,0,1,1,Very High
47.1620020876981,56056.84685340107,Salaried,654.3453027123066,13508.89967212882,84,0.3241,0,3,1,High
25.150930006211034,10356.55390834878,Unemployed,639.9606310240969,1325.357265854112,36,0.2128,0,2,1,Very High
47.09434815819097,10000.0,Self-Employed,662.9617806576541,9281.662227812541,48,0.0928,0,0,1,Very High
20.36241727129297,20985.928692451773,Student,556.3109461676484,1000.0,48,0.0048,0,0,1,Very High
33.98194471496111,71316.39945321501,Salaried,630.9514912808149,94026.25816942706,36,0.2318,1,1,1,Very High
20.742621826769582,9821.014146547015,Unemployed,591.1972946514193,5668.798167671353,24,0.2452,0,3,1,Very High
31.948754991882275,11425.648877424363,Unemployed,619.3925219205107,9495.483559544158,36,0.0831,0,0,1,Very High
39.24920412573736,8946.443533937982,Unemployed,565.7457007784075,11749.0591441585,12,0.2563,0,2,1,Very High
41.11310267986155,60388.68919218669,Salaried,660.9718881655158,65565.79325774283,60,0.1086,0,0,1,High
26.580333337964365,75973.13268836924,Self-Employed,692.6599819459141,56849.60206927984,48,0.0748,1,0,1,Very High
25.364778140909088,13935.122438048907,Student,597.2390151445568,20312.613026799925,48,0.3958,1,4,1,Very High
28.043634995198374,5000.0,Student,626.262004030512,4241.8294715843695,36,0.1348,0,2,0,Very High
28.095617937490232,36701.58641711373,Student,595.7867581011603,1000.0,24,0.0527,1,2,1,Very High
40.77265988943636,61203.00747311072,Salaried,717.1066424464497,82008.67990979292,12,0.334,0,2,1,Very High
22.0,75292.13023583931,Salaried,641.0296179880645,33305.572150350854,24,0.0442,1,0,0,High
34.76103306550906,11910.82961155489,Unemployed,637.3002357006615,11685.310038500464,12,0.1606,1,1,1,Very High
28.163608645327933,16802.80907953116,Student,608.2763968809016,23774.276537706184,36,0.2415,1,1,1,Very High
48.404074233006014,40977.58728278674,Self-Employed,642.9664644736907,12655.276371241289,60,0.0809,2,2,1,Very High
26.20975928098656,21055.105571801552,Student,602.0413032878956,13685.265467424138,12,0.065,0,0,1,Very High
35.307359308239384,32541.27766131312,Self-Employed,627.9628904135456,11595.00241490572,60,0.0856,1,2,1,Very High
46.590347110259806,50778.355345803204,Salaried,672.5476135399738,40779.039612089015,60,0.0803,1,0,1,High
30.23693618357801,28971.24310795575,Unemployed,661.156673573081,7406.3710598862035,48,0.0256,0,0,1,High
21.409953544053746,22746.287981979698,Student,538.824260670684,33379.25281143405,36,0.2717,0,2,1,Very High
26.347677210110042,19930.596386890546,Student,607.7257290449935,1704.2310824077986,36,0.1961,1,3,1,Very High
42.23083016895628,19007.709482506656,Unemployed,657.7618287152727,14114.224018209545,72,0.3743,0,3,1,Very High
22.92657414684387,12001.390343531766,Student,590.2626497846729,7498.574903063284,48,0.0625,1,0,1,Very High
39.192639051826205,71087.53327081697,Salaried,687.1907933969562,37060.51635731489,72,0.1771,0,2,0,High
21.980537850591947,5000.0,Student,633.3926094542944,3810.8141781657046,24,0.0762,0,0,1,Very High
60.8502983635583,11237.623316817473,Self-Employed,606.596715615797,4944.167701073239,48,0.044,0,0,1,Very High
49.92464725569667,7792.697051394227,Unemployed,608.015631244511,13632.756173656804,12,0.1999,0,1,1,Very High
35.39411154141891,9363.688620741821,Unemployed,592.6618439091501,6865.915409854677,24,0.0733,0,0,1,Very High
22.67603866877759,12236.61747082209,Student,569.472568863474,11944.659086505513,24,0.1601,1,1,1,Very High
20.357925967273538,32518.70016232336,Student,619.6466883694247,7723.694183587064,36,0.0238,0,0,1,Very High
40.8303904012886,40927.99570209095,Salaried,615.2747248825146,7502.3140534836475,24,0.0183,2,0,1,Very High
41.0479323752518,80006.31178633859,Salaried,728.8072376181725,68821.41139366652,24,0.136,2,2,1,Very High
34.69543597067183,66172.0634439205,Salaried,673.1239695592401,92728.9469671324,48,0.1401,0,0,0,Medium
22.0,69829.55594990216,Salaried,682.3512317953323,59639.931296743875,60,0.1479,0,1,0,Medium
32.34682051287277,28649.931547324904,Student,657.2743329305271,32694.836856585633,24,0.1391,0,1,1,Very High
47.86074405858016,94859.66786468153,Salaried,629.6220340539305,29250.752052632797,24,0.1058,0,3,1,High
53.64571995073916,59961.1859646716,Self-Employed,632.284273172108,81802.36665301204,60,0.2614,0,2,1,Very High
18.0,22881.349530798587,Student,611.0191212138918,5364.240832703685,72,0.0484,0,1,1,Very High
20.0,5886.457701419982,Unemployed,625.3512006165781,5885.0865717653205,48,0.2,2,1,1,Very High
23.12266994144273,9122.379741417526,Student,545.9023769689431,1590.413367447632,12,0.0799,1,1,1,Very High
35.118097299439306,72706.23570150996,Salaried,675.3245936494432,54376.893896122165,60,0.0998,2,1,1,Very High
18.337436932814636,20324.50068561769,Student,601.7408352430373,15150.585323391599,60,0.0995,1,1,1,Very High
41.665684932841295,23576.715015856127,Salaried,590.0625226425681,7521.726472459375,48,0.2319,1,2,1,Very High
38.72323307205261,72404.75855608787,Self-Employed,712.8743446232864,29176.670485062983,36,0.1028,0,1,0,Medium
53.124688695160174,103486.73179250292,Salaried,612.0758494976291,81897.1723674263,48,0.4541,0,6,0,Very High
55.818424820357265,37204.05312981907,Self-Employed,583.1834822721909,20636.98976472107,36,0.1805,0,2,1,Very High
47.022521540400064,99292.14299879575,Salaried,643.439252755783,87372.0683847188,24,0.213,0,2,1,Very High
29.161412643964407,16802.18571559548,Student,586.1749879325702,10071.165173958483,48,0.0599,1,0,1,Very High
49.2504729193548,63448.52330922564,Salaried,677.2681485777892,71978.07681434814,48,0.1384,1,1,1,High
37.949240078755544,9053.091327618173,Unemployed,548.9943649835661,4374.209824727169,60,0.0733,0,1,1,Very High
24.633062451219857,16784.401177376396,Unemployed,617.7514649042145,9128.905186284182,12,0.1169,0,1,1,Very High
30.175877301729205,5000.0,Student,617.0788822399232,3688.2771447223668,60,0.0738,0,0,1,Very High
32.54182848998177,3101.162221763174,Unemployed,639.6271752290152,1907.1496538682204,60,0.124,0,1,1,Very High
37.47990919911813,115531.38900883208,Salaried,674.1420534794701,64669.0495893021,24,0.081,1,1,0,Low
37.20767385426693,88761.18271206635,Salaried,582.926092214961,27942.168468805507,24,0.0565,0,1,1,High
20.365251306070082,6327.712710295755,Student,573.4471788206332,1882.9521929728385,72,0.0548,3,1,1,Very High
47.83543183195707,69547.04631413828,Salaried,601.6465593690997,13286.798567378817,48,0.0191,0,0,1,Very High
47.50705632637991,93791.30344295778,Salaried,643.0474044890999,64239.70502317166,12,0.2685,1,2,1,Very High
46.265615756797594,75053.99588684946,Salaried,645.4307225340181,26572.837966772335,12,0.0354,0,0,0,Medium
26.304979548687502,18916.044800212636,Student,518.6739478806975,18710.529900392365,36,0.1239,0,1,1,Very High
27.971481080914955,66504.75937633919,Salaried,581.1329115371346,45239.86341448637,36,0.068,0,0,1,Very High
22.896748254960762,23688.797830851843,Student,574.1202087040281,12833.839025060719,24,0.0792,1,1,1,Very High
43.748731342756635,90480.85323418339,Salaried,729.9414732887669,66095.94200432097,60,0.123,1,2,1,Very High
21.789520962118214,14137.678730202842,Student,649.6519663501944,21893.50344198223,72,0.2174,1,1,1,Very High
42.6357206621824,10000.0,Self-Employed,631.3558962843294,5329.616022213396,48,0.1158,0,1,1,Very High
26.059217818913517,3000.0,Unemployed,585.3197427199304,2396.5427210435746,12,0.0799,1,0,1,Very High
25.811711093427775,14309.659588761962,Student,636.0392379936815,14357.992944997375,48,0.1003,1,0,1,Very High
27.630512957652066,70231.41256339705,Salaried,628.9951607958833,79380.39767927815,36,0.113,1,0,1,Very High
24.442334810878705,20363.90606651568,Student,545.7618393946143,20447.18233981908,36,0.1254,0,1,1,Very High
29.63150961384814,17291.27788615925,Unemployed,666.0265966583449,9060.57708538762,24,0.1149,2,1,1,Very High
35.97135816013091,53780.533753384036,Salaried,586.6818490583221,62958.537413954225,36,0.1171,1,0,1,Very High
22.31420696654104,64022.18943138077,Salaried,676.1409339823955,49334.2215405471,60,0.1396,0,1,0,High
42.48185277209758,52626.04760413731,Salaried,649.5778765882496,33875.467256723125,84,0.0644,1,0,1,Very High
26.257327375260594,25307.060293419938,Self-Employed,635.1627835439613,17353.29004736629,72,0.0686,1,0,1,Very High
32.12042759281341,12824.706386135511,Unemployed,531.2736253928665,4079.963021605765,12,0.0568,1,1,1,Very High
47.7048945213324,93414.36398883084,Self-Employed,676.2177031011056,89395.58845724267,24,0.2832,1,3,1,Very High
27.605924039684666,10634.119034473944,Student,632.9935328939126,1000.0,12,0.0094,0,0,1,Very High
33.944981011475654,37427.6577866151,Self-Employed,707.4102735551377,14223.655588389767,48,0.038,2,0,1,Very High
56.53585889569398,54211.03980241862,Self-Employed,624.2023163614919,4329.611958189344,12,0.008,2,0,1,Very High
42.23914667494341,30710.73293843045,Self-Employed,656.6975630777841,9726.61357972678,72,0.0317,0,0,0,High
47.840418900999055,12420.000462397766,Unemployed,648.6186044051403,15195.61262754154,36,0.3223,1,2,1,Very High
47.75691503485721,64697.2844310555,Salaried,647.9419223917802,28072.945603831846,60,0.1059,0,1,1,Medium
44.369859743052004,30942.01313989269,Unemployed,655.3362422264372,11190.654903684224,60,0.0362,0,0,0,Very High
41.315968986538834,66982.78670055336,Salaried,629.7780809877104,62388.93158099089,84,0.1931,1,1,1,Very High
33.86224853159136,78408.65283112052,Salaried,697.7938811974254,71906.34194206355,84,0.1167,0,1,0,High
41.47326483993276,59745.319236214564,Self-Employed,701.2942044939259,67174.01227162029,60,0.1624,0,2,1,Very High
58.31028643004035,59298.848387071885,Salaried,665.9461293908661,58052.47993567934,84,0.1479,1,2,1,Very High
55.8478380410777,68088.6130531096,Self-Employed,656.3828269527509,80802.93414031703,36,0.1812,0,1,1,Very High
42.558231181298794,40044.11033037116,Self-Employed,659.5055526406106,32039.81572169198,60,0.2675,1,3,1,Very High
46.745696329298745,53792.616651494354,Salaried,653.7172599119558,34008.04651818473,12,0.1382,0,3,0,Medium
51.283974930477896,14247.484292007071,Unemployed,614.8908869241841,10582.547430224091,24,0.1993,1,2,1,Very High
35.37933485880309,30420.049384029888,Salaried,619.7489544840982,28735.357177141123,24,0.1195,1,1,1,Very High
47.80373631935719,15835.455393644253,Unemployed,584.0903528522928,13307.36162675668,36,0.334,2,4,1,Very High
42.83173381515808,50615.33370905822,Salaried,693.6630099564859,44601.085066926156,84,0.2131,1,2,1,Very High
34.49052804436554,25215.28059827789,Unemployed,640.0105406650371,6053.580043875687,36,0.124,1,1,1,Very High
20.836439434315878,21217.28540270345,Student,572.9858690923506,28409.614336066392,72,0.1964,1,1,1,Very High
20.06181483898031,15397.901365653575,Student,598.6909481889777,20864.93410406374,60,0.1355,1,0,1,Very High
34.86150704630385,81275.2737993242,Salaried,699.6325051052861,94165.55036247976,24,0.1159,0,0,0,High
65.0,20363.027072630823,Unemployed,653.6897182536703,17619.119851818297,36,0.1865,1,1,1,Very High
37.068298674162286,38186.85934386814,Salaried,615.4485011187527,36979.76345835302,24,0.0968,0,0,1,Very High
45.62528393096808,82174.00300634443,Salaried,604.1906468666193,73684.39737630874,24,0.1522,0,1,1,Very High
35.858395818111596,7000.204571591201,Unemployed,567.7590584173116,2044.1391023028511,24,0.0792,2,2,1,Very High
36.34038146644627,88101.56933738093,Salaried,726.2748735283287,65821.51402338166,60,0.2747,0,2,1,Very High
55.543924356052386,106094.22071162003,Salaried,656.6010789633602,57291.83136389358,12,0.1165,0,1,0,Low
31.569440502374274,19872.033506537402,Unemployed,611.7370635725456,11922.359522959918,84,0.06,0,0,1,Very High
24.54539384074156,29867.48563641103,Salaried,642.813424653036,1000.0,48,0.0658,1,1,1,Very High
40.473508683202425,47692.44679186983,Salaried,682.5311412806321,59907.649043539284,48,0.1256,0,0,0,High
21.537318739060854,21707.283573991524,Student,682.979699646654,19208.65984743609,36,0.2885,0,2,1,Very High
46.40127545240409,11769.440301226554,Unemployed,557.6704335344102,4342.628407527936,84,0.0994,1,1,1,Very High
24.71278148167154,16661.568189342852,Student,593.6159861575333,9037.671945019538,36,0.0542,0,0,1,Very High
23.0,45532.790886981915,Self-Employed,617.982992824802,13522.32751397981,84,0.1297,1,1,0,Very High
26.138391143121652,42660.22229281025,Self-Employed,748.4724437947418,11372.509160132655,60,0.0517,1,1,1,Very High
46.10665218303942,10000.0,Self-Employed,625.2821187375214,1936.2792759748565,60,0.2194,0,2,1,Very High
32.99158264141059,48812.10664342985,Self-Employed,616.3006923975331,35468.54255591887,72,0.1727,1,1,1,Very High
20.0,19043.948488891012,Unemployed,637.4580576369949,8342.487116234774,48,0.2313,0,3,1,Very High
35.22766978799384,24241.737177059676,Self-Employed,686.2361461089066,11830.851955268801,60,0.1113,1,1,1,Very High
22.406220270049953,15460.976647927111,Student,634.4707575604785,11600.011830944233,24,0.075,1,0,1,Very High
41.368006042768016,52042.953499370014,Salaried,612.8652168258395,58804.29249796065,24,0.1755,1,1,1,Very High
30.381060117230316,36447.221944942794,Salaried,590.5627057168085,19929.5832342555,60,0.0797,0,1,1,Very High
28.471926140248904,74593.25065549237,Salaried,640.559610289965,31507.28788844247,48,0.1672,1,2,1,Very High
30.830554520584187,88679.36014696024,Salaried,655.4962681679971,1000.0,60,0.1261,1,2,1,High
50.91133161888427,50063.77539184207,Salaried,688.6603259576495,35896.07298632119,72,0.0717,1,0,1,High
50.97426027788083,96404.75560345125,Salaried,654.8395267001138,93346.43745658976,60,0.1593,0,1,1,Medium
37.06640508133146,67551.71721839435,Salaried,570.5035236181443,83773.51128500426,60,0.149,0,1,1,Very High
56.9058393451016,28836.792691171744,Self-Employed,621.3205124302181,26225.737643390356,36,0.1534,1,1,1,Very High
53.83563103277617,97692.61290702269,Salaried,681.1314382113494,46277.91142563188,12,0.1224,1,3,1,Medium
36.26056602184724,45949.26667408629,Salaried,598.8984370175115,46277.50379370387,36,0.2007,1,1,1,Very High
27.6695262616475,19726.08441740026,Student,580.9474701994152,13512.07069074781,84,0.131,1,1,1,Very High
32.07845027714079,17839.863759752596,Student,659.3675082821009,4125.707927824186,24,0.0856,1,1,1,Very High
53.71310176913108,60644.78296757996,Salaried,664.0957458976699,31519.267451884374,72,0.077,1,1,0,High
38.665927307126786,58498.985774258326,Salaried,630.4007228815408,33781.50234291214,36,0.1827,0,2,1,Very High
22.850814188173942,25917.568383239533,Student,560.5615905658345,9466.248587143913,24,0.099,1,1,1,Very High
41.981917487308856,12000.0,Salaried,714.3953659251689,12013.518116545823,48,0.1251,0,1,1,Very High
42.129420017041056,23811.802833956444,Unemployed,585.5399722122555,22619.764337520228,84,0.1575,0,1,1,Very High
47.344661722802684,79210.00210036198,Salaried,606.8719600531847,36469.73680710743,72,0.146,0,1,0,High
42.115809158475365,13244.967610944072,Unemployed,596.1617794428039,9731.61379131181,72,0.136,0,1,1,Very High
46.77055979879279,69702.0500561708,Salaried,697.4824094816612,48778.65182734999,60,0.12,0,2,1,High
43.24467902987902,76544.37801887836,Salaried,619.28758502336,4354.087586100008,24,0.1307,0,2,1,Very High
22.234148057570994,16415.968803183456,Student,671.1041283409024,6713.569334075196,48,0.1659,0,2,1,Very High
21.00018032730466,7073.9677195325185,Student,573.2258937981914,6593.794622408368,48,0.0932,0,0,1,Very High
43.27687357046,52563.740183425165,Self-Employed,635.5382269694346,22364.029593765837,36,0.105,0,1,1,Very High
57.37946913356221,62360.18779300624,Self-Employed,679.2418380261897,29107.174826480954,24,0.1717,1,2,1,Very High
40.592604588463,23682.46324569395,Self-Employed,639.4480522204655,27167.54910243701,48,0.1147,1,0,1,Very High
41.90958093101699,31344.348818561615,Salaried,638.3349325770253,31307.721345126523,24,0.1624,0,1,1,Very High
22.442231410112328,9062.879675924713,Student,564.0076706529624,3371.6363234994014,84,0.0622,0,1,1,Very High
45.97572045417799,94656.67985019123,Salaried,686.3804402017892,66125.55512487424,84,0.0949,0,1,0,Low
57.57384559368695,19523.13113190838,Unemployed,695.425205118887,10827.73571944069,60,0.1805,0,2,1,Very High
39.147767750947295,33673.6835081905,Self-Employed,647.967794582523,18527.701280305737,72,0.055,2,0,1,Very High
23.02129202650843,32255.16980691941,Student,647.0915505042846,7534.560254530913,60,0.0234,0,0,1,Very High
38.14493052517214,58900.27117155196,Salaried,593.436033067572,58060.9665163168,24,0.1986,1,1,1,Very High
43.79118059777124,44031.697167516555,Salaried,626.9699635179932,33820.08051870731,36,0.0768,0,0,1,Very High
40.41273613612562,22941.434139397395,Self-Employed,688.3813669698781,9300.7359406041,84,0.0655,1,1,1,Very High
41.52423599042516,45054.131916336126,Self-Employed,671.6276285055512,36670.32228486634,24,0.0814,1,0,1,High
46.33076592556617,24218.615715351752,Unemployed,620.0531380068552,16339.301304083663,36,0.0675,0,0,1,Very High
21.14790776204807,12853.808452509977,Student,583.0002660591484,8737.76194008005,48,0.368,0,3,1,Very High
25.342192140805704,10095.259437934368,Student,616.3210553020034,11020.36032775338,36,0.2342,0,2,1,Very High
53.65713454512931,6692.100194219922,Unemployed,580.6186721231744,6607.694287094924,48,0.0987,0,0,1,Very High
59.919482535847024,71808.59705547863,Self-Employed,632.0493735748207,47477.181876366834,72,0.0661,0,0,1,Very High
35.301100374315325,15456.043668843513,Unemployed,594.6539376622552,5299.051840245315,48,0.0968,1,1,1,Very High
18.0,28087.508053340964,Student,551.8787887277133,18854.49862917735,24,0.2546,1,3,1,Very High
33.27783927961851,20979.70089722944,Unemployed,640.9782995076882,3306.0631087081256,48,0.0158,1,0,1,Very High
37.03971130887501,46340.647354689456,Salaried,646.7353622724183,15387.242097520038,60,0.2832,0,4,1,Very High
18.316409818048214,26494.85756763154,Student,555.69350537134,18277.087242056903,36,0.094,0,1,1,Very High
49.33840996063194,57631.77284735583,Salaried,598.1626714199954,40320.0913056318,60,0.095,1,1,0,Very High
20.0,11688.033556370705,Unemployed,597.4213953050299,1000.0,84,0.0086,0,0,1,Very High
44.14117571138614,21695.81171156026,Self-Employed,672.9093095299216,19082.727613289164,24,0.213,1,2,1,Very High
23.696249864918286,37656.52395790038,Salaried,622.427526729553,38963.281661900255,60,0.166,0,1,1,Very High
51.47913768914721,7404.111306307222,Unemployed,642.4602417787329,5383.450890904638,24,0.0977,0,1,1,Very High
60.021986053246174,68956.5463547733,Salaried,633.7980262097989,77319.74899503187,36,0.1121,0,0,0,High
28.358043498102187,66354.43912352558,Salaried,729.0680969377016,48305.724842783406,36,0.3228,0,4,1,Very High
20.525767423115187,17349.143520850368,Student,633.9524269663933,11140.570927258983,36,0.0642,0,0,1,Very High
36.053795740135925,45083.41600058738,Salaried,636.1434294689607,29353.18126156947,48,0.1651,0,1,1,Very High
37.71961402377235,3000.0,Unemployed,641.3616064862236,1906.8340031505609,72,0.1261,1,1,1,Very High
56.01817631431968,62874.26513883495,Self-Employed,647.3050219024017,64802.3702915039,84,0.1781,0,3,1,Very High
57.4359776067302,13851.425282901017,Unemployed,642.9501988836024,10630.125881633627,36,0.1392,0,1,1,Very High
29.1751469247342,18020.12253167273,Student,592.3676956219225,4431.779686020809,24,0.3246,1,3,1,Very High
33.97293803224189,60847.74632005725,Salaried,603.8221452570998,28453.339234314797,48,0.0718,0,1,1,High
59.88074895261307,49383.1604216803,Salaried,670.7015937685611,25678.28088356112,48,0.052,1,0,0,Low
65.0,15029.333999958015,Unemployed,689.4283960287809,18261.745927975302,36,0.1465,0,1,1,Very High
43.417115440115836,18401.948061131894,Unemployed,658.5135686536505,14041.98016973624,72,0.2013,0,2,1,Very High
23.410759083817865,13975.979898249963,Student,627.1860567260878,14948.713024490258,48,0.307,0,2,1,Very High
41.90764898234632,63328.77213703429,Salaried,637.1152999093256,44493.601119438026,48,0.1953,1,2,1,Very High
47.19661182278688,89807.45334119545,Salaried,625.8991515418668,63401.13853239542,84,0.0956,1,1,0,Very High
44.39192233724128,43420.85625902732,Salaried,592.9589354541903,45202.35326185955,24,0.2291,0,2,1,Very High
27.801951858356986,48876.189198177446,Salaried,665.8643984808333,51324.13419470645,72,0.105,1,0,0,Very High
45.163500540168926,102843.10981235956,Self-Employed,606.0431728611804,42645.063044080365,72,0.0415,1,0,0,High
20.622166500810742,16100.126060281304,Student,594.2845746668281,15730.4031417978,36,0.1727,0,3,1,Very High
50.94717032306644,39325.347150675996,Self-Employed,638.0396542887379,48010.421994699835,48,0.1721,2,2,1,Very High
56.368232355143846,17110.86483969351,Unemployed,595.2149552428712,18688.6576033878,24,0.1592,0,2,1,Very High
27.985557236845175,14596.835487988033,Unemployed,596.3790827615817,9203.527979406263,72,0.1881,0,2,1,Very High
30.075655244404174,12700.44740088869,Unemployed,589.8843971871212,4965.418550012946,48,0.0641,0,1,0,Very High
37.17295719515303,6745.303064929629,Unemployed,620.9435572867405,3558.5562827763188,72,0.0778,1,1,1,Very High
38.25463667532592,37469.971414286585,Salaried,584.6592518541728,33831.26580472534,48,0.1903,1,4,1,Very High
27.468423245824127,27187.96238864281,Student,584.870250594685,11909.472494776288,72,0.0438,0,0,1,Very High
24.79004851484267,32576.489123418425,Student,618.8081785414236,17173.0077749441,12,0.1152,3,1,1,Very High
34.535813272779905,37619.609508642534,Salaried,663.8181481002874,42805.06047377213,48,0.2388,2,2,1,Very High
41.23790401457669,94079.8489531414,Salaried,685.3120657380044,64658.69653830037,48,0.0937,0,1,1,Low
35.29828811712079,55583.56684448928,Salaried,684.2703408472562,48561.066574494245,24,0.0874,1,0,1,High
54.475887584671455,41797.02218888865,Self-Employed,625.4669838605117,47534.34671737469,48,0.1137,0,0,1,Very High
35.25718601847214,50465.90198607558,Self-Employed,706.2922683010789,38766.10025423262,36,0.0768,0,0,0,High
59.775161456663085,16758.496581073345,Unemployed,649.8964213972142,15389.988298461198,24,0.1543,0,1,1,Very High
44.167521643802885,30453.709245959042,Salaried,587.1328863777525,21628.83856837995,36,0.321,1,4,1,Very High
31.048725567176042,20936.929754316436,Student,599.6411686671275,25499.919684818768,12,0.1218,1,0,1,Very High
25.409899647860165,15501.562774352127,Student,654.4954924726156,7227.696160875857,36,0.0716,1,1,1,Very High
26.567235935813066,28776.54711153603,Student,590.8956159171489,7441.272071881096,36,0.0259,2,0,1,Very High
53.08973742517978,52344.3697951846,Self-Employed,645.0181345952142,1000.0,60,0.0644,1,1,1,Very High
27.954240744545785,59857.14533490856,Self-Employed,657.0708448838269,35107.64899351742,24,0.1087,0,2,1,High
25.075153074674052,42268.557966068256,Self-Employed,721.6904460537377,16994.39552138442,36,0.1027,1,1,0,High
31.00862313370674,50886.48245327317,Salaried,631.2310450454984,35056.55208755155,24,0.2564,0,3,1,Very High
38.547813596341825,113236.24998165635,Salaried,641.3005948023767,49958.22140463418,24,0.0441,0,0,0,Medium
43.24092764487714,13128.65359034102,Unemployed,591.8940739664064,7455.209342959058,36,0.1193,2,1,1,Very High
41.620038364037235,82098.98427669889,Salaried,645.2437184258397,33384.51234526379,60,0.0407,0,0,0,Medium
35.92437399319393,65843.51985124257,Salaried,646.4349469050335,1000.0,72,0.0265,0,1,1,High
35.71541325365071,45892.622102261936,Salaried,638.6444079563844,17369.127616062473,48,0.1378,1,1,0,High
56.178050499801756,82884.2665702682,Salaried,659.6442896377278,92088.82086041848,60,0.1611,1,2,1,Very High
34.03614179403161,14633.031199344538,Unemployed,593.6431491360514,1000.0,72,0.0068,1,0,1,Very High
49.340764031819454,57744.91445563914,Salaried,682.235435161396,52976.57830495434,60,0.1167,0,1,0,Low
21.457188303914812,6724.944344319214,Unemployed,652.7605106560676,4762.538148908431,24,0.0708,1,0,1,Very High
43.58642653485646,92165.42776299336,Salaried,713.2686895851599,17421.447447217754,24,0.1439,2,2,1,Very High
50.957527509194215,21507.57457069471,Self-Employed,628.8514702939491,20561.530971026812,36,0.2831,0,3,1,Very High
23.0,28085.952975942648,Self-Employed,699.9709349376739,15815.737881136141,36,0.0563,1,0,1,Very High
41.28751700592708,81289.7347988668,Self-Employed,611.5243554725001,24057.404640508976,36,0.0546,0,1,1,Very High
37.5006742933427,21136.946041631047,Unemployed,595.9419534348891,14879.403060749475,12,0.0954,0,1,0,Very High
31.907060933853813,3000.0,Unemployed,610.9075623914027,1171.8711906885574,84,0.0641,1,1,1,Very High
46.926839375470024,98158.03817763887,Salaried,603.3132099754412,68711.35439254827,24,0.1325,0,1,1,High
27.694744202982385,11216.785553801572,Student,606.3098942029559,5242.976204287168,36,0.1467,1,1,1,Very High
55.93931132379531,11688.605462241927,Unemployed,619.5118625268118,6030.926761159884,72,0.1016,0,2,1,Very High
47.2228901912536,77643.08961386315,Self-Employed,662.3510826928724,78069.36392388238,72,0.2255,0,2,1,Very High
41.57295474375515,28291.989025369083,Salaried,624.3483164579446,12815.231776455807,24,0.2328,0,3,1,Very High
36.597558926593734,66390.6294465162,Salaried,655.4813522898975,18596.14426151789,48,0.0905,0,1,0,Low
44.3283328095512,74188.11106684168,Salaried,762.8790576474581,84035.42911637966,24,0.1133,0,0,0,Low
50.455104698728704,10943.603399081545,Unemployed,677.0276341046894,12386.419250300534,36,0.1757,1,1,1,Very High
53.789662645639055,12333.0280589621,Unemployed,681.2032917424477,7525.774878878062,12,0.086,2,1,1,Very High
38.73298108297186,69123.106263405,Self-Employed,658.9934399935145,62063.92571573158,24,0.1898,0,1,1,Very High
49.23500769542179,37676.4075738198,Salaried,653.3724804582173,41507.630860492296,24,0.1727,0,1,1,Very High
26.313074334487006,20301.966726352664,Unemployed,698.3158737648321,2312.420386023924,12,0.0614,0,2,1,Very High
29.679233648967625,99042.07908937985,Salaried,648.7954849300444,28745.091634817854,36,0.0915,0,1,0,Medium
39.57197701080567,64402.779141827144,Salaried,752.8686034027289,39828.690514241156,24,0.1243,1,1,0,Low
23.515991688266176,64893.04616434998,Salaried,618.6615402764505,64617.04637085642,12,0.0996,0,0,0,Very High
33.044451635742114,94979.43324881744,Salaried,604.8640554261815,50022.3974784883,24,0.0777,1,1,1,High
28.083335747233956,34756.70391804291,Student,571.1657175789192,18208.257472463647,24,0.1149,0,1,1,Very High
48.0374414164238,89819.12814060732,Salaried,638.5331417508772,86723.34114401741,48,0.1216,0,1,1,Very High
43.025414660631,19884.75385933358,Unemployed,574.2389428093027,3888.449159107753,12,0.0821,1,1,1,Very High
28.163332476904433,23591.023059116473,Unemployed,593.772234749099,33076.74411332778,84,0.2402,0,1,1,Very High
47.70753994162264,99996.18925929781,Self-Employed,650.7019987235658,80990.95920695271,72,0.1435,0,1,0,Medium
50.85682062690695,36762.19437213369,Self-Employed,626.6950365921019,14123.038774855604,36,0.0634,0,1,0,Very High
26.252007234867186,26199.03386261313,Student,615.5126074919812,16973.08215327084,12,0.0898,1,1,1,Very High
51.421611251831926,48067.144284707276,Self-Employed,702.0558190493841,62929.83639087705,48,0.3184,1,3,1,Very High
28.583088611249003,23824.5482034538,Student,567.1950174799404,17068.24517449419,36,0.1341,0,1,1,Very High
23.0044397516905,68317.87300734453,Salaried,643.4652264700067,44982.988649375504,60,0.1658,0,4,1,Very High
46.784230754654125,50504.70082530361,Salaried,672.4832660372033,47092.51503749488,60,0.0932,0,0,0,Medium
36.321865130512045,70147.35585244249,Self-Employed,648.4325389644782,111015.87152119944,60,0.1583,1,0,1,Very High
29.761947927870075,120444.53882224268,Salaried,667.4023199260507,27906.764660313143,60,0.2107,1,3,1,High
46.96408811228601,57192.26626551722,Self-Employed,691.9041497745668,71130.3955550667,48,0.1244,1,0,1,High
25.119562198399656,23985.962742629246,Student,600.0883497871139,10081.73602023597,48,0.042,2,0,1,Very High
39.25880220453821,93508.01867806428,Salaried,729.6072310518789,46613.24446368509,36,0.1498,0,1,0,Low
42.398230797728324,55392.242118914415,Salaried,733.4263323771469,62710.79028596604,84,0.4257,1,5,1,Very High
18.0,13951.679209738215,Student,544.607655923077,8400.26614050134,60,0.0602,1,0,1,Very High
43.11055706497599,91924.24130342937,Salaried,600.3431306721174,42837.11771954839,36,0.0466,2,0,0,Very High
69.2497213907414,28401.954096764675,Self-Employed,667.6889296665186,24734.836761325227,60,0.0871,0,0,1,High
28.802454216909922,6670.802437256876,Student,615.8573981414032,2792.2102802313516,60,0.1669,2,2,1,Very High
27.450702585138316,9924.767903754302,Student,600.3303814670155,6425.649583986923,60,0.0647,0,0,1,Very High
46.79799497537284,60728.00355219801,Self-Employed,712.1759471236096,53690.58834048303,48,0.0884,1,0,1,Very High
34.943729259339015,37807.79634278721,Self-Employed,650.8195354589094,17150.569670697878,48,0.0954,1,2,1,Very High
23.545920292407335,7886.457311800552,Student,695.3140571782247,2694.6873898439026,60,0.1342,1,1,1,Very High
55.30434190206857,82676.95007359327,Salaried,668.2566343199618,26468.200413068884,36,0.532,1,5,1,Very High
44.433701700795034,32999.007068861705,Self-Employed,584.1786767481632,10423.865409748287,72,0.0316,1,0,1,Very High
24.2097515363414,3774.651022791386,Unemployed,594.8703171396285,4788.490836538961,72,0.1269,1,0,1,Very High
35.19810960181816,16327.32512465126,Unemployed,563.8276307176943,15814.239994078782,48,0.1594,0,1,1,Very High
27.224219729358232,103633.34507873218,Salaried,635.9019203469611,147137.66902726324,48,0.267,0,5,1,Very High
40.45370811075513,71805.05929412854,Self-Employed,676.7454935912501,46785.557090649534,72,0.1277,0,1,1,High
47.47575848187721,9579.485613261548,Unemployed,652.6564676417984,3041.7616922650514,24,0.1568,0,2,1,Very High
27.296958169271065,19559.29350543549,Unemployed,588.025681311217,14740.521934645998,36,0.1004,0,1,1,Very High
38.133914250613365,61744.662716708786,Self-Employed,636.9130335202121,75260.71043081439,60,0.1219,0,0,1,Very High
41.54789874933585,50814.23618364012,Salaried,675.1098547794843,48053.82964155616,72,0.1571,0,1,1,Very High
48.456961266844644,63293.562521361644,Salaried,607.7494865226398,76017.44172003624,84,0.1451,0,1,0,High
46.32184966795424,23596.282939147317,Self-Employed,634.0976939040756,8254.12803981141,48,0.035,0,0,0,Very High
42.216269718742375,47488.02156359681,Self-Employed,664.8695207949106,25759.16322455854,60,0.0542,0,0,1,Medium
18.0,24829.425687303643,Student,658.2757302531685,27754.708336171632,72,0.1118,1,0,1,Very High
32.72312630255199,55933.53471372419,Salaried,605.367007372655,72179.09959177658,12,0.254,0,2,1,Very High
40.77232545084882,12682.710173551612,Unemployed,621.7102725541871,9811.068316553028,60,0.0774,0,0,1,Very High
23.332691734657484,21730.974481797075,Student,648.7592864109884,10296.72438659216,48,0.2349,1,3,1,Very High
27.852268689189174,69215.2725848548,Self-Employed,635.6695469963097,74787.34300054336,24,0.1081,0,0,1,Very High
44.2748105480351,71426.24481299343,Salaried,691.047071719904,82096.40353974763,24,0.1149,1,0,0,High
37.83375842843485,10000.0,Self-Employed,598.5293029561071,11271.917206564605,24,0.4127,1,3,1,Very High
44.004546571003836,3000.0,Unemployed,657.7653742674744,3836.79546080608,60,0.2279,0,1,1,Very High
21.142297617907502,15891.593103650626,Student,578.3023617335964,12854.976266365604,48,0.0809,1,0,1,Very High
25.730270834650298,20373.258398670354,Unemployed,582.0895157087778,26051.75490284844,84,0.1779,0,2,1,Very High
39.89539766986128,16408.13907680128,Unemployed,606.3326267218687,19208.62853727445,24,0.1421,1,1,1,Very High
45.82377112463781,45967.0320726191,Salaried,645.0298604830585,21158.089881774424,48,0.096,0,2,1,Very High
36.76964600598528,18426.141387212225,Unemployed,587.6848988889722,7962.674184194057,84,0.4432,0,4,1,Very High
18.76812497697866,29074.69017016527,Student,685.0145258134464,1000.0,36,0.0534,0,2,0,Very High
30.387132025074052,70415.51220530667,Salaried,670.8650566226291,105470.38712944114,12,0.3373,2,3,1,Very High
36.612638366687115,12132.623219875473,Unemployed,601.7133850653859,1142.3095431610855,36,0.0719,1,1,1,Very High
36.40929210088497,10000.0,Self-Employed,610.4033823817114,8354.177117022984,36,0.3335,0,4,1,Very High
38.305997308372625,50675.61769777471,Salaried,666.6064815516979,44212.2292366288,72,0.2747,1,3,1,Very High
60.358744579284306,52947.303401227975,Salaried,667.767069545452,47426.43735493119,72,0.1896,0,1,1,High
18.0,15865.467992736267,Student,621.5588203494992,20347.039546490607,72,0.1282,3,0,1,Very High
37.720821478457076,36544.56327894007,Salaried,709.9069679472871,47169.67400280131,60,0.1291,0,0,1,Very High
28.612582376295464,45515.20973853492,Salaried,707.0256783182948,4226.291924988134,60,0.0843,0,3,1,Medium
42.760443785713214,115257.12950875082,Salaried,688.868428348379,112689.57852460074,72,0.2228,0,2,0,High
25.932336081939486,11535.371608217527,Student,598.4876112609965,4768.195595234056,24,0.1413,0,4,1,Very High
28.81813878179792,16825.479172295298,Student,622.5138157257882,9935.179758925287,24,0.084,0,1,1,Very High
36.87280117883368,44326.100235997445,Self-Employed,662.7594856000286,47782.084700362466,60,0.2078,1,1,1,Very High
48.5168662778556,31023.00286654794,Self-Employed,634.4003168862472,10602.556950958222,48,0.1342,1,4,1,Very High
41.288846468507316,27863.88512941551,Salaried,625.9359861731728,16529.17448846938,24,0.0593,0,0,1,High
40.04863941814216,45026.16902132865,Self-Employed,661.8486362546624,24911.25958752726,48,0.1178,0,1,1,Medium
53.76418108696133,37897.532005900546,Salaried,664.2936111730403,8705.862898846139,48,0.2105,1,3,1,Very High
41.774983440708944,17731.535524088973,Unemployed,667.3523825711474,6939.689717602107,48,0.1016,0,1,0,Very High
29.5687520206529,24960.751991781326,Salaried,647.0660211560817,17592.482182104875,48,0.3705,2,3,1,Very High
18.0,12692.166580535557,Student,666.8578929110625,9110.428656109301,48,0.1218,1,2,1,Very High
38.0397339813199,65759.67168018741,Salaried,659.6057509917339,39105.46188719518,24,0.0845,0,1,0,Low
55.93330825807446,64330.403874162956,Self-Employed,729.8471377938378,36913.42179183454,72,0.2574,1,2,1,Very High
38.73584330917762,88549.67483347273,Self-Employed,654.4295722645267,76154.6671250156,60,0.286,0,2,1,Very High
42.384208622561964,76352.23792520717,Salaried,632.7950429305464,106374.98506220002,36,0.1643,0,1,0,Very High
48.58876239164884,82503.69465767802,Salaried,652.615444846192,35303.674969726235,60,0.0428,2,0,1,Very High
37.9124899339717,59900.86434694004,Self-Employed,633.1365403534601,49829.648420436526,12,0.1457,0,1,1,Very High
23.118513050335853,55904.38958517008,Self-Employed,673.9901669876522,8032.418113152447,12,0.1394,1,2,1,High
32.17474574629193,50604.305676666045,Salaried,673.3641925622208,29417.691889601898,60,0.1206,1,1,0,Low
48.01024441968866,57401.963517828925,Salaried,646.4950874471355,34613.45664224141,48,0.1103,0,2,1,Very High
44.96171873872298,60372.15215710607,Salaried,593.1624174954521,24665.06955559546,36,0.1034,0,1,1,High
45.636240880797516,28177.494329148853,Salaried,612.5528939897766,21543.25485308977,36,0.1265,0,2,1,Very High
44.57677205885214,18712.745980352178,Self-Employed,672.3239129791469,4242.045576756879,72,0.0227,0,0,0,High
58.056828608923354,70246.13017463016,Salaried,639.161008062448,9066.69118538197,60,0.1129,0,1,1,Medium
32.026294937597754,77627.24742318808,Salaried,689.0952144617021,39217.04020181796,24,0.113,0,1,0,Low
49.14462582454441,75397.34456906693,Self-Employed,660.4418354783623,48364.42184143044,72,0.0891,0,1,1,Medium
40.10966495692258,56906.069504636245,Salaried,729.7472136633315,28898.53475795625,60,0.1258,1,3,1,High
18.023626721070386,11236.619259412524,Student,613.5165095345363,11288.834744455518,36,0.2255,0,2,1,Very High
25.58182888406171,17600.7209680436,Student,657.9579060494617,14762.691978197447,36,0.2089,2,2,1,Very High
47.58337000627527,89069.87144188808,Salaried,670.8508851764293,55682.29133895715,36,0.2625,0,2,1,Very High
31.235139189568013,45827.147956064335,Student,600.9974998280603,30896.604020339713,72,0.1299,1,1,1,Very High
18.0,24364.39323236566,Student,530.8742501560205,5516.694335837306,36,0.0226,1,0,1,Very High
32.95786103728266,93790.3314036541,Salaried,657.2544679589837,17425.85854253943,24,0.0186,0,0,0,Low
42.978173849787424,41700.131545624274,Self-Employed,626.7179504884033,19184.671134536948,36,0.146,0,1,1,Very High
55.73957447482495,75898.56157056116,Self-Employed,614.5332636517137,46702.588398069565,60,0.1115,1,2,1,Very High
42.487040530728464,91162.35780095466,Self-Employed,666.6779574395673,21049.773153923583,36,0.0231,1,0,0,Low
24.86169229695627,10592.786005647486,Student,655.4250152249944,5163.864145865937,36,0.0487,1,0,1,Very High
22.912832626373582,5368.028594175432,Student,628.0523833060106,7182.348137093027,48,0.1963,0,1,1,Very High
25.140878736021538,38258.857871967586,Student,602.7105666852784,43999.42232404684,60,0.215,1,1,1,Very High
45.95304314781154,39884.72526533416,Salaried,707.0481508178641,50853.20467060793,60,0.19,1,1,1,Very High
51.6549389407106,68319.58259090185,Salaried,682.2955658624364,15836.070895749142,24,0.1232,1,1,0,Medium
22.916475764870754,20093.980088055985,Student,601.7097486625478,7754.747629704068,36,0.1386,1,1,1,Very High
35.0,9477.261086578059,Student,668.9196210971401,10497.218081272598,24,0.1108,1,0,1,Very High
49.45170902360115,32299.023650347524,Self-Employed,673.0335863189913,34815.96055004498,48,0.2078,0,1,1,Very High
23.0,69251.36333794869,Self-Employed,666.9842874490718,56838.02959923421,36,0.2821,1,2,1,Very High
39.32547032190296,115047.7346980014,Salaried,655.5089047894272,99375.77132077844,36,0.2114,0,2,1,Very High
20.9098564961412,9614.326646754782,Unemployed,561.8137530829679,10775.38619623149,60,0.1121,1,0,1,Very High
20.016884342226223,19775.55394751704,Student,624.4266427219085,14739.193515037849,84,0.1495,0,3,1,Very High
41.04866850735508,15735.007067169012,Unemployed,586.3362604279398,19974.49018821615,72,0.1269,0,0,1,Very High
39.95157035941468,94112.38469118322,Self-Employed,636.7785846190008,70000.64769936349,24,0.0744,0,0,1,High
36.154509760223725,4889.461347293258,Unemployed,633.0494893452023,1000.0,36,0.1455,1,2,1,Very High
45.448739830840026,74068.15523058338,Salaried,658.0602019902959,26740.696050645525,84,0.0611,0,1,0,Low
28.87938310604185,62837.58323566157,Salaried,628.6669826380852,1000.0,60,0.0016,0,0,1,Medium
40.505474530844786,68814.27522877419,Salaried,696.2569247485137,50947.22096427187,48,0.1365,0,1,0,Medium
18.472566356830576,7074.694552910032,Student,590.8683652683525,3045.0164110211135,12,0.068,2,1,1,Very High
23.0,39243.59049079648,Self-Employed,599.8802014383613,32326.702658606213,48,0.0824,1,0,1,Very High
42.32945568554987,20410.20662201961,Unemployed,658.2476199406228,3804.9257083748444,48,0.0936,0,3,1,Very High
65.0,20841.678831583406,Unemployed,657.1966891152043,12919.038419309163,24,0.087,2,1,1,Very High
44.12388492214052,45852.22720971,Self-Employed,636.9058246289069,1383.087042829693,60,0.028,0,1,1,High
48.72198960435809,97687.35067481917,Salaried,656.5286937337877,68887.18032001314,72,0.1205,2,2,1,High
18.5047926714059,17199.898953510296,Student,584.3172277233753,13459.330763833947,60,0.0783,0,0,1,Very High
53.34830718945662,51758.125354763404,Self-Employed,715.5390761535745,43833.19512866695,60,0.2847,0,2,0,Very High
18.0,24030.232644229713,Student,667.2059975862692,38327.037912618915,24,0.1595,0,0,1,Very High
42.00781799017161,50462.53327372129,Salaried,558.5449234349463,41447.39833929638,60,0.1446,0,1,1,Very High
49.79301007943664,25679.747181893264,Unemployed,636.080549413041,10729.797882866078,48,0.0418,0,0,1,Very High
32.50314590291775,40953.13125227486,Self-Employed,621.766047314904,18608.580587489545,36,0.0454,1,0,1,Very High
28.225802670183576,12058.967999531778,Student,600.0199689502925,8993.880752058252,60,0.1371,0,1,1,Very High
38.241516978120565,9337.954093334922,Unemployed,494.4841072223685,3504.0389104605792,60,0.2375,0,2,1,Very High
48.64639407749677,14413.566322226776,Self-Employed,598.512230374723,17904.532623299212,36,0.1242,0,0,1,Very High
42.7563265732865,77884.67445922946,Salaried,583.8696038858194,29039.210681507997,84,0.1623,0,2,1,Very High
26.740063570816726,8322.37475465747,Student,614.1079545715413,5265.454217556409,48,0.1133,1,2,1,Very High
24.96832588649659,25329.33848962986,Student,584.290328911986,13879.81433168375,48,0.1798,2,2,1,Very High
22.570867641303835,23906.23004877251,Student,619.5054143620579,23286.84232305653,48,0.1224,1,1,1,Very High
22.283336027146348,16902.186385309953,Student,644.8515026753989,8493.85009766716,60,0.1503,1,1,1,Very High
20.0,15888.084920696729,Unemployed,582.0059866840695,15639.238103087697,84,0.0984,0,0,1,Very High
48.114675168092035,38482.05298927195,Salaried,645.6502571836411,2210.9400347797764,72,0.0057,0,0,1,Very High
36.709444515442776,81411.76841859166,Salaried,643.055937007636,29272.058272199265,84,0.036,2,0,1,Very High
42.661010995152694,6691.794677375014,Unemployed,616.1224073818571,6486.858184178287,24,0.2844,2,3,1,Very High
23.77221575340739,16376.699419836765,Student,566.3370967063391,17847.02039580866,24,0.109,1,0,1,Very High
37.31055797451254,40946.58358313348,Salaried,690.4287892520103,36664.17748241921,84,0.152,1,1,1,Very High
24.250159655930318,21798.530582904732,Student,591.125490882832,7736.119968555813,48,0.1105,0,3,1,Very High
33.60293075725772,95958.04031105436,Salaried,599.7591640955543,34393.535918397756,84,0.0358,2,0,1,Very High
44.33923617193631,61235.76144989554,Salaried,627.7204911354888,61949.163328249844,12,0.2012,0,1,1,Very High
43.32570654491079,43463.757811287534,Salaried,608.6162176545895,1000.0,72,0.1023,0,1,1,Very High
22.22953825574,19786.535403184767,Student,606.078277446774,14630.34375968661,48,0.0989,0,1,1,Very High
44.86536175240111,3000.0,Unemployed,574.9973705260386,1509.412730518964,60,0.1003,1,2,1,Very High
43.188799525753,56964.17325139818,Salaried,697.6427106572174,49161.13318512966,72,0.1113,0,1,1,High
38.51132040934952,11331.64141017144,Unemployed,635.4844541183943,8776.848694748322,36,0.1525,1,3,1,Very High
29.476379546707207,12741.400138726205,Unemployed,571.5375026629839,1000.0,48,0.1328,1,2,1,Very High
30.14732553706214,25125.943255540395,Student,711.2570388017782,4094.9535090161644,24,0.0413,0,1,1,High
57.49320533001303,23357.219175352046,Unemployed,637.2902833483944,13393.956384542558,36,0.3073,0,4,1,Very High
35.9647918593464,93515.90947154509,Salaried,660.6647301956276,22401.775073780038,12,0.074,0,2,0,Low
20.0,19281.41988767497,Unemployed,632.2463714230568,2085.5113344704005,60,0.0108,0,0,1,Very High
48.064781002643656,79587.1239559419,Self-Employed,605.1805290774782,27574.371048495363,48,0.0971,0,1,0,High
38.95360019220671,101843.01317136528,Salaried,734.4467397588517,129695.21878458225,60,0.1273,0,0,0,Medium
48.63851744937773,51558.833615655996,Salaried,697.470883164427,50231.19447241923,36,0.0974,0,0,1,Low
38.1194413576962,105983.50475850052,Self-Employed,677.5831566971666,80369.80394051554,24,0.0758,0,0,0,Medium
20.098410915430634,7066.374899691069,Student,627.5170975907811,1000.0,36,0.0142,3,0,1,Very High
62.96967333280884,51748.8449365489,Self-Employed,682.5873230863948,36376.62606559128,72,0.1703,1,1,1,Very High
53.819025440806215,7592.03264413654,Unemployed,565.586996117598,5732.414942756035,36,0.0755,0,0,1,Very High
45.120600457365406,48819.88950176723,Salaried,605.1024821449416,44954.969939621566,24,0.1671,0,3,1,Very High
37.53325986903654,54116.738594272305,Salaried,632.532983622595,7266.869623365262,60,0.0134,1,0,1,Very High
44.58950050827972,58898.1457072553,Self-Employed,678.2951762548163,36020.11746680226,24,0.0612,0,0,0,Low
21.04771416147124,13666.023614149068,Unemployed,582.8898273776516,6886.199499250105,48,0.2504,3,2,1,Very High
27.574059562893297,19503.821298755312,Unemployed,612.9227661282598,28670.586586251324,36,0.2095,0,1,1,Very High
48.76994517840159,19030.44866351616,Self-Employed,672.9890196484353,16772.13140938075,24,0.2131,1,2,1,Very High
52.98483599707785,19411.477712071282,Salaried,656.8238288856857,14445.817733956876,24,0.2619,0,3,1,Very High
44.27083016625082,85576.35558354898,Salaried,609.5160905161065,34841.486454073536,12,0.0407,0,0,0,High
18.87187101935369,17493.44112231232,Student,603.046477825701,23416.494310829243,36,0.3339,0,2,1,Very High
35.42919312032217,81621.17795709295,Salaried,633.3767168081124,104352.58768742511,12,0.1778,0,2,1,Very High
36.637843470287784,75496.66115443686,Salaried,686.905960502428,45211.9257964511,72,0.0599,1,0,1,Very High
46.88410499741435,81561.5198509634,Salaried,726.8489509347799,82916.23070105496,48,0.3017,3,2,1,Very High
53.92413651588491,35373.39878499726,Salaried,619.3084809300776,20577.614427129636,48,0.3082,0,4,0,Very High
41.58662022832362,61159.28879629177,Salaried,658.226767598497,47827.65581946845,84,0.1407,0,1,1,Medium
22.768574857701715,16385.46893689767,Student,676.4263680353603,9705.960199888885,12,0.0592,0,0,1,Very High
32.17266970162801,10000.0,Self-Employed,629.2000115118558,7134.972031009318,48,0.1213,0,2,1,Very High
41.34974616181739,52004.64249044249,Self-Employed,680.8979227796398,39011.52968820873,12,0.075,0,0,0,High
29.199444598427853,42191.7396125325,Salaried,669.4271880522815,38043.201996816504,60,0.1402,0,2,1,Very High
20.09856086888073,11027.647932170805,Student,617.3723786223246,5230.009080628615,60,0.0474,0,0,1,Very High
57.321035402128835,74433.28442425723,Salaried,707.8126951976984,94690.45913734156,36,0.1897,1,1,1,Very High
22.0,81418.70201507937,Salaried,695.6380120085678,34106.2593548801,24,0.1669,1,2,1,Very High
37.1669248577526,55364.4564026595,Salaried,709.1981386831671,46323.7429661203,72,0.1462,0,1,0,High
39.26838803428074,74736.15479349271,Self-Employed,667.8482872357555,31117.211303152002,12,0.0916,1,2,1,High
40.774097514560026,74254.93386117864,Salaried,642.3406633602691,35384.846215727324,36,0.0477,1,0,1,Very High
53.120599404503444,20324.74495754869,Salaried,725.3707831254742,20367.009354191418,84,0.1002,0,0,1,Very High
39.15253361640557,40912.83089276239,Self-Employed,650.0805603314545,23895.280490468675,60,0.0584,1,0,1,High
40.35546669440086,85036.433220814,Salaried,657.5458072818135,87813.02585177818,24,0.3033,1,2,1,Very High
27.44849160752068,24115.178698124313,Student,614.5782375664245,3442.3870881769044,24,0.0893,0,3,1,Very High
41.41632992279949,78267.8175833252,Self-Employed,637.8435164894678,66494.72429544803,36,0.1475,0,1,1,Very High
55.93301188441525,62854.31791512532,Salaried,676.7826494328963,63943.09386715056,60,0.2892,0,3,1,Very High
34.400403340010286,11384.652533144184,Unemployed,657.2650307818791,6104.334157769039,36,0.2411,0,3,1,Very High
39.07743960178584,44951.290573591745,Salaried,606.3388933495256,30678.4818563369,36,0.1932,1,2,1,Very High
62.52143364239748,75867.87101220226,Self-Employed,645.8906454868436,4239.88815836655,60,0.0056,0,0,1,Very High
43.111476130704276,106651.0784247396,Salaried,625.7805238068265,110234.8411376427,36,0.1284,0,1,1,High
43.21311174536788,53415.707368141644,Salaried,620.3136330241622,36610.7345523072,36,0.1685,1,1,1,Very High
20.899865912503458,5000.0,Student,626.119329693707,1000.0,48,0.0825,0,1,1,Very High
43.91108498325378,46102.37584707128,Salaried,662.3088140016793,35546.051175560744,24,0.1271,1,2,1,Very High
26.843882179846766,85948.97950395611,Salaried,695.8133689129455,37305.651979287875,24,0.1184,1,3,0,High
43.73851692205824,32411.913826353866,Self-Employed,608.2934331769437,41788.440346789444,24,0.2289,1,1,1,Very High
23.281886063775737,17217.44408311251,Student,599.4041025947354,6231.8308885191145,24,0.0362,3,0,1,Very High
26.423771489811248,20564.20928455011,Student,636.0483098758523,6466.792700740549,60,0.0314,1,0,1,Very High
27.096206481922096,77709.80731406694,Salaried,593.2119156121623,19825.134904204664,12,0.1255,1,1,1,Very High
20.185976146010418,7038.8721493153525,Unemployed,618.9464408557716,6014.808532608255,84,0.148,1,1,1,Very High
23.0,28137.74509580478,Self-Employed,622.3716157288856,3027.044388821887,12,0.3108,0,3,1,Very High
23.062308390425475,34637.13534921305,Student,627.9010772419177,35462.62291378873,60,0.1649,0,1,1,Very High
36.759924784210796,50189.491774994065,Salaried,646.9991288624755,38689.971228758644,24,0.1021,2,1,1,Very High
51.79731132052777,24147.783993573925,Unemployed,612.9007109778113,21664.081895171134,60,0.1522,1,1,1,Very High
43.120033741681816,68690.76071417559,Self-Employed,619.2469508425005,72888.02443873913,60,0.2061,1,4,1,Very High
26.728111754294194,19573.737871665817,Student,570.6933653259268,17853.58547896379,36,0.1912,1,1,1,Very High
39.670352205497565,77830.7139086512,Salaried,655.0161899999634,26109.851367773685,24,0.0335,1,0,0,High
45.478141716224094,68353.02929453403,Salaried,704.6833193920711,31326.98820895228,36,0.0458,0,0,1,Medium
50.25832193771704,49366.249660383204,Self-Employed,699.0763821511486,40805.33381990653,24,0.1452,1,1,1,Very High
25.232941183658724,10637.356073176155,Student,667.6897585862274,6939.408224209106,60,0.2527,0,3,1,Very High
24.804383968554525,9300.606249240242,Unemployed,607.4960763687054,10601.202961422578,84,0.239,0,2,1,Very High
42.84327828164278,88989.29012176686,Salaried,661.6455961329748,60922.61351892867,60,0.0685,1,0,0,High
48.54955859839213,51853.974577380905,Self-Employed,576.4584046301969,11512.576626881928,48,0.0222,0,0,0,High
31.340562583391524,37829.26688555555,Self-Employed,707.6525281838715,47416.78525757823,36,0.1253,1,0,1,Very High
54.114202087153785,12989.850013328047,Self-Employed,693.1412341513183,10395.55830640776,12,0.08,1,0,1,Very High
49.36150159846078,82972.75468527044,Self-Employed,644.5448044277966,63860.79619641072,12,0.102,0,1,0,Very High
40.30321819061802,89589.00021138736,Salaried,700.1747601295519,11803.458665239137,48,0.0382,0,1,0,Medium
42.83538732504554,76257.15840364782,Salaried,659.1394198639815,55474.44522775248,36,0.1352,0,1,0,High
52.160658956131,93889.50598746186,Salaried,689.0379759517864,1000.0,12,0.0011,0,0,0,Low
22.330319945419777,15556.431072340652,Student,605.1001863663508,17886.02739163333,48,0.1775,1,1,1,Very High
23.825387608140822,17977.034872258355,Unemployed,521.5454791763046,2445.725209670194,48,0.1386,0,2,1,Very High
55.65975788667773,54999.22869297073,Salaried,664.7546665961958,50759.605425513226,84,0.1548,0,1,1,Very High
36.96461153674221,85445.97479304776,Self-Employed,659.253644044511,68158.87612825452,36,0.1048,1,1,1,Very High
28.068714917782085,29693.04402148799,Student,679.3321980070142,28225.35532272703,48,0.2201,0,2,1,Very High
44.76914981308903,64701.79170273519,Self-Employed,674.883839612138,48351.1884452722,48,0.0747,0,0,1,High
23.859688236416833,29031.502645156448,Student,640.3923751237195,26836.151342913232,60,0.2174,0,2,1,Very High
41.700912102285336,68377.91623013273,Salaried,604.320152588388,61384.17587526627,12,0.0898,0,0,0,Very High
43.93210900036539,10241.009516449058,Unemployed,598.0572814612325,1000.0,60,0.0348,1,1,1,Very High
34.30687630491044,20524.79548078614,Salaried,680.5253872721948,8886.89526738097,72,0.1058,1,1,1,Very High
58.898837304362836,27120.43063000358,Self-Employed,656.5153774622792,27688.12035659272,24,0.1646,0,1,1,Very High
20.0,12534.11170975958,Unemployed,631.2169003978926,1079.3118399716495,48,0.0086,2,0,1,Very High
26.874807726790024,7551.102417259195,Student,674.1482085424113,8116.813409034372,48,0.1075,0,0,1,Very High
45.74917737605102,53668.96651545784,Salaried,651.7856133978224,23864.51892484571,60,0.0695,1,1,1,High
37.10757460215974,80433.55611796674,Salaried,707.9039779698212,50953.25544898964,48,0.0883,0,1,0,Low
45.293999464729694,23197.092149603464,Self-Employed,649.4873743620747,13158.944282486053,36,0.5567,1,5,1,Very High
41.97439753679944,68877.50438334825,Salaried,628.0650182304912,78986.28635902076,24,0.2147,0,1,1,Very High
54.63912712837892,73460.92887177868,Self-Employed,589.9660998657102,37112.987290544086,84,0.0755,0,1,1,High
26.508079528187626,16453.79993210356,Unemployed,640.9515580738088,20288.69021995586,36,0.1483,0,1,1,Very High
57.48760912981149,14938.666606624822,Self-Employed,672.0870038104039,11745.588450830961,72,0.1036,0,1,1,Very High
49.65945710623412,43594.99236813777,Salaried,600.8182340921559,1000.0,84,0.0273,1,1,1,Very High
58.28153550739175,83643.9270005418,Salaried,611.3232914756416,41984.485022405,72,0.1502,0,1,1,Very High
46.973236707844436,21247.309294820287,Unemployed,621.3765714007304,25670.379025984857,48,0.4208,0,3,1,Very High
35.15268804479585,84932.21846642869,Salaried,684.3701916075537,56724.144665434396,60,0.0668,1,0,1,High
21.94107832442558,13106.495710546278,Student,614.8362082662273,9767.387524182896,48,0.3745,1,3,1,Very High
29.694810660094106,95738.09848215187,Salaried,644.7088474561676,32242.601930027584,24,0.1337,1,1,0,High
50.41644570546265,47998.69126836388,Salaried,687.9038417288349,11082.387682773875,48,0.2731,1,4,1,Very High
50.934343453572176,86726.34386310945,Salaried,680.7004888213949,69037.72897328778,12,0.0796,2,0,1,Very High
37.330174832248645,18275.760965963877,Unemployed,602.5095474185625,14838.558838717165,36,0.2062,1,2,1,Very High
18.0,11288.556588724517,Student,643.692562278018,4173.85714754328,84,0.162,0,2,1,Very High
31.27373156858905,25557.79042407,Unemployed,676.8245990244901,4588.584981123472,48,0.093,0,3,1,Very High
31.00394576490762,121591.34367076503,Self-Employed,567.9385422901277,70344.84915116601,36,0.1579,0,1,1,High
51.25383121503651,27275.130290598845,Unemployed,689.2415136319453,26855.313882960676,60,0.1735,0,3,1,Very High
59.31948953064374,89907.07948923385,Self-Employed,632.2660796316758,6864.086603279879,84,0.1326,1,2,1,Very High
37.80553674530585,49147.45130709679,Salaried,603.1752921979042,51588.104659613215,36,0.405,1,3,1,Very High
27.541370408330103,75950.7211028854,Self-Employed,690.8819154922971,58279.80572521412,72,0.0767,0,0,0,High
24.29262363615193,19585.36733310116,Self-Employed,654.2992065640826,11910.546903030381,12,0.2483,0,3,1,Very High
35.47665162533182,44947.194460633895,Self-Employed,606.9716205804003,36528.21316665249,36,0.1438,1,1,1,Very High
42.741661306165085,73085.76924529593,Salaried,625.2521802520855,115565.71804248623,36,0.3581,1,2,1,Very High
24.681291319104517,24605.367626429274,Student,587.1166394049839,1000.0,36,0.0041,0,0,1,Very High
48.799031318488936,54177.63195910092,Salaried,654.4202890288531,24712.55292184869,72,0.4456,0,4,1,Very High
40.3940927967823,54057.39663496867,Salaried,627.8404076986012,29803.772720038207,60,0.0801,1,1,1,Very High
48.056965620035626,70466.42513073748,Salaried,742.9052061160523,54478.8658091132,36,0.0773,0,0,1,High
35.701939479466816,77152.08129961396,Self-Employed,644.1519727345528,61628.247768761175,72,0.2799,0,2,1,Very High
20.207036266167968,14310.826956176792,Student,597.7386162193616,7043.947633549667,36,0.1742,0,2,1,Very High
28.40940874321601,77473.96971078556,Salaried,666.9720870543508,100838.76719592071,36,0.2052,0,3,1,Very High
24.191417469437113,15659.009291178332,Student,577.9801821566418,9808.88270660396,24,0.0876,0,1,0,Very High
48.25354820627908,71760.4852442819,Salaried,641.4147568830947,74152.38015017424,72,0.2283,1,2,1,Very High
37.92894719571758,42151.840639717375,Self-Employed,645.0329560830418,37054.74987594753,84,0.1129,0,1,1,Very High
44.4173903917783,25193.931454155536,Unemployed,653.4888477955192,6318.591719395726,48,0.0501,1,1,1,Very High
39.525898263367615,17995.688438815858,Unemployed,648.9251976073898,10238.481737625925,36,0.0569,0,0,1,Very High
50.621146257900364,48930.29231877731,Self-Employed,682.1052475982286,1000.0,60,0.002,0,0,0,Medium
58.66410738273376,14513.846542260319,Unemployed,603.1238822240143,10481.370718592403,84,0.1347,1,1,1,Very High
24.943197675360498,9809.432226519799,Student,587.947094094453,7313.8024123346195,60,0.0996,0,1,1,Very High
38.45065110745963,19220.552148805473,Unemployed,593.6084125213497,1000.0,72,0.3052,0,3,1,Very High
30.857754055128197,69777.48659668586,Salaried,624.5866612728166,53061.784899807484,36,0.126,0,2,1,Very High
42.37340619368181,10228.493930494267,Unemployed,655.0908819766,5565.513667772269,24,0.0544,0,0,1,Very High
26.311061783320767,5956.16378315465,Unemployed,534.6165760423106,4086.0615291198546,60,0.1311,0,1,1,Very High
33.76822070938188,98863.10178534272,Salaried,712.5189596749295,45638.30034344149,12,0.0962,0,2,0,Medium
23.900042417514317,11107.725124042823,Self-Employed,633.0245996110644,6141.89409396745,36,0.1803,1,2,1,Very High
47.1902163483192,46208.74516294482,Salaried,613.5093448278956,40443.06671954329,72,0.1125,0,1,1,High
38.76741970638231,69658.87684609264,Salaried,689.8325376925179,43125.19742701386,48,0.0619,1,0,1,Medium
52.41317264471346,99756.70585115315,Salaried,612.3529640832212,99734.82220668146,24,0.1,0,0,1,High
51.811938661475935,35082.15866924632,Salaried,642.5294478087944,8883.77787551375,36,0.0253,1,0,1,High
51.006755488112,11436.515025916597,Self-Employed,632.7259485233982,12355.75208149897,60,0.308,0,2,0,Very High
37.89454038089448,49586.5435414481,Salaried,609.3377339202426,8058.127794723347,36,0.0163,0,0,0,Medium
54.23962692559345,57507.768303171164,Salaried,696.4658890650359,37112.3244304947,84,0.0645,1,0,0,High
53.11740341365788,105297.11341687973,Salaried,661.9677638851246,22119.547082058038,24,0.021,0,0,0,Low
44.71136830760263,76820.42011580445,Self-Employed,569.537787213474,61348.91108483329,48,0.2674,0,3,1,Very High
31.16455187412611,82059.34470958699,Self-Employed,675.1510615158908,70503.95687589812,60,0.1484,0,1,0,High
24.518200880501595,82239.52288805788,Salaried,678.0362570245002,35631.9623204863,36,0.1058,0,1,1,Low
48.44258232596562,48099.20695944627,Self-Employed,616.3625593834809,52988.3754546495,36,0.1102,0,0,0,Very High
18.0,21485.19961177525,Student,551.4929355236817,24544.508065328704,36,0.2392,0,2,1,Very High
45.68852829157806,80224.52899006936,Self-Employed,656.8091823186433,29825.07089842633,60,0.2247,0,3,0,Very High
19.964036853052406,13889.130543894335,Student,648.7711103375038,12528.074536788818,60,0.1402,1,2,1,Very High
20.0,7160.352880754619,Unemployed,575.2374976900942,2912.561701062374,12,0.1407,3,1,1,Very High
34.09658046004647,73045.79141237425,Salaried,635.3829958236826,75994.69771412357,24,0.104,1,0,1,Very High
24.896920879068933,25156.595405293283,Student,617.8034679194201,17751.11715709253,72,0.1331,1,1,1,Very High
18.0,7420.091822792545,Student,668.6120443162333,3205.8059596522785,48,0.0932,1,2,1,Very High
48.5544086790941,82049.80051020614,Self-Employed,713.4425348724969,41285.84121937685,48,0.1128,0,1,1,Medium
18.0,12886.534116235509,Student,519.5997953638528,3224.21714608266,72,0.05,0,1,1,Very High
37.92920332966196,88987.43625667616,Self-Employed,640.0497616273068,111921.73877972312,84,0.1258,1,0,1,Very High
58.3580518449252,86099.7429595883,Salaried,583.3663354832198,28164.12090943067,84,0.0327,0,0,0,Low
34.70967778602219,13505.341248604422,Unemployed,656.4385447962198,12284.738240501478,84,0.141,2,2,1,Very High
43.9138142189,30678.681783926862,Salaried,688.4019277678364,6259.426719301202,36,0.0204,1,0,0,Medium
38.29217397566995,35072.30781625077,Self-Employed,679.574190763943,23219.8711204616,24,0.0662,0,0,1,High
18.0,13634.2316961454,Student,691.3481773535186,13698.53549253231,24,0.1005,0,0,1,Very High
18.274694938564593,23991.882711445218,Student,572.5045953211976,7994.880404555037,24,0.0833,0,2,1,Very High
33.0023275093074,68069.58077271048,Salaried,599.407875490024,12544.60222103338,48,0.0184,0,0,1,Very High
44.25778478224728,57315.0817423886,Salaried,695.092002759008,51355.14189219444,36,0.1521,0,1,0,Very High
25.310020674045465,54975.34259693839,Salaried,641.1678613757499,39965.00504005518,48,0.1977,0,2,1,Very High
57.34359857468895,88114.35764794261,Self-Employed,691.821472503627,1000.0,36,0.3011,0,3,0,Very High
31.615256031774962,95349.1981718716,Salaried,703.412857936031,103732.33379646039,24,0.1713,0,1,1,Very High
44.64541357019741,54857.81442376977,Salaried,604.267851948805,8422.862518181037,72,0.0154,1,0,1,High
31.969614591484216,12161.900490336418,Unemployed,652.7407021067804,6432.231760315627,36,0.0529,0,0,1,Very High
29.761659982310015,90471.11000505138,Salaried,620.949661764503,1000.0,36,0.1886,1,3,1,Very High
37.009640593416336,65147.69948260651,Salaried,663.6510418945163,75640.41635314049,48,0.1786,1,1,1,Very High
48.158719384137996,21273.26055108705,Unemployed,572.4794343846484,12400.602444246786,84,0.0583,0,0,1,Very High
33.70489900966483,90097.56219858755,Salaried,629.3255040419767,70656.25744901478,48,0.1409,0,1,1,Medium
29.44390727024878,28875.290030673492,Student,645.2456604098943,29613.351425696586,48,0.1651,0,1,1,Very High
45.16870084830295,82691.07887177545,Salaried,642.816324925207,105277.85356017025,72,0.1273,0,0,1,Very High
37.08879485875589,22995.628295146413,Unemployed,650.5549312448693,4639.124627231236,60,0.0202,0,0,1,Very High
21.447011062201362,5000.0,Student,611.234269466322,3347.937744917214,24,0.092,0,1,1,Very High
28.452655740806705,9197.8738603981,Unemployed,665.7839601720359,9006.996068829843,48,0.2854,0,3,1,Very High
31.91914137878944,113367.72334663963,Salaried,680.750882312143,42449.74153694244,84,0.0374,2,0,0,Medium
48.88005906892565,66579.14186630133,Salaried,656.5203005270185,55763.28911317111,12,0.2713,0,3,1,Very High
43.48694970379647,25474.415633258817,Unemployed,599.881813256134,7621.840067996605,72,0.0924,1,1,1,Very High
20.0,13089.946400467017,Unemployed,617.1304946548931,9627.388439989309,60,0.2735,0,2,1,Very High
35.543421150495064,55115.440025733405,Salaried,650.5248616444168,48185.67524876181,24,0.1499,0,1,1,Medium
18.0,23685.28910346817,Student,606.9120036885123,22160.372699661886,48,0.1561,0,1,1,Very High
43.39119723472053,89285.1837488435,Salaried,654.3588934381618,60275.03170377616,84,0.1425,1,3,1,Very High
32.30800656463141,36991.614002542985,Self-Employed,611.5320723965041,22490.860455855993,60,0.1108,1,2,1,Very High
58.45706196242419,74475.98339034925,Salaried,703.8939833960433,26938.63928504886,48,0.1612,2,2,1,Very High
29.273803418066098,9032.995905556236,Student,606.6003031043756,5322.207275762203,48,0.0589,1,0,1,Very High
48.45430991918872,58510.75741798345,Salaried,653.5204032827672,1000.0,24,0.0642,2,1,1,Very High
41.35855389983276,3715.7618487036616,Unemployed,575.316626584365,3032.4744150071465,36,0.2816,2,2,1,Very High
50.60106663548009,72748.28453918739,Self-Employed,673.8685883687295,52822.906686931776,72,0.0726,0,0,1,High
37.49371897112334,59541.77045333333,Salaried,731.097023991045,46260.80697257834,24,0.1527,2,3,1,Very High
28.44494121359599,21357.420765720366,Student,687.5602686142875,15231.548777715694,48,0.0713,2,0,1,Very High
41.968761991773384,90612.42408799911,Salaried,660.5522985365341,52816.465828571134,48,0.1208,0,1,0,Low
21.996897820947986,12645.417799370465,Student,653.7554825301702,4601.906771586378,48,0.0364,0,0,1,Very High
46.85991933874847,72410.19440086563,Salaried,697.2281714449678,98509.49580553416,60,0.136,1,0,1,Very High
28.220450113887026,78491.93593767093,Salaried,692.7897420417405,100284.06508986908,84,0.2278,0,1,1,Very High
29.871383060547156,17615.380852680704,Student,523.744956118347,7039.75906723718,24,0.24,1,2,1,Very High
25.87590865918911,71706.81802416097,Salaried,563.1111106587232,18684.768585008176,60,0.0761,0,2,0,High
18.0,20342.763426671067,Student,610.7866747561367,11965.641681637926,36,0.1838,1,2,1,Very High
38.05667704538847,40853.41359480872,Salaried,694.6026923559924,1000.0,36,0.0274,2,1,1,High
46.611481464954416,87457.06705143978,Self-Employed,656.7856342898832,58165.901801193555,24,0.2665,0,2,1,Very High
21.382064626697193,18489.83558118906,Student,602.9382892654966,11292.8617867306,24,0.0611,0,0,1,Very High
46.11305684768908,61168.06391007547,Salaried,647.5685069060695,54009.78065291469,24,0.2883,1,2,1,Very High
51.912127831326515,52875.879100905695,Salaried,635.5793233999516,61870.420948022525,48,0.167,0,2,1,Very High
18.503437927342556,18044.249109034165,Student,585.6815466554015,3571.689698171369,60,0.0448,0,1,1,Very High
20.0,14212.920998279355,Unemployed,602.9174559466124,14881.070518311255,84,0.1047,0,0,1,Very High
25.370757362694153,32949.149044162245,Student,584.7401471194174,3739.0793109031765,36,0.0613,0,2,1,Very High
21.18508086694078,8431.788768970475,Student,579.2824692088828,2902.7412107071887,48,0.0844,0,2,1,Very High
41.83954262532987,90701.37330391385,Salaried,684.1421212708528,50410.58957464556,48,0.0556,1,0,0,Low
22.860191705558474,12873.396065385085,Student,549.0741160731587,12104.356207413992,48,0.194,0,1,1,Very High
46.76811800635491,79556.60412101501,Salaried,642.5409021377455,20077.924365325314,12,0.3377,1,5,1,Very High
32.55460255019284,67767.26316057538,Salaried,684.3783030347627,38547.885439947895,72,0.1194,2,1,1,Very High
30.832754957191298,88833.90340655443,Self-Employed,638.3842183956281,130122.43578875088,36,0.1465,1,0,1,Very High
36.24062255445858,106057.25866863277,Salaried,601.8886866726923,88861.1038154559,24,0.1338,0,2,0,High
42.97504160650516,50605.15659103363,Salaried,683.1686314199451,13128.805587952453,48,0.1759,0,6,1,Very High
29.455873950576706,30551.20786416684,Student,610.2153869080877,27636.470349351934,36,0.153,1,1,1,Very High
27.953369061587445,66706.15920351476,Salaried,686.0911875373607,76767.50295012222,72,0.1776,0,1,1,Very High
50.66778201955148,92535.16395969488,Self-Employed,746.6682342382204,35121.693161818665,84,0.2255,1,3,0,Very High
47.24742783945099,55837.10818345198,Salaried,668.8039247158841,31917.22438159757,36,0.1072,0,2,1,Low
38.85032096197621,18196.14400136099,Unemployed,600.9702371070796,19636.821287595376,12,0.3079,1,2,1,Very High
43.7630088666377,84590.35201774392,Salaried,626.8092787718675,54022.982298159644,36,0.0639,0,0,1,Very High
56.15856756646466,13419.384938833666,Unemployed,613.6981214486668,10358.63205973366,84,0.1397,1,1,1,Very High
25.42076689976356,21873.103816754225,Student,624.3396891319558,4086.6006330401715,72,0.0187,0,0,0,Very High
25.7422263323457,29102.096706228425,Student,592.4870133418883,19552.1497801626,24,0.1297,0,1,1,Very High
35.46224921511647,70334.30124028288,Self-Employed,580.7825409750831,21709.843944775945,48,0.1559,2,2,1,Very High
45.234402792295796,24861.37804271568,Unemployed,604.7175178511669,7790.37413601305,60,0.0313,1,0,1,Very High
34.026761848344584,69889.16258691427,Salaried,700.5635695439003,8885.730943508446,36,0.0127,0,0,1,Medium
34.28378279893853,16580.135307405268,Unemployed,631.0687716397069,16522.747276362665,84,0.0997,0,0,1,Very High
27.70836298402368,21621.793589980487,Student,625.7302752100856,22725.61095713985,72,0.1051,0,0,1,Very High
29.262083837919597,12490.86808845309,Student,593.0839066164065,7906.937967715429,84,0.1258,1,1,1,Very High
41.355343062778005,5497.194777633744,Unemployed,492.4272323403588,3291.3555192539816,84,0.0599,0,0,1,Very High
49.780888742909134,75713.03658718625,Self-Employed,674.1749928193462,55222.36198461665,72,0.0729,0,0,1,High
20.0,19394.219527520443,Unemployed,668.3185800572669,10788.441851034575,60,0.0806,1,1,1,Very High
20.8870459591081,15907.244005097153,Student,628.2476088925148,14683.71035555012,36,0.0923,0,0,1,Very High
37.632138101939205,58860.29015438253,Salaried,601.1947228665152,22989.10917873054,36,0.0641,1,1,1,Very High
23.14859713650079,14513.521316494547,Unemployed,697.679181236034,8328.127030044947,48,0.1824,0,2,1,Very High
26.819208685177703,44455.388066246815,Salaried,626.4129659757582,24865.999613374493,60,0.1059,0,2,1,High
33.138349666369045,27066.59820411158,Unemployed,585.0504299153688,20636.929930712184,48,0.0762,0,0,1,Very High
41.74707810330434,9047.526188599015,Unemployed,610.2313395443396,11478.548837452337,60,0.1269,2,0,1,Very High
25.654391845474446,21627.437091341973,Student,613.3088600423824,4512.865146896296,48,0.0209,1,0,1,Very High
24.154982203091322,62459.80022326295,Salaried,616.9474908428654,33448.71247259143,84,0.0786,0,1,0,High
24.06668020636964,20684.260754629042,Student,654.2597482387389,19481.34676021783,24,0.2192,1,2,0,Very High
45.45027939681773,99128.48131809503,Salaried,669.4578683816527,41145.16980220201,60,0.1665,0,2,1,High
53.323092989044966,66459.78055646688,Salaried,586.9802839251504,7043.094244422289,48,0.1106,0,1,1,High
46.276656050568896,55489.84460492068,Salaried,693.4968255556298,52187.89423543692,24,0.194,1,1,1,Very High
38.226159679016924,19813.56739156309,Unemployed,637.9537570618644,11673.245780370733,24,0.1839,0,5,1,Very High
28.32094359644221,25935.676111717352,Student,589.6872048079866,27317.487797624555,60,0.3053,1,2,1,Very High
28.540916797530777,16458.125986230734,Unemployed,597.1263070125194,16112.966578943226,36,0.1604,0,1,1,Very High
34.73995849326078,51048.03611167178,Salaried,674.8857213038649,39804.01713010108,36,0.178,0,1,1,Very High
52.157368003377194,43007.99424240185,Salaried,647.2003255207874,24754.503849518223,72,0.1826,0,5,1,Very High
23.33933988240428,34201.41704081332,Student,633.1868562853341,1000.0,48,0.0529,1,2,1,Very High
42.855697442798416,72592.65385957838,Self-Employed,684.7099957189004,1000.0,36,0.0514,1,2,1,Very High
47.49764583840029,7068.554764892589,Unemployed,610.8050494844548,7458.861026042501,72,0.4055,1,3,1,Very High
41.24708181165653,23104.496233325004,Self-Employed,613.3123363348254,8989.713817901185,48,0.2389,1,2,1,Very High
24.623195015285717,22281.331636010735,Student,616.4351666565158,18315.90598042126,48,0.1822,1,1,1,Very High
24.12567628442306,24709.096411151084,Student,576.8610795671764,15625.750986645295,48,0.1132,1,2,1,Very High
39.48205016132149,76392.82596409145,Salaried,692.9507124808817,59323.02941932465,60,0.2027,1,2,1,Very High
38.705337098255974,52509.989511816486,Salaried,625.6886361794199,31167.15066266713,48,0.1219,1,1,1,Very High
44.36550559608295,12446.830852339757,Unemployed,620.1392540166987,7845.86081678458,72,0.088,0,1,1,Very High
42.91133134896001,44808.601346732365,Self-Employed,615.6118429246619,45128.28413413083,36,0.1632,2,1,1,Very High
49.626763122760565,10085.916098909947,Unemployed,636.6440405728189,6220.271035762473,48,0.1242,0,1,1,Very High
33.03654436890579,84364.83918058543,Salaried,622.362372639599,8967.93867515386,60,0.0606,1,2,1,Very High
26.074330334258327,95435.77946471419,Salaried,669.1247702552853,78511.25786804855,48,0.1073,0,1,1,High
47.15736317960197,74375.8064318257,Self-Employed,707.9923523010044,22434.645251326812,36,0.0302,0,0,0,Low
36.918465422678565,40547.817134199846,Salaried,600.9248174969825,10221.74770346073,24,0.0502,0,1,1,Very High
38.65023456182593,16261.68529175997,Unemployed,653.3725488627822,11713.203685109655,36,0.322,1,4,1,Very High
57.17387081312294,61312.15894123945,Salaried,576.8639581718304,54354.49124355143,36,0.1887,2,1,1,Very High
60.02215534297284,16595.234038048544,Unemployed,609.7499735121172,24582.87813483675,84,0.1731,1,1,1,Very High
45.85821097270612,10400.724527574946,Unemployed,606.1790897996417,9481.073889423056,72,0.0912,1,0,1,Very High
38.46208196318516,10000.0,Self-Employed,631.1743964824442,4780.3612062589755,36,0.4478,1,4,1,Very High
18.810696559272902,8660.33538558602,Student,614.0616226850651,11455.152675889549,48,0.1323,1,0,1,Very High
22.732252408046435,20674.77936757468,Student,603.9690381744421,23840.333228418152,60,0.1778,1,1,1,Very High
18.0,13991.086265335034,Student,637.9538578628561,2927.5656748461925,24,0.2084,1,3,1,Very High
39.12462649443616,93670.86256859582,Salaried,695.1950838636399,81293.55082995705,24,0.3993,1,5,1,Very High
22.058862609480045,40382.23003508679,Student,564.628180980397,13717.187803529321,60,0.159,2,2,1,Very High
46.398141256366976,64814.689224052374,Salaried,654.8348394881239,29902.705556008197,60,0.0461,3,0,1,Very High
38.208650610547174,43708.563690658826,Salaried,691.1668436763516,8303.230111926208,12,0.119,0,1,0,Medium
24.248113962331836,17236.663185101195,Unemployed,633.3237737387165,16161.630318645632,36,0.1938,2,1,1,Very High
42.91164613201523,69077.04829417066,Self-Employed,622.5600671293121,52957.09214452771,48,0.1392,1,1,1,Very High
20.0,19515.116825205423,Unemployed,695.2410599095012,8480.951094247634,36,0.106,0,1,0,Very High
23.520190725114055,20253.1583706452,Unemployed,652.9918101529379,1000.0,84,0.1299,0,2,1,Very High
42.14241611240421,42780.587368958,Salaried,628.508035512459,34949.53199678957,36,0.1817,0,1,1,Very High
22.545493876152047,64144.52627605728,Salaried,663.982540252158,78307.7888953584,84,0.1721,0,2,1,Very High
40.981752933192396,58994.39310457139,Salaried,674.7640767640643,58362.086456920864,24,0.2239,0,2,1,Very High
18.911933724849973,19106.14012854387,Student,658.3878801285919,8196.01105612521,72,0.0429,0,0,1,Very High
36.99926540363407,56462.96133702267,Self-Employed,684.7426552826327,13247.248185441047,60,0.2235,1,2,1,Very High
37.895006271064325,42059.12191602538,Salaried,651.7099766964591,23233.815016440254,24,0.2427,1,3,1,Very High
18.0,31207.423457849996,Student,683.966788885082,11053.76830744002,24,0.0854,2,2,1,Very High
24.87871776697229,25862.36852572297,Student,552.3226035848845,30385.311959789586,72,0.2425,2,2,1,Very High
44.45721340257798,5758.329072378867,Unemployed,572.4125774060433,5315.356623990578,48,0.3423,0,4,1,Very High
56.87235888823908,16111.55233283335,Unemployed,663.5104432914583,10503.589858316825,36,0.0652,1,0,1,Very High
30.9344668694754,49921.457891774066,Salaried,635.2997131747559,6334.810911546363,72,0.0752,1,1,0,Very High
40.9456244213237,29199.47068214605,Self-Employed,640.3611287471282,6370.44542947566,36,0.0468,2,1,1,Very High
46.168492381613376,51478.65240669773,Salaried,695.5450570156706,12946.198700981515,36,0.0251,1,0,0,High
40.4188426991521,36795.97082226864,Salaried,663.6613514143304,38267.04950612873,36,0.1665,0,1,1,Very High
44.67738923833854,54191.751932973544,Salaried,673.3403661945649,35238.44490876091,72,0.19,2,2,1,Very High
34.74334174822364,71989.13778259682,Salaried,621.9871758314279,29858.5676595926,24,0.0415,0,0,0,High
30.65885317793731,12630.62588133305,Unemployed,615.2832932557958,7791.991375813445,36,0.0867,0,1,1,Very High
20.0,24055.025350506425,Unemployed,578.2461588718493,25163.488808975406,72,0.1046,0,0,1,Very High
20.0,18536.42870686457,Unemployed,605.1294965194307,12887.576196771572,72,0.132,3,1,1,Very High
20.219533298161018,19605.940474587354,Student,655.0297231491511,18563.56418697277,48,0.1947,2,1,1,Very High
21.829173708212036,16520.230304322176,Student,621.865358928268,12881.647137073494,48,0.078,0,0,1,Very High
47.67614826567688,64141.24154884862,Self-Employed,714.1876757765241,21512.83973045563,24,0.0335,0,0,0,Medium
54.695381472938834,47712.27594366664,Self-Employed,628.9240986702055,67666.53701472354,72,0.1918,2,2,1,Very High
36.7677283448576,60402.44695033214,Salaried,668.6351396629333,31596.437146585176,36,0.1773,0,2,1,Very High
38.655619943225,75729.57317812963,Salaried,679.4430725815789,1000.0,36,0.0013,1,0,0,Low
37.7708766497139,38635.15539406948,Self-Employed,613.640516651131,17934.665603800746,48,0.1464,0,1,1,Very High
45.53637753066677,76025.98495492652,Self-Employed,710.9615058891421,12342.367814607966,12,0.0162,0,0,0,Medium
32.24133420457134,49663.67466645436,Salaried,675.928194939641,9756.851464269033,48,0.0821,1,1,1,High
44.114264244116406,71764.26453053174,Salaried,641.4027697641587,86383.92213307647,84,0.1829,0,1,1,Very High
35.424929969126104,97058.097856846,Salaried,601.0696189717928,88435.1843136866,84,0.2911,0,2,1,Very High
42.59177494342734,57519.776025194515,Salaried,665.2233355593592,62492.13836785964,48,0.1711,0,1,1,Very High
38.717607556786376,21715.611183134562,Salaried,703.0539903569531,10535.564879673448,36,0.236,1,3,1,Very High
42.9330519851097,15073.811358686855,Unemployed,641.4165316046616,14724.046247711487,48,0.0977,0,0,1,Very High
50.039491215278744,87025.38401848412,Salaried,652.3180463631036,7894.623825155997,60,0.0091,0,0,0,Low
22.618401318376296,23466.240008813646,Student,706.8048909189108,15187.639855721452,84,0.3647,0,3,1,Very High
47.1279910141123,44812.27742530638,Salaried,750.9878171620429,60631.81571262343,60,0.2603,1,2,1,Very High
57.215953429022804,69032.50033411846,Salaried,699.8133332086923,18015.683791902695,24,0.1511,0,2,0,High
61.03864006571103,25037.865361808115,Unemployed,666.0718727100299,6358.476446879102,36,0.1504,0,2,1,Very High
41.3430402413501,46208.69698059767,Salaried,845.4092384770528,45409.97943922548,24,0.1483,0,2,0,Low
26.325516207481186,66824.0096355655,Salaried,615.1714761829811,17806.912928389735,36,0.0266,0,0,0,High
25.894307322174626,14478.512318038926,Unemployed,618.993236563073,7717.807536925324,12,0.0783,0,1,1,Very High
26.97613121907989,58657.13183129597,Salaried,669.9853753457883,59193.655561622414,12,0.1009,0,0,0,High
45.763165729763806,10000.0,Self-Employed,653.5181509515152,8044.182468580051,72,0.0804,1,0,1,Very High
42.39500707301023,57917.5112614592,Salaried,733.1864311146751,27071.136080425546,36,0.1092,0,1,0,Low
44.984529511551656,16649.990521777767,Unemployed,599.1893090730016,16241.6324254678,24,0.1975,1,1,1,Very High
25.665639201863478,86087.94140594691,Self-Employed,708.6953704029028,37986.57460869422,12,0.0441,0,0,0,High
23.237679922711486,12979.743507718049,Student,588.1744350904573,1000.0,48,0.0327,0,1,1,Very High
20.0,3000.0,Unemployed,608.4671102917536,4681.268383452433,24,0.2185,0,1,1,Very High
53.27875822379889,67282.45133617801,Self-Employed,644.1908066158477,32636.132209553187,48,0.1485,1,4,1,Very High
37.55761156361448,64601.96658186829,Salaried,632.2597447144464,65183.03098589895,48,0.1009,0,0,1,Very High
50.35170205727346,50483.005222548694,Self-Employed,637.1936592332095,25677.954615884846,12,0.0759,0,1,1,Very High
48.77264193360836,55371.02239342034,Self-Employed,649.356402770228,74923.17820178706,72,0.2603,1,2,1,Very High
33.852319535118895,94017.13359486317,Salaried,689.7436485665467,20984.361700154823,48,0.1473,0,2,0,Low
35.9836157626963,61368.6438930973,Salaried,700.331286985884,39839.300392062716,72,0.1274,1,1,0,Medium
61.09378751576371,38133.673502866186,Self-Employed,666.456078750507,56850.32577231925,84,0.1991,0,2,1,Very High
42.19800402877737,87644.54974951979,Salaried,674.5743618984534,64974.26271459536,48,0.0991,0,1,0,High
35.86450983647004,18358.12760865758,Unemployed,671.7246451289939,12677.042289797035,24,0.1316,1,1,1,Very High
38.51470661209143,79377.08426601134,Self-Employed,668.4917637132522,11410.374119847693,84,0.1144,1,1,1,High
43.66187131166916,75131.74243508017,Salaried,633.6217716365929,79130.63423797966,36,0.2053,1,1,1,Very High
44.51858844797745,29173.041515988745,Self-Employed,646.5754584780702,2548.595536750083,48,0.0587,3,2,1,Very High
36.517061087208255,18810.49098427484,Salaried,570.8666376713088,28223.311221391778,48,0.275,0,2,1,Very High
40.09726466381683,71086.08457478628,Salaried,605.4810433072487,21493.83052742869,36,0.0552,0,1,0,Medium
21.372082098721126,24881.76768224174,Student,607.3449725212611,7497.209219625816,12,0.0801,1,2,1,Very High
31.334070451495016,15794.193655142471,Unemployed,636.7791295283515,11055.584891557346,48,0.12,1,2,1,Very High
43.867213735315296,76305.27565980885,Self-Employed,677.724115836427,38338.487595639686,36,0.1502,0,1,1,High
70.0,67314.98996205322,Self-Employed,661.7785239389278,29044.29195178915,48,0.0431,1,0,0,Medium
37.52701700944957,53332.18774354595,Salaried,651.7337394438706,53558.485143417434,24,0.2254,0,2,1,Very High
22.653673418385146,18139.296992455187,Student,617.6059916334113,5318.265318725565,48,0.0293,0,0,1,Very High
26.88851095368978,23652.759166341144,Student,606.4093590062085,17166.130565123938,60,0.1351,0,1,1,Very High
31.480990037209786,81187.55461991334,Self-Employed,649.19806113889,85522.94277307115,72,0.1053,0,0,0,Very High
22.0,90990.48013215276,Salaried,636.677638690713,31797.190211633297,24,0.1599,0,2,1,Very High
44.2657580227517,13852.521017520317,Self-Employed,631.5498234013083,6530.501862746534,24,0.0721,2,1,1,Very High
26.480296756238666,52015.8817557014,Self-Employed,684.686993421738,2447.3830679477396,36,0.0047,0,0,0,High
43.378809763857184,103714.76826915555,Salaried,640.9178998757646,138294.77923790982,72,0.1958,0,1,1,Very High
30.622037805375708,35626.1488928068,Self-Employed,647.8909218408354,39513.17288797214,36,0.1359,0,1,1,Very High
44.21616522742424,60872.22046534725,Salaried,673.9332554540032,56619.72438792129,36,0.093,1,0,1,High
20.2550121279222,13456.414824017978,Student,596.041977940202,1000.0,24,0.1324,1,2,1,Very High
42.3828049996202,54409.771351559364,Salaried,618.5783942515841,75761.8163929283,72,0.1892,0,2,1,Very High
22.0,77229.39122975017,Salaried,688.211945690866,14680.562932788564,48,0.019,1,0,1,High
24.627087150367828,19024.494668030347,Student,561.3027117623462,17949.727478357403,48,0.1194,0,1,1,Very High
35.45538986920158,56590.22200232711,Salaried,646.9938923945525,1000.0,48,0.2018,0,2,1,Very High
27.331023217253406,20957.90694360395,Unemployed,578.3807646545843,14770.236606063527,84,0.3205,0,4,1,Very High
43.710886694844284,51563.39688320058,Self-Employed,670.1070460386659,24104.264636141914,24,0.0717,0,1,0,Low
47.06435859490945,32516.348289123005,Self-Employed,649.3747940947666,31218.767439580268,48,0.296,0,2,1,Very High
25.811758874573005,22362.68166576969,Student,593.7438082712954,22458.713822722548,60,0.3004,0,2,1,Very High
26.60411411329188,42620.408973043915,Salaried,669.6802288627781,45175.39860372564,72,0.106,0,0,0,Medium
46.762958719872024,16448.399389377206,Unemployed,703.110049511976,1000.0,48,0.0061,1,0,1,Very High
51.213629586394475,66468.8994212746,Self-Employed,660.3914453994573,32331.16757564333,12,0.0986,1,2,1,Very High
32.25619559690035,3581.567136959582,Unemployed,643.9039462620502,1879.3682899766518,48,0.1025,1,2,1,Very High
31.796738486893275,70290.50480216509,Salaried,632.121791543625,79509.4574820267,36,0.1381,1,1,1,Very High
44.777440536308596,53953.148533666565,Salaried,631.6383442808345,80631.86536380145,24,0.2119,1,1,1,Very High
35.57614355127788,74344.13740565909,Salaried,625.5201863239689,57696.005135855594,36,0.1026,1,1,1,Very High
46.97510484112679,58702.86016312317,Salaried,648.7809471982528,32374.455259931674,48,0.0551,2,0,1,Very High
45.76700767302334,84033.93575934463,Salaried,654.5528722529882,45382.32564585111,72,0.054,1,0,0,Low
34.48956716308809,13777.156426099225,Unemployed,614.0882191097777,8851.416370867055,60,0.2517,0,3,1,Very High
34.72679971695115,78656.4844204032,Salaried,651.597996592325,38210.89174356165,72,0.1736,1,2,1,Very High
42.2504975127485,77207.92060679242,Salaried,651.499004322035,8853.58704787595,36,0.2115,0,2,0,High
34.158691359119686,26209.579928908548,Salaried,605.9552587855928,26840.459598426263,60,0.1649,0,1,1,Very High
32.30955740572394,53965.814062765916,Salaried,673.9065280682514,27070.27811496769,24,0.1752,1,2,1,Very High
38.13874027713242,73186.99861017341,Self-Employed,719.5169323595009,57550.56016135522,48,0.1536,3,3,1,Very High
28.96797332299444,12603.87636216341,Student,648.7311874270946,7906.596432860997,12,0.1127,2,2,1,Very High
41.35280040773484,57476.712113677335,Salaried,663.0562111917957,23071.15514081657,36,0.0401,1,0,0,Low
37.703407597696604,52632.811385534726,Self-Employed,653.9915028950096,12203.49729957035,48,0.0232,1,0,0,High
35.389151886128275,82638.70433851975,Salaried,690.8917921560791,53485.75928898206,24,0.1147,0,2,0,Medium
34.26406065532408,50285.37414413598,Self-Employed,634.7338407525305,46360.57862891782,84,0.1547,1,1,1,Very High
31.698518866737995,72255.29652079813,Salaried,584.898836734596,27629.31012192954,60,0.0382,1,0,0,High
59.06413312162487,77663.20766407202,Self-Employed,607.7285154768739,48903.67238205046,24,0.063,0,0,0,Medium
36.05226296951511,29003.62605224806,Salaried,638.801955131847,23594.530727745478,48,0.1439,1,1,1,Very High
53.96100012748192,47344.3911767182,Salaried,711.0730600685114,16167.414620784853,24,0.1591,1,2,1,Very High
32.87919535292047,38312.04669247409,Salaried,676.2431684988137,42849.51722677938,36,0.1743,2,1,1,Very High
53.82992562715373,47084.974004904274,Salaried,620.1138818517347,35304.4102465536,84,0.075,1,0,1,Very High
28.377633860057593,11067.648208785313,Unemployed,649.1125158899625,13066.939899916599,60,0.2431,2,2,1,Very High
44.16778134546042,36696.86121028164,Salaried,637.0182437757934,29757.72575435513,60,0.3811,0,3,1,Very High
21.686173597827498,10714.32666487862,Student,606.7499524230709,6033.810928355429,36,0.1063,0,2,1,Very High
27.940608076846125,20406.74954372636,Student,573.634048329635,21540.107567737352,60,0.1306,0,1,1,Very High
30.17038339557982,20324.425261817178,Unemployed,649.4127268236599,12127.418349637708,48,0.0597,1,0,1,Very High
40.48858978837769,78980.30015611171,Salaried,626.2361670855952,103965.58611602013,72,0.1316,0,0,1,Very High
28.305360785007437,48149.47537685912,Salaried,707.6691649074219,35548.518623399956,36,0.1738,0,1,1,Very High
50.623292527264695,81071.28842355245,Salaried,622.2642782984632,34401.65322967563,36,0.0424,1,0,1,High
41.163431460160794,10000.0,Self-Employed,561.540731013038,3169.0376384118545,60,0.0942,0,1,1,Very High
26.537441220498533,24535.77579033694,Student,599.4223105188672,1000.0,48,0.3041,1,3,1,Very High
40.637201215397916,5880.146449507194,Unemployed,588.4139674987726,5850.679702923628,60,0.1995,0,4,1,Very High
23.34154990206483,19196.001380000747,Student,621.5120369799345,15925.991625799817,48,0.158,0,3,1,Very High
35.32634370316831,94966.33002345685,Salaried,656.7165756616736,72173.51932414234,60,0.076,0,0,0,Medium
45.04740757751454,18653.541854502946,Self-Employed,673.257489604362,13696.685665569878,24,0.0734,0,0,1,Very High
28.507467219857674,19556.910842187255,Student,574.2458572767224,16836.368326032345,12,0.0861,0,0,1,Very High
38.59025887923305,62482.68058216047,Salaried,647.872135774494,23130.245075867202,36,0.162,0,2,1,Very High
38.741501908962476,30068.21465699764,Unemployed,661.2351009207048,31509.84180260076,60,0.2298,0,2,1,Very High
30.975828680800827,94287.97663512787,Salaried,666.454753794737,44446.95688747235,48,0.1096,0,1,0,Low
24.34638087306069,24299.014461847677,Student,639.3994700884158,13406.468295385786,24,0.0552,0,0,1,Very High
46.752574781667356,61139.90206810416,Self-Employed,676.7469694629702,79367.34865939205,72,0.4423,1,5,1,Very High
20.0,16082.586314321412,Unemployed,588.2861616382652,14580.727344403831,24,0.2157,1,2,1,Very High
22.0,82463.52856033207,Salaried,637.9807145531297,61622.65480980689,72,0.0747,0,0,1,Very High
34.605470609593446,38058.755882381796,Salaried,596.078836054298,24673.48069188794,24,0.1273,0,1,0,Medium
32.560890842607215,14116.830376687016,Student,587.4429870090094,14579.243642573616,72,0.2033,2,1,1,Very High
47.25490195120123,32044.457177910583,Salaried,709.3476045032714,20517.18442976739,36,0.089,0,1,1,Medium
39.744549884804684,64237.557963436855,Self-Employed,653.1389893388488,78163.9594277438,36,0.3092,2,3,1,Very High
33.4273042088162,63787.22259324007,Salaried,618.3019791652723,80355.93518945808,36,0.176,2,2,1,Very High
37.680550947511094,17843.500092000853,Salaried,665.9537288658698,3018.374016126145,12,0.0169,1,0,1,Very High
25.321145321913328,19972.63646378803,Student,627.3788387483482,13959.209662832427,12,0.1949,1,2,1,Very High
36.03909438627552,9631.459819112804,Unemployed,662.5030121564319,13131.669686335064,60,0.3238,1,3,1,Very High
30.847060679293904,27992.739041013636,Student,556.804304108984,10041.22706761015,24,0.0984,2,1,1,Very High
65.0,7495.743943967202,Unemployed,636.7250621921773,5647.585126225185,72,0.0753,0,0,1,Very High
46.92432750789635,41900.233286190356,Salaried,651.5815952635005,20142.05158867638,48,0.1481,0,1,0,Low
49.229324165148455,103578.26702809407,Self-Employed,642.7452538306657,84392.36295777798,72,0.1315,1,2,1,Very High
34.664160031108935,28479.496046898115,Salaried,612.5314723456501,7690.883169462768,72,0.0895,0,1,1,High
51.177116062629125,62470.70687758874,Self-Employed,648.5940461194002,30781.478314137057,72,0.0493,0,0,0,Medium
24.555316836853873,15041.257233695864,Student,630.0296350405356,1000.0,60,0.0316,0,1,1,Very High
35.47701953344977,71474.15071384891,Self-Employed,632.6812302370766,1000.0,12,0.1889,2,3,1,Very High
34.93922652087984,59401.08546156667,Self-Employed,651.9580834925301,81051.23160060962,24,0.1989,1,1,1,Very High
28.896595303718648,55335.885516154245,Self-Employed,682.2509119480642,62007.54518594381,72,0.1121,1,0,1,Very High
27.604252753193478,11545.279912119886,Unemployed,620.2383496480777,6043.0229134289475,60,0.0523,0,0,1,Very High
25.002556682346036,78213.35777363338,Self-Employed,685.4068618501442,36659.747418927764,72,0.1094,0,1,0,High
19.35560926732177,23422.59063280026,Student,627.711986314256,3259.242243132313,60,0.0639,0,2,1,Very High
44.41496143142551,9938.596584688263,Unemployed,551.8503621289855,7904.25434675608,36,0.0795,2,0,1,Very High
43.30715151651197,61904.91178475057,Salaried,674.8969197236248,51330.93582853972,24,0.1329,0,2,1,High
19.658868274957673,24295.409484515058,Student,598.4959715889515,10365.946123061938,48,0.0677,2,1,1,Very High
49.08238168422729,30204.712472481784,Self-Employed,636.897293586446,17264.227034022908,24,0.1822,0,2,1,Very High
42.372062476921876,63049.67366725977,Salaried,718.241212860145,20663.97854100814,72,0.0828,1,2,1,Very High
23.44401096016474,22062.987104660326,Student,640.4070644843817,10279.509072134097,36,0.0466,1,0,1,Very High
36.61423809622978,54393.04903177819,Self-Employed,647.6525582637296,77574.43776538281,84,0.1426,0,0,1,Very High
65.0,17036.073641584917,Unemployed,568.7542342219742,4442.493555226585,24,0.1261,0,1,1,Very High
34.92932230356485,64579.80559045865,Salaried,677.3136633493544,44972.872529518914,36,0.0946,0,1,0,Medium
18.0,9519.702429030549,Student,577.85589451211,13803.617942068504,72,0.2075,0,1,1,Very High
22.797107463644725,15377.601599873304,Student,633.227521413261,2076.1811184774306,36,0.0885,0,3,1,Very High
49.19020792542373,17775.40772187643,Unemployed,624.9037294136186,13641.413764695393,24,0.1392,0,1,1,Very High
27.416517374812507,19410.598815374415,Student,602.3334899347778,16940.716757626244,72,0.1623,0,3,1,Very High
27.101655883468865,67060.18668860017,Self-Employed,700.7071872836249,62887.52586293707,48,0.1563,0,1,1,Very High
23.171952122625108,50725.97653058953,Salaried,652.799947039536,8503.154521972363,24,0.1418,1,2,1,High
28.364865497533934,36546.522356477915,Salaried,593.5668425399583,9740.64832751896,72,0.0267,0,0,1,High
28.312626483583188,31459.068682720786,Student,661.5710627851316,22031.92503531865,24,0.095,0,1,1,Very High
28.50446544130217,18202.848770859593,Self-Employed,630.7777789908229,8386.322867596253,72,0.1461,1,1,1,Very High
22.0,68525.71634382186,Salaried,643.4622154081324,59650.389853720444,60,0.212,0,2,1,Very High
46.45963943137865,90232.60143682685,Self-Employed,689.1192739592894,49638.518033813976,12,0.1175,1,1,1,Low
32.85699269563996,20393.843763702596,Student,566.9205351876979,3137.4890941473386,72,0.0154,3,0,1,Very High
26.255735471652095,17589.258311714984,Student,648.0989818551711,18657.497611330375,48,0.1561,0,2,1,Very High
21.498400235476854,14132.524578519333,Student,592.6789344950564,9487.189123100832,84,0.0671,2,0,1,Very High
18.0,19151.429614848315,Student,592.8561835887087,16871.179143921607,12,0.0881,0,0,1,Very High
39.121893146257264,44792.36864413426,Self-Employed,707.5053727934139,42188.18471651256,48,0.0942,1,0,1,Very High
25.280262374470727,21833.99805567235,Student,656.3184992556469,10349.503493383818,84,0.1724,4,2,1,Very High
38.19418801264712,21129.360236158027,Salaried,600.3826738766363,14077.499527819222,24,0.0666,0,0,1,Very High
53.96923608068923,39287.67953007074,Salaried,666.6948672735667,22581.784779889844,84,0.1575,2,1,1,Very High
43.53742561607627,63983.360246578435,Self-Employed,621.7491872790773,72446.0901095956,24,0.1382,1,1,1,Very High
40.72456625875158,89268.66318122354,Salaried,691.6408581711433,94430.06833318187,72,0.2058,0,1,0,High
30.49709651043807,38064.66400272719,Self-Employed,729.9822410255894,14285.049247463987,48,0.0875,0,2,1,High
29.125689902894397,16168.047188855033,Student,608.4659216635368,22013.151993020325,60,0.2612,0,2,1,Very High
33.18328983405024,83295.66697920696,Salaried,668.572272431802,16747.49985982525,60,0.0826,0,1,1,Low
33.737169781421585,43738.80980641322,Salaried,677.8778340774503,41651.95967072281,48,0.2952,1,2,1,Very High
19.689803954390836,21363.856101888,Student,636.9566876438636,19094.744423944594,48,0.0894,0,0,1,Very High
30.95587260993285,3448.5953729360026,Unemployed,562.0195040375596,3224.211159181029,72,0.0935,1,0,1,Very High
30.317684901401268,70411.04965315918,Salaried,676.1800982311474,51143.3677132563,48,0.0976,0,1,0,Medium
49.3208417264902,84218.5905718576,Salaried,643.9876751404101,65045.38958383605,60,0.0772,0,0,1,High
31.825347874514886,31404.87760423883,Unemployed,639.3373598333835,14119.982934113657,48,0.145,2,4,1,Very High
52.10128388674069,65695.3982566545,Salaried,698.0706573798942,29010.586517746287,36,0.2942,0,4,1,Very High
57.239541010655124,56625.90959271838,Self-Employed,615.4765065584804,41255.88729873494,36,0.0729,2,0,1,Very High
19.643761735455268,19964.104669395027,Student,696.4733004625365,7666.755292136818,12,0.0634,0,1,0,Very High
54.85715173772186,58858.69207789025,Salaried,622.951773752288,67250.23411723193,36,0.1143,0,0,1,High
34.47411647586096,83129.25017568003,Salaried,656.1003136321535,20880.274094996927,48,0.0251,0,0,0,Medium
32.45389048836232,29814.26087531724,Self-Employed,687.2214840637877,31599.856079253703,36,0.206,0,4,1,Very High
38.00952850552711,33560.52361139527,Salaried,628.019440227542,14499.671833245562,60,0.0932,1,2,1,Very High
40.99309631779739,57172.8723192001,Salaried,647.2424328593996,46908.83063438647,60,0.2695,1,3,1,Very High
44.67349236665656,62493.37029697407,Salaried,625.0453332899842,72225.45842492236,48,0.1156,1,0,1,Very High
23.4963646136645,69248.42912383801,Salaried,665.7188915024924,58413.37212522068,72,0.2844,1,2,1,Very High
34.5100867493693,21335.29036092088,Salaried,691.2412697348512,15522.461401023684,60,0.3728,1,3,1,Very High
27.71273941126874,26451.084688247065,Student,589.2406714719584,1000.0,12,0.0038,1,0,1,Very High
22.857459692770558,15602.53570410868,Student,640.3648085922383,9529.656386605302,12,0.1861,0,2,1,Very High
52.99399160281706,45409.65659112442,Self-Employed,628.1617614500386,42762.21139892697,60,0.2942,2,2,1,Very High
36.88195116540204,10000.0,Self-Employed,640.5244717444754,7997.085431640173,48,0.105,0,1,1,Very High
35.138618013347745,63899.440672194076,Salaried,662.1921079468466,68232.48449669495,72,0.4068,1,3,1,Very High
38.7376057510466,65380.74361598571,Salaried,641.725118327165,56840.6189179621,36,0.1494,3,1,1,Very High
43.83600877072617,66686.8863491916,Salaried,668.7844562560331,47426.94032878116,48,0.1961,0,2,1,Very High
22.122775172357212,26531.830387718815,Student,649.6835744954594,35961.847355708625,36,0.2605,2,2,1,Very High
43.40679836206369,58989.25600687299,Salaried,557.2111098339115,13368.435728930595,72,0.0477,1,1,1,Very High
36.27527305296611,45011.472048315656,Salaried,628.1297648093,8661.096634993326,84,0.0192,0,0,1,High
26.681657993362446,8893.888125798292,Student,631.174175865838,2996.149262754128,60,0.0337,0,0,1,Very High
51.4074473109859,54373.59741119869,Salaried,660.9054827396643,24238.712237780335,48,0.0446,0,0,0,Low
41.61583775725752,13301.851557259119,Unemployed,648.2168830543519,10201.201800914801,72,0.1392,1,1,1,Very High
18.0,9774.782093333155,Student,685.748056545664,10859.837328579622,36,0.1111,0,0,1,Very High
40.87417364192087,54598.34738255511,Self-Employed,627.6222304225001,40029.76286098358,24,0.0983,0,1,1,Very High
33.63197495287733,64672.68301022141,Salaried,708.8263864529492,22555.625853830083,60,0.0349,0,0,0,Low
42.00688699645332,33059.7551464117,Salaried,590.9320648464484,37152.271860256435,24,0.1374,0,1,1,Very High
44.25754583898309,16471.401330281682,Unemployed,548.8577572142002,11580.73130309821,36,0.0703,1,0,1,Very High
25.71857022903624,18219.5914742466,Unemployed,626.4052074852453,10866.535451451844,60,0.0846,1,1,1,Very High
51.354262326961944,65134.06993616259,Self-Employed,745.8828113416956,14805.806624527313,12,0.0227,1,0,0,Medium
18.45521746508225,16663.67873105523,Student,654.6372621209048,14099.07543124655,72,0.0846,0,0,1,Very High
46.28793262346117,40595.81340070028,Salaried,632.2848724376289,49199.7579042466,48,0.1462,1,1,1,Very High
34.10995055277141,50160.92855550379,Self-Employed,610.8891056987263,3003.0168257116893,24,0.006,1,0,1,Very High
52.60607124264082,77993.32385083867,Salaried,686.6904661022907,54030.64547946994,24,0.1693,2,1,1,Very High
58.4709714049634,87737.32873287471,Salaried,673.0016245979567,62500.97402370337,36,0.0712,0,0,1,High
54.07159285443295,59033.839678405995,Self-Employed,666.6413873627863,48392.57070322346,48,0.132,0,2,1,High
22.0,48255.46065567319,Salaried,695.6259660971532,34554.13049461818,24,0.0716,1,0,1,Very High
30.171151779645115,65685.21635207027,Salaried,669.6177504371367,72578.41036466627,36,0.1105,1,0,1,Very High
30.927569162133747,46658.348955793874,Salaried,678.194218793612,19020.946583694284,84,0.1033,0,1,0,Low
50.60963290055095,69840.16603949358,Salaried,697.4481976763319,42229.49001389483,24,0.1855,1,2,0,Very High
29.136080518247695,7281.8649001219965,Student,567.7653004823197,8211.646452248566,24,0.1128,1,0,1,Very High
18.0,30605.781297810892,Student,620.4682248496845,7645.153579115252,72,0.15,0,2,1,Very High
43.95019060877466,67553.87821108375,Salaried,688.774494672927,50921.82016804567,60,0.0754,0,0,1,Medium
38.17942356906477,56792.38455986249,Salaried,670.0485705330722,45068.96531688944,60,0.1044,0,1,1,Medium
38.2755069860451,93368.99900417957,Salaried,617.4563436497064,1000.0,24,0.0261,1,1,0,High
38.163342264716945,66581.59922317375,Salaried,637.426209407742,51155.065585245415,24,0.1018,0,1,1,Very High
38.842056941051496,93852.46397856099,Self-Employed,677.7705677710751,17402.37558351155,48,0.206,0,3,0,High
35.09169439391403,37424.84883923257,Salaried,643.1680274402189,19349.64189505689,60,0.0517,0,0,0,Medium
27.34815870430757,81305.23795229882,Salaried,661.6858947368978,76062.267995875,24,0.1561,1,1,1,Very High
24.17825137531124,5000.0,Student,621.6990506697304,3773.383240774884,48,0.1755,0,1,1,Very High
44.38428948243332,83985.34511454927,Salaried,661.3671857384899,102595.87691136019,12,0.1222,0,0,0,Medium
49.24779395491943,77507.41031670521,Salaried,628.2140700110025,38066.12089272659,60,0.1116,0,1,0,Medium
37.609808976708585,68785.02964722179,Salaried,600.9742169583226,29896.295567107576,48,0.1685,0,2,1,Very High
32.37490633106343,20515.078494046007,Unemployed,576.6711850853391,3845.4490389599105,24,0.1187,0,1,1,Very High
23.0,22367.163986957912,Self-Employed,665.3034002988582,3223.2449268986275,24,0.0769,0,1,1,High
26.776869364967364,25545.411541432062,Student,579.417408283078,22046.690592404808,48,0.1863,2,1,1,Very High
42.941785458829216,65393.94630840705,Self-Employed,598.9919124313906,55034.02544445817,24,0.1092,0,1,1,Very High
40.65927101729994,68708.67603453445,Salaried,592.8862324451369,34720.619330519854,24,0.2505,1,2,1,Very High
51.381675210644126,66030.70638161579,Salaried,668.4151608087855,47039.91132897111,48,0.0712,0,0,0,High
45.09294979524491,9935.2841348045,Unemployed,628.561356643649,4790.391911393255,60,0.0482,0,0,1,Very High
35.99670828285308,38766.16270130976,Salaried,671.7217802273626,23761.99361262625,48,0.2613,1,2,0,Very High
24.245175861849912,41245.0694885228,Salaried,600.8995063227054,50575.09262251477,12,0.1476,0,1,1,Very High
42.78619169065988,85384.93503328435,Salaried,719.0440489768007,131765.27231899282,24,0.4043,0,4,1,Very High
37.656084294588325,81145.91973872327,Self-Employed,636.6125688213102,27396.21521221888,72,0.2338,2,2,1,Very High
49.03128661789898,86586.31312864242,Salaried,650.825723146564,68326.81734024757,72,0.2664,1,3,1,Very High
26.51904076277531,29293.26366930284,Student,574.8536763907596,8212.77414818557,24,0.053,0,1,1,Very High
19.90472997405388,15902.232787921224,Student,625.8773544281433,5481.279466814453,24,0.0345,0,0,1,Very High
49.94382632461936,67739.59621079938,Salaried,566.6399604694973,84563.39473749686,60,0.2498,0,2,1,Very High
23.0,33161.24774207041,Self-Employed,642.0039158689357,36978.889774580326,36,0.1365,1,1,1,Very High
36.15664710810528,5430.202811760368,Unemployed,595.1013120166983,4090.9512733284323,12,0.2753,0,2,1,Very High
61.45818734578493,19403.573772469215,Unemployed,643.8091393431034,4559.740833596612,48,0.0235,0,0,1,Very High
41.65547119050545,32208.996999717965,Salaried,630.1510546099569,9454.153745669542,24,0.1544,0,2,1,Very High
31.94992215746987,10328.25490979536,Unemployed,599.8368582930738,3413.1560353022023,48,0.033,0,0,1,Very High
22.558183954769145,23876.08729046894,Student,598.0545283721113,15084.72840078883,48,0.2507,0,3,1,Very High
39.827723093967236,35793.92590995971,Salaried,673.2803035121126,17566.166004109724,24,0.0741,0,1,0,Medium
20.0,18124.255032801444,Unemployed,586.3630477510756,18639.981328170263,12,0.1028,1,0,1,Very High
43.453273892356314,65510.8041678048,Salaried,635.6185581277116,32104.963207083696,72,0.049,0,0,0,High
46.76180790117992,55406.33288933734,Salaried,684.978617654446,30816.32158356571,48,0.2556,3,2,1,Very High
22.006451265740896,21690.94652733617,Student,708.235269745241,12346.709706649039,36,0.2569,0,2,1,Very High
46.28116065311746,12620.22911950303,Unemployed,560.8399271720066,9543.640587416667,72,0.2756,0,2,1,Very High
23.77113233577628,3000.0,Unemployed,626.8560657546699,1337.7998115928278,24,0.0446,0,0,1,Very High
57.02780491336057,64626.11068686688,Salaried,709.218999776129,45379.1409513223,48,0.3702,0,3,1,Very High
38.09128943266995,10009.709754358744,Unemployed,538.1038091119372,3189.328989132358,60,0.0944,0,1,1,Very High
55.66002070622352,73720.23016973566,Salaried,590.8260532124772,43905.935700994676,72,0.1221,0,1,1,Very High
50.5338590786873,60856.0154079225,Self-Employed,635.0497228456464,36490.0338082867,36,0.31,0,4,1,Very High
53.584984562751515,54949.85703506584,Salaried,646.6140971588919,84819.98294943573,36,0.1544,0,0,1,Very High
18.0,22634.85324884239,Student,698.0478988148516,16125.925763153193,36,0.0712,1,0,1,Very High
50.37313352943076,60752.84321177103,Self-Employed,677.1078725441959,47601.86114069143,48,0.2034,2,2,1,Very High
18.0,10409.217363024643,Student,589.7020002165233,2918.986581243087,12,0.0905,1,1,1,Very High
26.29839015316969,94845.91140560308,Self-Employed,661.9752200193349,9434.354777558772,84,0.0099,0,0,0,Medium
34.86079632590718,78992.27255738358,Self-Employed,651.0925514191391,49784.800528588734,72,0.113,0,2,0,High
18.0,5000.0,Student,604.4949137704507,3833.8375850007596,24,0.1767,0,4,1,Very High
44.100359734271876,73804.34275020713,Salaried,630.4741944435735,106133.51142760839,24,0.1688,0,1,1,Very High
60.97404184529651,62932.85224179017,Self-Employed,661.7820707407149,31628.245481314476,24,0.0503,0,0,0,Low
43.21136396617566,48499.68060040422,Salaried,597.7069932812965,20519.036603273868,36,0.0423,1,0,1,High
44.97859996001552,88691.04131243244,Self-Employed,629.6109132552948,40489.38813568071,48,0.1707,0,2,0,Very High
48.40851162476855,68738.24193677833,Salaried,706.8897748061167,65230.352320099955,60,0.1949,0,1,1,Very High
38.3717975392051,6850.59025611749,Unemployed,664.5468713929779,6450.3301751714735,36,0.0942,0,0,1,Very High
30.647341139930354,26270.091431211382,Unemployed,645.3912846513557,18620.069181251954,48,0.0959,1,1,1,Very High
40.19026084647739,46826.51872631489,Salaried,712.8526989160204,22890.340286759703,48,0.1489,0,4,1,High
45.220003598993515,40935.20176059996,Self-Employed,594.6784692748851,7655.233812160823,36,0.0437,1,1,1,Very High
51.47239835199674,14741.533413859306,Unemployed,633.0782774760721,8988.60053836321,48,0.111,0,2,0,Very High
18.0,27296.63790392611,Student,602.6658111132684,25276.618506983115,84,0.1551,1,1,1,Very High
21.610275318055223,19060.15508662446,Student,598.6073942145151,11888.84461032745,48,0.1124,1,2,1,Very High
21.63813944378411,14109.341848803246,Student,615.3574117468487,4428.452758726553,48,0.0939,1,1,1,Very High
18.163581705512243,16985.420034776365,Student,663.2756337012497,18536.28497460472,12,0.1341,1,1,1,Very High
59.82402835507983,73225.79714440535,Salaried,585.9321404461728,61179.41359481579,72,0.0835,1,0,1,Very High
23.0,65553.81420376977,Self-Employed,611.219776231375,48689.9025248188,72,0.0743,1,0,1,Very High
27.81379828708079,21625.020602005585,Student,615.5741661951063,26127.877801090006,36,0.1208,0,0,1,Very High
24.93576421466132,12920.42891630765,Student,520.156586654126,10836.56345295496,12,0.1839,3,1,1,Very High
29.790184124182446,37015.89680683686,Unemployed,555.6247650370159,25829.89811944803,60,0.2573,1,3,1,Very High
41.42306740072379,12940.932956081051,Unemployed,607.2230033405992,14592.670832727264,72,0.1378,0,1,1,Very High
39.542626178916386,14831.32260125443,Unemployed,600.0861573499071,11393.77600871346,60,0.4768,0,4,1,Very High
25.241419117295152,16436.019034405406,Student,656.8882575998977,8163.183161906685,72,0.0747,1,1,1,Very High
24.842968040473853,34142.474972847136,Student,625.5283538505046,30536.357226761334,72,0.1144,0,1,1,Very High
36.51064479795866,60477.40382775272,Salaried,629.0419249729549,66665.50637912998,84,0.1102,1,0,1,Very High
40.35358139413495,58126.93447153916,Salaried,653.8984484798623,31286.372611315117,24,0.1038,1,2,1,High
70.0,72553.33461526179,Self-Employed,677.4680933543801,22932.70977853769,12,0.0316,2,0,0,High
51.10086781059444,48664.499683466456,Salaried,641.7317364312485,28834.18963765588,60,0.0843,0,1,1,High
22.538816917012873,21760.83230405422,Student,567.9412506135891,8822.45760487769,12,0.103,0,1,1,Very High
32.56608123105047,68093.60519399209,Salaried,705.9703803709705,73140.79125881569,24,0.1074,0,0,0,Medium
43.299207865635935,95701.1259370824,Salaried,593.2646693321338,56321.216962499,60,0.3589,0,3,0,Very High
38.437164670985936,15568.000245850015,Unemployed,682.1596164604016,3582.3154914006996,72,0.123,0,1,0,Very High
44.0048754195984,53332.43356050744,Self-Employed,629.5287261278171,33636.53845072945,84,0.0881,1,1,1,Very High
35.25156749546823,19278.73427870701,Unemployed,653.6346869216708,14003.387148372662,84,0.1351,1,1,1,Very High
25.07889798413564,5728.303901851017,Student,606.7952654752396,4692.50580628948,36,0.0819,1,0,1,Very High
39.57389330983924,25516.488298931963,Unemployed,625.6306634842911,17881.957156676788,12,0.0951,1,1,1,Very High
21.33465324216549,26965.594514693694,Student,635.6299254602593,6567.641429313752,60,0.0744,1,2,1,Very High
32.689720622630155,66250.51212178479,Salaried,611.361747056862,47191.88108371656,36,0.0712,0,0,1,Very High
37.07497494005867,22355.11225953001,Self-Employed,640.4482323277451,16753.93325138402,84,0.1374,1,1,1,Very High
31.667165243189082,10316.747301097483,Unemployed,651.605740410921,5723.886763919058,24,0.0555,0,0,1,Very High
47.711808603528624,13914.087973273197,Unemployed,670.9209324901335,16152.165254449637,48,0.1661,1,2,1,Very High
27.238126208856855,5000.0,Student,602.6472619608222,4000.8925337994297,36,0.08,0,0,1,Very High
49.38462361573174,18859.41270070951,Unemployed,590.3910825742507,8634.706081519558,24,0.1708,0,2,1,Very High
37.68963171043102,84817.60464692503,Salaried,569.3821720361636,69120.14942132324,60,0.144,0,1,1,Very High
30.064102281655046,71455.94928186496,Salaried,614.2363011424175,39631.6298007085,48,0.118,0,1,1,High
52.5205365313989,10000.0,Self-Employed,619.696319328269,1000.0,36,0.01,0,0,1,Very High
47.22922545742645,82261.48799378009,Salaried,728.255618139842,64830.27974458295,72,0.0788,1,0,1,High
31.298215409599866,16432.00154790229,Unemployed,542.3688893880408,1000.0,60,0.0061,1,0,1,Very High
47.194865854634884,72241.86049246238,Self-Employed,647.6106099691358,42148.794392172524,24,0.0583,1,0,1,Very High
23.55420599438485,25036.250270455796,Student,629.3977464999574,23967.125230588954,60,0.0957,1,0,1,Very High
31.06413717070796,13654.073068603158,Unemployed,607.5412273490026,11336.899649886236,36,0.083,3,0,1,Very High
31.642039131101022,56900.028818860555,Self-Employed,682.9035980697502,46728.26679815381,48,0.0821,0,0,1,Medium
34.20290580688091,59919.79565908697,Salaried,620.0293178388478,23328.090765178124,60,0.2389,0,2,1,Very High
24.60507893185798,22766.8092784215,Student,644.009231072939,10657.301639570365,36,0.0468,0,0,1,Very High
53.242079444001305,14481.264996681359,Unemployed,684.7734598446302,1142.1169027870287,36,0.0079,1,0,1,Very High
44.212167301056965,62020.648830450315,Salaried,661.2256079624384,54269.04492014307,48,0.0875,0,0,1,High
21.486312122238377,13955.650305738718,Unemployed,667.9929621032056,8109.734486514126,12,0.1081,0,2,1,Very High
21.29574670970185,18166.23450144698,Student,654.2238152746664,14482.178275168892,72,0.0797,0,0,1,Very High
26.660525429415127,72115.2173743771,Salaried,618.0311164446448,18824.269749905558,72,0.0261,0,0,0,High
53.63645551416333,70773.60289618908,Salaried,662.3388191226574,88215.72997791637,60,0.1246,1,0,0,Very High
24.54541412932989,27492.45188768831,Student,544.5908777587956,8483.72740966927,60,0.0934,1,1,1,Very High
52.09958875336505,91058.50594510547,Salaried,751.8827920308137,136099.77647120415,60,0.1495,1,0,0,Low
35.20801700087811,12286.788736576447,Unemployed,686.3240452969784,8472.716022423821,24,0.119,1,2,1,Very High
45.62251640180575,83997.81426753465,Salaried,602.1703699523115,21392.046258483348,84,0.0255,0,0,0,High
18.0,23823.129036719332,Student,570.8650449261676,30118.894476851125,48,0.2264,0,1,1,Very High
21.147494236531116,24743.04526195504,Student,657.7880398750016,24347.82073999427,48,0.3984,0,3,1,Very High
36.80751773658324,38729.9610134147,Salaried,627.6268098584196,32595.552113297363,36,0.1467,1,1,1,Very High
25.07203395548137,24489.654773255912,Student,579.9430993446525,19103.356627963272,48,0.203,0,2,1,Very High
26.00739400679632,58380.974640356544,Salaried,671.7699747475486,41903.00073817676,84,0.0968,0,1,0,High
41.21407518108025,17549.86026423977,Unemployed,641.615787075684,11876.964122396308,12,0.0677,0,0,1,Very High
48.826203787318136,110637.2695094246,Salaried,678.3097261587237,134651.2201913748,24,0.1217,0,0,0,Low
49.92095198778614,71373.05765068093,Salaried,624.5118346023628,68508.3389258808,36,0.096,0,0,1,Very High
18.913281812698006,5000.0,Student,537.846996362516,1967.528546155494,60,0.0894,1,2,1,Very High
34.92354971300239,54376.05701423736,Self-Employed,661.9883509093111,14025.727575688743,84,0.0508,0,1,0,Low
26.88661478965348,32643.67555651511,Salaried,621.6606805163631,26081.225110036663,24,0.1549,0,3,1,Very High
44.39467230337055,16325.79855254299,Unemployed,663.0022625718143,3327.0154536196674,36,0.0829,0,1,1,Very High
19.36100372680649,5000.0,Student,559.2672841291817,6076.323734310871,36,0.309,0,3,1,Very High
31.200324491226926,34963.32291632643,Salaried,683.98198550116,18036.349388353286,48,0.1141,3,1,1,Very High
37.85230558042096,14825.836065048476,Unemployed,628.8175091759188,7124.250699946098,60,0.0981,0,2,1,Very High
61.1708250758115,73081.11696240192,Salaried,629.0420664125887,47514.75167359403,48,0.19,1,2,1,Very High
20.29913313459572,16790.66104813896,Student,572.2430397586709,18811.749981508023,36,0.212,0,1,1,Very High
46.70488787095597,44720.00600066438,Self-Employed,639.2251877955033,37504.530281774125,72,0.1464,1,1,1,Very High
48.77080571846927,88029.18662258738,Salaried,616.7954145925014,1000.0,12,0.0011,0,0,1,High
59.70889755344571,41292.376874123445,Self-Employed,683.1642022304912,19533.038659358503,60,0.2348,2,3,1,Very High
56.747944090628444,24514.544202069286,Unemployed,627.4219480851975,16008.32328850478,48,0.0653,0,0,1,Very High
28.482775439675457,15331.562471446709,Unemployed,637.7127631495445,7396.492043731976,24,0.0982,1,2,1,Very High
23.629811831498582,18747.59871890101,Unemployed,594.5333153058028,9042.201571942162,60,0.1732,0,2,1,Very High
47.138597519914285,52077.31661855378,Salaried,678.2232648397146,24332.108094258077,72,0.0467,2,0,0,High
35.18814145350412,95074.8473521063,Salaried,618.6373636006898,99173.79540091896,12,0.2043,0,1,1,Very High
57.62753458686285,22005.690050171354,Unemployed,643.3786303202387,29959.40916312941,60,0.1861,0,2,1,Very High
23.19777034570078,5925.234042301214,Unemployed,603.3456421728138,1749.7062384721453,36,0.3295,0,3,1,Very High
21.559447745691948,6725.044899531666,Student,638.8243317605439,1604.287765128303,12,0.1489,0,2,1,Very High
35.93407080530013,13866.083318523184,Unemployed,565.0959373589318,8077.452596161293,24,0.0583,0,0,0,Very High
21.960437767433884,24052.064604202526,Student,623.057860240944,7373.046789761094,84,0.0307,0,0,1,Very High
30.465651796452875,17601.16324146657,Unemployed,543.0238893262884,17347.930007431893,24,0.0986,2,0,1,Very High
38.047791663260476,50614.36566527229,Salaried,658.8674644563661,50486.776403073985,12,0.1247,1,1,1,High
37.80764975316934,86508.61705286903,Salaried,644.6119203551508,75967.99544470328,48,0.0878,0,0,1,Very High
56.164851810871326,78244.26763812773,Salaried,643.1053337361458,28283.956766503205,60,0.0361,1,0,1,High
46.270509925028605,58716.671595939115,Salaried,692.7563294745698,19898.840717361963,60,0.0339,0,0,0,Medium
31.016168791983944,71871.83493683446,Salaried,687.8681452680719,64312.32889362225,24,0.2145,0,2,1,Very High
50.81795457283839,10548.312524614728,Unemployed,652.866637118541,2137.804660393487,60,0.0453,0,1,1,Very High
36.01779049667566,63558.79669871753,Salaried,688.194829123345,54972.731245710755,72,0.0865,0,0,0,Medium
30.25238367458199,24646.760297325483,Unemployed,627.0743733419894,10226.227561630216,24,0.1165,0,3,1,Very High
19.851073571530453,16741.869530801272,Student,573.533594695523,10394.223297735445,36,0.1246,1,1,1,Very High
26.00279992671231,18647.4018660173,Student,674.3728713955935,19959.41370077846,12,0.107,0,0,1,Very High
44.30954354373245,56010.991950353826,Self-Employed,626.885289658972,47920.50881865535,48,0.1356,1,2,1,Very High
42.85082752493124,74834.29648338105,Salaried,650.6767558706061,25307.89831510875,12,0.0338,1,0,1,Medium
36.30106452065677,57129.15012852355,Salaried,645.1663270155395,37662.82699497181,48,0.1284,2,1,1,Very High
24.89335956333209,5496.153186887341,Student,593.8557150001461,1000.0,36,0.0182,0,0,1,Very High
52.529989790702004,49930.27291288103,Self-Employed,640.8976101247481,35438.6988098382,24,0.196,1,2,1,Very High
48.87910856807083,10669.995023036696,Unemployed,615.7286365392478,7292.81342370996,24,0.1683,2,1,1,Very High
43.945160339012396,91299.17185131865,Salaried,619.8082587235971,38914.10931281399,36,0.1676,0,2,0,Very High
31.479595109542664,77600.21439227126,Salaried,658.2815844985438,57005.2711604529,36,0.1235,1,2,1,Very High
59.15574186497693,19558.244299973063,Unemployed,587.4493234701004,6170.948978126362,48,0.1566,1,2,1,Very High
35.8641363543594,25633.630806273646,Unemployed,647.9052887009241,17104.12299877544,24,0.0667,0,0,1,Very High
31.52859124966163,35340.96462649349,Salaried,633.6687587306875,12410.514345219433,60,0.0851,0,2,1,Very High
41.5118213140176,65378.64677822117,Salaried,688.0736674076378,82428.90079697536,36,0.1511,1,1,1,Very High
36.79179962301895,11749.117265381736,Unemployed,577.7708281442906,7494.51546446992,48,0.0888,1,1,1,Very High
31.040746861749327,77497.8835365902,Self-Employed,658.8635076061807,43932.19743765624,84,0.0567,2,0,1,High
53.63042632855596,70868.36098610159,Self-Employed,585.5483055165664,65515.715287085055,12,0.1549,0,1,1,Very High
40.155068425509306,23378.757081600703,Unemployed,610.4217759607833,19570.980653475304,60,0.1462,0,1,1,Very High
42.90774932144111,58677.50256063026,Salaried,614.6580929829147,38323.94570203466,24,0.1278,0,1,0,High
30.785865733824714,58026.59543899767,Salaried,638.6731971074128,28518.02144336036,48,0.0491,1,0,1,Very High
35.16492698494408,62631.63909086084,Salaried,578.2766915612526,76880.02008752698,36,0.2227,1,1,1,Very High
39.82935774380079,68517.66635728438,Salaried,564.7110181629741,18873.354446526133,72,0.09,1,1,0,Very High
19.04607705282584,27539.580958514674,Student,673.4111236742268,27335.010662831486,36,0.0993,1,0,0,Very High
41.20534243384573,116419.03843437131,Salaried,723.4746929523346,23028.203321415192,72,0.2198,1,2,0,High
39.330987734205515,108943.89162933046,Salaried,688.7159398150452,82890.6326576679,24,0.3761,2,3,1,Very High
24.529663055268117,64240.997407574636,Salaried,686.5914953137018,76198.21777225079,72,0.1436,2,1,1,Very High
32.80912827684779,63958.94573817559,Salaried,691.7508051759092,30823.199223781012,60,0.1107,0,1,0,Low
45.09853050489352,83119.50595869208,Self-Employed,658.75851777047,64035.14893720108,36,0.102,0,1,0,High
23.835438112346196,55654.77216158229,Salaried,623.9011145550697,30405.75413007615,36,0.1296,0,3,0,High
50.733444768662736,106618.81606399293,Salaried,615.19104439446,126738.86834066347,12,0.1814,2,1,1,Very High
40.48982640124776,89833.22943505953,Salaried,685.2016471854238,72410.47553747633,36,0.1056,0,1,1,Medium
21.101304272965713,3000.0,Unemployed,596.773070526958,2197.192506939781,48,0.1357,1,1,1,Very High
44.10646010764635,93270.18877585154,Salaried,671.0942053074298,70638.9214052704,36,0.1757,1,1,0,High
34.11874404954405,40128.164096186825,Salaried,708.5935343420074,30018.426153984914,36,0.1998,0,2,1,Very High
57.21416189458178,26665.56785986742,Salaried,663.551429473688,14632.722667439328,72,0.0799,0,1,0,Medium
31.651733942705192,17175.800908719495,Student,576.592335634784,16766.16320145101,84,0.3976,2,3,1,Very High
32.428827476951206,88044.16577404752,Self-Employed,649.508853150329,77450.12911713799,12,0.1505,1,1,1,Very High
37.01589799920854,40183.76630318498,Self-Employed,646.2889499926841,49610.90025037628,48,0.2485,1,2,1,Very High
36.85286670029176,17075.28258919635,Unemployed,585.1878082591439,8470.021689562813,84,0.1746,0,2,1,Very High
22.9974890646131,20812.56626369967,Student,601.381362409049,6709.758820769385,72,0.2322,0,2,1,Very High
36.25761712138315,21750.119549993924,Unemployed,563.7102796035157,11828.032746564277,48,0.1169,2,1,1,Very High
20.0,13044.322591692879,Unemployed,561.6384283822869,7089.035271093673,36,0.1793,1,2,1,Very High
39.66924298263336,47316.372667857555,Salaried,653.4579540357674,42213.72675746132,48,0.2767,1,3,1,Very High
42.938804554090495,75658.05995314993,Salaried,665.6178239365157,33830.919496460556,12,0.1072,0,1,0,Low
46.25060578051773,71258.12001647535,Salaried,601.9395531224799,55540.271683158404,36,0.1404,0,1,1,Very High
53.2453217952949,20028.771949305774,Unemployed,577.795137309283,19253.800494731106,84,0.1211,1,1,1,Very High
24.269724139359987,11602.708192597582,Unemployed,593.7827372538791,2713.0098126227786,84,0.0234,0,0,1,Very High
45.574470778772394,80114.73299985909,Salaried,615.5652170293367,94564.91826255471,24,0.143,1,1,1,Very High
23.620592512905723,21094.396435396215,Student,636.3241578631371,14681.537843583323,48,0.1321,0,1,1,Very High
32.2700246872174,10000.0,Self-Employed,624.6878242377866,8352.961337611725,24,0.3335,2,4,1,Very High
33.06291648111398,53084.41341230199,Salaried,604.7450374362755,58442.54491970988,48,0.1101,1,0,1,Very High
19.268799901876502,19877.496539394026,Student,612.2775155890765,11339.923393372317,24,0.057,0,0,1,Very High
21.955547245649125,21848.22740538684,Student,672.0008278130246,29506.728717100515,36,0.1976,0,1,1,Very High
25.028248233694228,66052.91642538278,Salaried,615.6580872465827,33250.69640444809,60,0.1753,0,2,1,Very High
37.83191385018961,10183.639533640338,Unemployed,652.807291630679,6531.73010414641,36,0.0641,0,0,1,Very High
57.57945241107675,23339.7274820399,Unemployed,591.1372450935238,15182.488971792836,84,0.065,0,0,1,Very High
37.1031456082905,71633.93157429188,Salaried,657.1344042547441,48873.00785734105,72,0.2557,1,3,1,Very High
53.04217968987892,43950.94115983679,Self-Employed,643.6698409823616,16156.130879624909,60,0.2368,1,2,1,Very High
21.556084585282274,20724.893649401456,Student,614.6256571426509,18308.380815065244,60,0.1383,0,2,1,Very High
24.578580960048715,10080.492318503042,Student,631.197431948433,13267.157467507186,48,0.2316,4,1,1,Very High
35.37685833681408,68980.94370498172,Salaried,672.1745316793425,39351.39493517087,60,0.057,3,0,1,Very High
55.30398873811977,35022.57434481171,Self-Employed,596.3093978114631,11953.042052650675,48,0.1591,0,2,1,Very High
33.77122459034467,60117.544564947624,Salaried,655.9161343356028,21622.624470681178,24,0.061,0,1,0,Low
34.69876387608023,81661.19895220082,Salaried,660.5467771037738,49497.50531216257,60,0.1231,1,1,0,High
22.0,34694.78984163866,Salaried,639.213148562753,20541.15885845111,36,0.0842,1,1,1,Very High
35.28607387029212,69943.37244345142,Salaried,685.8753773507926,63135.2433213045,12,0.4028,1,5,1,Very High
28.490417330543607,5000.0,Student,614.3914384541426,1283.3913540064195,72,0.0257,1,0,1,Very High
68.0,55553.603693733035,Salaried,670.9596207418354,76831.74512845189,48,0.2633,0,2,1,Very High
51.595103287382074,41362.78864612416,Self-Employed,605.9625196020269,8090.462675564166,12,0.0946,2,3,1,Very High
24.764156413254163,15035.864725046524,Student,580.1637799560444,9192.542168580192,36,0.0861,0,1,1,Very High
29.927763080172085,14840.856460368137,Unemployed,604.8038935848263,16812.48159927715,72,0.1133,2,0,1,Very High
51.55511230021513,80475.371196963,Salaried,609.4968011043728,73137.36666085158,24,0.1409,0,2,1,Very High
38.0266381977874,50117.9414182619,Self-Employed,643.5106346689912,50398.994687788494,60,0.1631,0,1,1,Very High
35.11835429567989,51375.180589717136,Self-Employed,665.8806798366454,41953.49040628032,24,0.0817,1,0,1,Very High
22.218180361316886,14072.744508722502,Student,595.2728450232412,11483.590793524858,24,0.2066,1,2,1,Very High
44.91480307748286,86809.43982277131,Salaried,624.0652848619201,49045.16904337732,36,0.0565,0,0,1,Medium
24.45792939047284,11420.130956090274,Student,608.4813493960247,4913.166084621041,24,0.068,0,1,1,Very High
21.45829870791673,28468.24846617464,Student,564.7021450803917,17182.782760328984,48,0.0604,0,0,1,Very High
55.30188179808255,60280.90300319459,Salaried,670.2298488238367,56597.149658073744,24,0.0939,1,0,1,High
28.98040733347068,13179.033883223661,Student,626.9643894690684,7512.750495363058,84,0.182,1,2,1,Very High
52.9385702110547,68007.84786047309,Salaried,616.5494194707502,74170.18003647131,72,0.1716,1,1,1,Very High
37.27811549813429,71577.95008921348,Salaried,652.0040104485653,1000.0,36,0.0639,0,1,1,Low
27.158890026298472,11888.67938902076,Student,584.9094405972226,9955.15530031016,24,0.1087,1,1,1,Very High
48.683360434859445,84242.52501572337,Salaried,691.1292567547326,84820.83831249652,36,0.1257,0,1,0,Medium
45.30665127327023,85277.43465208077,Salaried,697.3619475796447,39565.786247366916,12,0.1464,1,1,1,High
47.278145193251206,63316.4972873571,Salaried,659.1636264627474,58188.690773929215,24,0.1169,0,1,0,Medium
25.249199378904546,25761.29178724784,Student,612.3096951203531,7959.24826213322,48,0.1059,1,3,1,Very High
53.59223738896321,76620.08422924572,Self-Employed,659.9920445543938,29044.780891182367,60,0.1004,0,1,0,Low
38.48244076927179,96145.01358945349,Self-Employed,702.6356869474208,31978.636470606223,48,0.1083,1,3,1,Medium
44.320528690150056,11265.637609046074,Unemployed,634.0561543083463,2216.3288867366728,36,0.1447,0,2,1,Very High
42.89231093969275,101305.30828512038,Salaried,669.1116877138046,51375.090256928816,60,0.1257,0,3,0,Low
27.818077048630922,6823.915683663452,Student,630.9615953675773,9681.657931053773,60,0.1419,0,0,1,Very High
41.227421639373986,64077.621722665404,Self-Employed,713.3660927710606,58432.67777098283,60,0.0912,0,0,0,High
26.474975704799583,40762.14769675138,Self-Employed,606.1689116023542,38964.96560885268,24,0.2206,1,2,1,Very High
29.919889233787586,41004.880503748165,Self-Employed,713.4480881829372,42282.31463341045,84,0.1031,0,0,1,Very High
34.015261492953414,44137.003503110944,Salaried,583.364349283871,31301.068922004575,24,0.1209,2,2,1,Very High
54.78611356012928,66808.73335905382,Salaried,707.4827128590784,78102.80614030025,48,0.3169,1,2,1,Very High
35.5283781994338,79765.91647097189,Salaried,675.2281358508023,75321.02389421861,48,0.1944,0,1,1,High
52.9945545306909,27211.012720404105,Self-Employed,651.9384725916187,19543.437982438754,60,0.0718,0,0,1,Very High
50.19722703114802,21720.024505243186,Unemployed,663.6477374279034,18937.7758226936,84,0.2872,0,2,1,Very High
18.089880826824547,14001.533141901518,Student,632.7782983325981,8620.239190545191,60,0.0616,0,0,0,Very High
20.0,12133.847752879428,Unemployed,696.941711817306,9301.960476142816,60,0.2017,0,2,1,Very High
40.30555300687505,21336.815810457683,Unemployed,605.6999285350132,14438.450646331697,48,0.1927,2,2,1,Very High
22.231038896936642,35021.00773280649,Student,585.882231057754,11827.807919841698,36,0.0588,0,1,1,Very High
35.734688144166654,74352.77132761537,Salaried,628.7188883193485,67870.82927055047,36,0.0913,1,0,1,Very High
18.0,30261.02313914502,Student,670.4628967535587,6838.319375907324,36,0.0226,1,0,1,Very High
47.5573894290397,67979.170824847,Salaried,687.5293783025472,64179.21286721584,48,0.1944,2,1,1,Very High
50.54122358702555,75206.02886347774,Salaried,670.5770940882973,76963.21734819308,60,0.2023,1,1,1,Very High
38.91609885359303,87760.9005826796,Salaried,616.3669543920404,19364.49508518621,72,0.3221,2,3,1,Very High
29.64310796201806,7857.681269533004,Unemployed,570.7087771187839,3997.402860075189,36,0.2384,0,3,1,Very High
40.92347987410186,83137.35654209647,Self-Employed,742.593924958988,37804.433171234945,48,0.108,0,1,0,Low
30.860573975335967,53690.3296092969,Salaried,677.343268592065,39229.13308433522,24,0.0981,1,1,1,Very High
22.0,65762.69556029265,Salaried,671.1270583569633,56099.129108100475,36,0.1353,0,2,1,Very High
56.673958600428705,16196.687465312536,Unemployed,612.5040978474777,11206.28728307603,36,0.1192,1,2,1,Very High
46.33970501700489,15424.869641983314,Salaried,673.3097041453682,8169.627868909264,84,0.053,0,0,1,High
35.04260722571003,37408.62127438636,Self-Employed,648.6670969029208,14048.093886381412,24,0.0626,0,1,1,Very High
28.29993741461677,18185.33085047862,Student,597.7867687882731,7267.914055695619,60,0.04,0,0,1,Very High
37.64758905080057,65004.43819084766,Salaried,684.1028352235746,60657.26081053243,72,0.0933,1,0,0,High
42.26496084485833,48668.66136270168,Salaried,695.8729156294853,15048.993365396971,72,0.0934,1,1,1,High
39.355463921203814,58187.30700565644,Salaried,665.5700898302835,41580.40427710463,72,0.1715,0,1,0,Very High
44.94802234883973,62575.70390552761,Salaried,617.6865757978399,7046.074461333712,24,0.0738,0,1,1,Medium
47.370384311115885,100201.14316805082,Salaried,697.0223965496773,98722.05725564867,36,0.0985,0,0,0,Low
42.13936387060685,73654.97522723951,Salaried,649.6870828115274,38323.54500656136,24,0.052,0,0,0,High
53.82149611643999,10000.0,Self-Employed,616.897122665646,7434.913282591184,48,0.1368,0,1,1,Very High
45.07607902098637,20976.989089499228,Unemployed,577.7100118214324,16116.318558365527,48,0.1393,1,1,1,Very High
46.059108324083695,71718.75404968899,Salaried,616.8613661064744,63262.39315213218,12,0.0882,1,0,1,Very High
38.35935733106076,18064.086263678015,Salaried,605.1136224248884,14922.204221836018,36,0.2701,0,3,1,Very High
37.68759600082255,47623.55459677911,Self-Employed,670.7526840520011,40455.58538062217,36,0.1474,0,1,1,Medium
29.28500835712768,17996.12349068753,Unemployed,617.2238295221166,7507.854959241354,36,0.1167,1,3,1,Very High
38.236867825063214,45504.35182302694,Salaried,640.0130400973021,32000.657944619605,60,0.1703,0,1,1,Very High
38.694249127200564,4303.539330961115,Unemployed,611.3627062674437,3198.056841908633,12,0.0993,0,1,1,Very High
27.982778885084926,20815.89310469546,Unemployed,572.5899127538075,17826.292331922577,36,0.0856,1,0,1,Very High
20.0,9986.852957791474,Unemployed,650.5759400531833,7408.600662814763,60,0.2617,2,3,1,Very High
22.158354752121756,29396.340881160635,Student,564.8390935129385,28428.8681474308,36,0.0967,1,0,1,Very High
29.32406554837059,43103.792234480876,Salaried,659.5281028641041,66816.33041473941,12,0.155,0,0,1,Very High
43.17170900102193,63560.1467934866,Salaried,668.586528805537,40661.3839307844,36,0.189,0,2,0,High
32.977381418615,21396.734709162403,Unemployed,656.2562363083617,20641.767909853937,60,0.1215,2,1,1,Very High
50.91577254821321,76558.70996704369,Salaried,721.8766780314787,67173.87027404283,60,0.1127,0,1,0,Medium
48.020756009124725,80027.5252178375,Salaried,605.6343301155558,17081.669695638084,48,0.0838,1,1,1,Very High
51.20571598014901,78942.35643410968,Self-Employed,644.4297917421471,32928.62622808793,48,0.0667,1,1,1,Very High
36.667832780500206,26659.61826941837,Unemployed,646.4352852219668,24929.26493116045,24,0.3435,1,4,1,Very High
45.79544913949172,23996.557979379548,Salaried,650.8149849465866,13085.24471485246,24,0.0545,1,0,1,Very High
35.12596208183019,59391.56115377735,Salaried,659.7513166657623,34386.00003044125,84,0.3579,3,3,1,Very High
45.915697341346345,24623.634380790034,Unemployed,587.3208857155352,19468.849701866307,84,0.1416,1,1,1,Very High
44.60700635594393,39144.333790327466,Salaried,649.1802233535568,36352.92419135391,72,0.1429,0,2,1,Very High
51.77069097501218,49556.266785054366,Self-Employed,639.0222396547434,23133.554819597728,24,0.0467,0,0,1,Very High
18.0,17642.723478102154,Student,642.3764157543737,6126.82476365005,24,0.0347,0,0,1,Very High
20.83889953351788,19935.83221805125,Student,604.4688711808112,16593.346082374734,60,0.2707,0,3,1,Very High
42.90718189624092,62189.39524761216,Salaried,657.3192002744398,55437.16888162506,60,0.1391,1,2,1,Very High
28.119873344685143,18392.650238267088,Unemployed,661.749516857762,13884.211305854056,84,0.1005,0,1,1,Very High
22.79049203822468,18546.885490315082,Student,669.1486658935471,7418.147890633951,72,0.09,0,2,1,Very High
32.504834471733105,67463.1235790509,Salaried,605.1081348065788,69764.7228618885,72,0.1534,1,2,1,Very High
48.68545976152604,61654.85311474146,Salaried,648.4634920528804,1313.8157676159954,36,0.1896,1,3,1,Very High
32.60460886452436,70719.57958258773,Salaried,668.6718373956744,45482.23936847109,72,0.0643,0,0,0,Low
36.89294387015356,72698.4635907606,Self-Employed,646.8530752769515,28998.386760456873,24,0.0399,0,0,1,Medium
36.13692067007457,48816.46558511876,Salaried,674.7178420399081,1000.0,48,0.0645,0,1,0,Low
35.55644279303315,49189.728012489475,Salaried,717.2001906150258,12781.925288144417,24,0.076,2,2,1,Very High
43.520395982682025,67948.38951250787,Self-Employed,644.0062782624552,66647.47155763175,60,0.0981,1,0,1,Very High
24.752208236149123,19842.126845571143,Unemployed,627.4677608909593,6477.641415138944,48,0.4326,0,4,1,Very High
18.095467075826395,17287.730487001827,Student,623.9396677532931,8959.309770089343,60,0.0518,1,0,1,Very High
34.10469599305541,75231.56332908434,Salaried,689.4775183647097,37269.00627608701,84,0.112,0,1,0,Medium
34.49115244814425,83784.36210943366,Self-Employed,668.3512440031096,111242.25787362554,48,0.1953,0,1,1,Very High
45.49042474384561,49916.36334942658,Self-Employed,665.0122612157046,6379.7929761217965,72,0.0753,1,1,0,Medium
44.944540275497125,24945.54069189501,Unemployed,614.4023649103032,14918.34303317466,12,0.0598,0,0,1,Very High
39.934176271497044,83056.6317104054,Salaried,645.2348412686689,108798.83793718959,72,0.131,1,0,1,Very High
29.721564606247146,47857.931110585545,Salaried,728.5278264666797,2163.249603168073,24,0.2045,2,2,1,Very High
45.33805376948124,18121.545778219726,Unemployed,635.4635175004446,7872.001270797486,72,0.1434,1,1,1,Very High
53.75248699281906,79150.24350461747,Salaried,624.5309289125021,30026.425576357513,24,0.2879,0,4,1,Very High
20.417209234959838,21146.02766256461,Unemployed,547.8748772721272,15613.071881763653,72,0.3863,1,5,1,Very High
28.232173712831997,3000.0,Unemployed,647.7073263398344,1320.1288953116948,60,0.069,0,1,1,Very High
52.35126583590808,5000.45219345117,Unemployed,665.6185175969534,3306.550542592479,24,0.1911,1,2,1,Very High
32.696289451655346,17570.01063820344,Unemployed,605.1058028658719,12358.496671566112,24,0.1703,1,1,1,Very High
33.22175493221259,25723.652993202384,Self-Employed,651.2016450823158,30819.784269525186,48,0.3073,0,3,1,Very High
24.128390865849696,28219.938105179866,Student,613.5331426889569,9778.62807967508,12,0.0597,1,1,1,Very High
19.548056726290852,19639.069072987622,Student,582.9395515953325,22282.47286772568,72,0.1385,1,1,1,Very High
25.083633250823276,62659.48500116327,Salaried,611.5144024610662,33584.234580983146,60,0.1786,0,2,1,Very High
49.25740744811416,25349.932615505906,Unemployed,675.632844871676,8696.326977787294,48,0.2218,0,3,1,Very High
49.474033559054476,43167.17549657173,Self-Employed,679.784977939636,20808.143871949353,60,0.0482,2,0,1,Very High
59.22730830635649,35300.30685609854,Self-Employed,661.2604287726276,28133.999913410276,60,0.0797,1,0,1,Very High
41.610299152112326,72500.4668634099,Salaried,652.9693799862507,77960.67965506262,36,0.1075,0,0,0,Medium
41.31274387742238,44463.59726452984,Salaried,638.3430786384727,15042.102651419016,60,0.0338,0,0,1,Very High
25.320231171665938,12809.817322616673,Student,588.3006555052202,6053.903429425945,84,0.0473,0,0,1,Very High
44.164375404353535,86544.49543373525,Salaried,693.4541160951121,59332.002493112916,72,0.1311,1,1,1,High
18.891775684822683,23834.401045179773,Student,600.5838524442189,9514.881063111578,48,0.0649,1,1,1,Very High
39.57197724258901,22464.872650893165,Salaried,641.9567509049067,20662.419392084994,24,0.092,0,0,1,Very High
24.10654995758565,60036.318605204186,Salaried,634.77127072452,45238.03218336914,12,0.1504,0,3,1,Very High
24.186053082406588,17091.553683207374,Student,592.6261582959261,17683.390473895553,24,0.166,0,1,1,Very High
51.126012877536446,57799.83327570011,Self-Employed,588.9736454308991,29224.47877935758,36,0.0506,3,0,1,Very High
36.960358926929025,37594.86595219459,Salaried,677.8393979923078,43879.47945907444,84,0.1167,0,0,0,Medium
22.0,65041.689410141844,Salaried,719.3351147541722,42649.05310993944,36,0.0656,0,0,0,Medium
22.0,105648.23411871126,Salaried,676.1651956552582,60014.755296333744,36,0.0568,3,0,1,High
43.82665655149821,50002.13077908457,Self-Employed,647.8675780447844,23260.98689346477,12,0.109,1,1,0,Very High
25.907188021755232,70366.70176058332,Self-Employed,663.6853705103779,42748.806903355224,60,0.1858,0,2,1,High
28.14678903594951,81313.54391719162,Salaried,677.9527273381005,78533.29483650188,36,0.0966,1,0,1,Very High
41.54990541479978,24780.333430521947,Unemployed,641.6557597911466,30698.542846909135,48,0.1489,0,1,1,Very High
36.30834859887074,12079.37106255801,Unemployed,658.3355509181465,14244.715873811703,36,0.2179,0,1,1,Very High
38.35570446179768,15340.913080343538,Unemployed,629.2245817574047,12958.818792712227,72,0.0845,0,0,1,Very High
43.02924813944891,73499.31794872298,Salaried,584.5618474403857,62804.81035111335,24,0.0854,1,0,1,Very High
26.32426729891769,52610.58499909922,Salaried,587.4395213617751,35937.84764117051,48,0.1683,1,1,1,Very High
38.27867215487582,16333.070050531995,Unemployed,590.8131436782667,11315.68895058252,72,0.3693,0,3,1,Very High
50.497741869081096,69131.37423841831,Salaried,652.4638759485999,67985.84704752229,72,0.0983,1,0,1,High
47.73141452359962,69155.01195228248,Salaried,597.9821759992368,80697.39078403733,24,0.1167,1,0,1,Very High
22.0,51930.84628638408,Salaried,678.9554662642885,21341.0730798433,48,0.0911,1,2,1,Very High
39.11592461158168,17895.39854930321,Unemployed,661.7056315311545,13502.664635748808,24,0.0755,0,0,1,Very High
18.0,22629.454755399016,Student,585.4078188086374,5350.771962165163,36,0.2111,1,3,1,Very High
38.40518856324245,89316.40520065473,Salaried,599.9832752150102,133811.4754589208,60,0.2748,0,5,1,Very High
55.926224103393444,76456.94380672676,Self-Employed,578.8327973759278,25227.34122671561,36,0.058,1,1,1,Very High
47.59778584705646,21077.19706721842,Unemployed,585.1343964682748,24074.83722712984,36,0.1142,0,0,1,Very High
51.60278406133559,82662.64039881197,Salaried,646.1531354539861,37097.961243544196,24,0.2949,1,4,1,Very High
59.45615508644717,52571.98974899047,Self-Employed,672.209556957328,35189.26344741414,24,0.1294,0,1,0,High
19.834441764005625,10980.480204742515,Student,649.798225948447,2006.5358189875103,60,0.0808,1,1,1,Very High
48.71789309429642,86172.55305552356,Salaried,676.4401812419109,33525.77705601303,60,0.1639,0,2,1,Very High
29.98093420024275,68277.75497369924,Salaried,641.8603990051129,49500.77359186721,48,0.1975,1,2,1,Very High
36.000742134402444,33002.636800297565,Self-Employed,709.944730088008,18914.09818388004,72,0.1198,0,1,1,High
24.44632976151846,17262.187567958947,Student,593.9189917978207,15932.116430084718,84,0.1923,1,1,1,Very High
22.0,56888.07126271042,Salaried,686.0418792958609,79308.07760889827,48,0.2144,1,3,1,Very High
35.84067676065586,73470.33764630494,Salaried,726.645707871344,45880.809576227424,48,0.1124,0,2,1,Medium
54.597750539446494,92031.23455846068,Self-Employed,653.3241381868762,101508.07017234608,24,0.2978,0,3,1,Very High
27.83937391875706,27577.355847762927,Student,575.4757427685626,21590.183765026046,12,0.0783,0,0,1,Very High
24.595927602809383,24599.503116912823,Student,590.6374890198315,11588.260612488342,48,0.1721,1,2,1,Very High
51.888428201820844,60754.21825328757,Self-Employed,646.0865986934151,3295.342159498985,60,0.0304,1,1,1,Very High
25.89333006527086,20983.311326593044,Student,633.8238883949151,4219.854630537253,36,0.0951,0,3,1,Very High
56.80610651137998,96389.27271618231,Salaried,634.705474454182,148492.52899487264,84,0.1541,0,0,1,Very High
36.76599721544878,97684.5496480426,Salaried,642.9355728319512,48886.8071452036,60,0.1125,0,1,1,High
46.39606068347731,27883.38464389883,Self-Employed,714.68781460807,24947.776349387503,72,0.0895,0,0,1,High
44.821230725361445,43958.22424067651,Self-Employed,727.4035644744434,21926.950147090145,60,0.1749,1,5,1,Very High
22.805571465302837,24557.552691415207,Student,677.9486683406653,2323.0639217717685,60,0.0095,0,0,1,Very High
22.57526739744909,13796.411494213426,Student,616.2727483475124,9027.576559283203,36,0.0654,1,0,1,Very High
23.796625317107413,61358.20225444776,Self-Employed,652.8729018527885,40362.51655594031,84,0.2533,1,3,1,Very High
18.581804811725636,21901.086938906046,Student,603.9150712950374,13609.036713058591,60,0.3121,0,4,1,Very High
53.970929086130845,99212.71112878753,Salaried,704.3171139529225,17618.91448450401,72,0.1178,2,4,0,Very High
51.95016907613741,11223.724688808252,Unemployed,595.3746344906745,2777.6886288904416,48,0.2247,2,2,1,Very High
41.51261805801694,6826.434630791342,Unemployed,621.3821415269224,1000.0,48,0.0146,1,0,1,Very High
48.05721979769832,43937.318930259484,Self-Employed,643.513916770937,26816.624026595215,60,0.1235,2,1,1,Very High
53.74380922040436,53531.096240365674,Salaried,634.2009389558334,20521.96281929967,24,0.0633,0,1,0,High
36.6260798238904,13083.04646117634,Unemployed,603.6540570586772,6999.022192902661,36,0.116,2,1,1,Very High
59.04387810324316,50166.899327448526,Salaried,672.5403668794773,29115.920006870543,60,0.158,2,1,1,Very High
38.86890047203285,58541.26295131521,Self-Employed,646.2814263704634,43052.57491909108,48,0.0985,0,1,1,Very High
56.588738923240996,18464.35546223387,Unemployed,651.1006026328258,24654.749266739407,12,0.1585,1,1,1,Very High
40.78533318819101,24715.681250979513,Unemployed,674.2513386363858,23936.841453582765,84,0.1718,1,3,1,Very High
32.07483652189175,26008.609743722234,Unemployed,592.3750469648184,8626.044919591,60,0.0582,0,1,1,Very High
43.54960395022822,55086.45452726555,Salaried,706.0929691800677,56912.12874600605,36,0.1658,0,1,0,Very High
23.186462003823365,6205.228119396124,Student,656.8515009342566,3453.7693508733505,72,0.5557,0,5,1,Very High
38.08323489976441,69191.9028007965,Salaried,683.0399585904911,29248.017045563247,60,0.0673,0,1,0,Low
24.060281127005368,27340.80983056271,Student,573.0108134092485,21185.76557592004,60,0.0775,0,0,1,Very High
18.366403048288,19145.529487271244,Student,618.8656833459162,10122.970136234257,48,0.0529,0,0,1,Very High
31.276710127878996,3000.0,Unemployed,603.3440724430004,4458.491748673749,60,0.2111,0,1,1,Very High
49.36391648089558,9031.14819755626,Unemployed,625.866048002558,3353.0904801712895,24,0.2246,1,3,1,Very High
24.387204978447983,91794.70089797207,Salaried,647.9672714870303,38530.74597231522,84,0.342,0,3,1,Very High
23.157008295800136,26721.245079096167,Student,622.3526583996118,32355.53797102805,24,0.1711,0,2,1,Very High
45.996900745137964,58776.34929836532,Salaried,678.9314872335945,30368.40801554648,60,0.3517,3,3,1,Very High
37.2527188818938,34882.15712700186,Salaried,709.8030269451638,12688.14811833363,36,0.0364,1,0,1,High
59.311702877112396,10154.618294360276,Unemployed,526.6156674549252,6347.913665662273,60,0.1875,1,2,1,Very High
48.650939646483764,52054.18952093437,Self-Employed,713.9707822089823,27846.586849729196,60,0.0785,1,1,0,High
28.84604126943184,19964.60338884133,Student,586.1823621438971,16055.643669906252,60,0.1429,0,1,1,Very High
51.98381174507942,14175.286133026493,Unemployed,584.6151562405945,12770.656183174533,72,0.2776,0,3,1,Very High
29.474136712372797,41213.48412736756,Salaried,666.4783852480593,10628.602346718875,48,0.0258,0,0,1,High
20.0,11294.606908288859,Unemployed,630.2143759540303,9981.438707960184,24,0.1509,0,1,1,Very High
20.0,7644.356317743264,Unemployed,595.881563423902,2603.9080814092968,60,0.1341,2,1,1,Very High
32.925474916451066,18770.35023242052,Unemployed,575.2312525884421,1000.0,48,0.0678,1,1,1,Very High
33.12056268274568,27015.242171347392,Unemployed,611.3696407285197,24383.7662830661,48,0.1153,2,1,1,Very High
31.03483481819768,17180.333524173482,Student,616.6167896969325,10293.69664797348,60,0.2599,0,2,1,Very High
21.283699614702613,23800.046773116406,Student,609.4050071267197,23266.809109519923,48,0.0978,0,0,1,Very High
26.436930482558893,10000.0,Self-Employed,662.7723641314958,3675.0505986379176,36,0.1618,0,2,1,Very High
37.890800605630766,45181.61784470954,Salaried,646.3527634344199,44892.94172223573,72,0.1244,0,1,0,Very High
32.04898991360399,58491.56564338437,Salaried,688.090778279,13968.773378812803,24,0.1489,1,2,1,High
44.06898622549251,32280.34889145822,Salaried,676.9989353848518,34582.84103808281,72,0.1321,1,1,1,Very High
42.058510408931085,33982.14789196363,Salaried,709.3741812028786,20029.747877182228,36,0.1839,1,5,1,Very High
27.044499860078574,5000.0,Student,646.1522426967092,5324.36520035007,60,0.1565,1,2,1,Very High
35.41672716190406,23005.41167671259,Unemployed,553.8416877914195,21447.36653029871,24,0.1182,0,1,1,Very High
22.34437852709102,11814.303572752804,Student,626.0659107559086,2065.944808958854,48,0.0925,2,3,1,Very High
30.451990191926807,9449.460666543413,Student,646.3619415438891,3069.0488541320046,72,0.2825,0,4,1,Very High
22.1281877985596,18316.007719975332,Student,615.3954845622086,23879.82023862293,60,0.1304,1,0,1,Very High
24.29748105778881,84599.17106048329,Salaried,621.3840398623589,126254.21178649465,84,0.1742,0,1,1,Very High
35.01809931425484,55754.600011675226,Salaried,664.0308374394133,30485.371463936473,36,0.2422,1,3,1,Very High
25.80781450488508,19105.931456469454,Student,646.0079385172235,23548.369585295222,72,0.1233,1,0,1,Very High
23.197332406764573,49108.5051004426,Salaried,701.0311706295937,57469.650027617456,72,0.142,1,1,1,Very High
45.08911710634022,54895.349944873786,Self-Employed,633.047736525696,44302.95500432697,36,0.2057,2,5,1,Very High
22.0,66409.43232976958,Salaried,630.4037913711886,36893.621503509465,60,0.0556,0,0,0,High
23.9917902434075,16868.83598284958,Student,650.0504659127298,1000.0,24,0.1934,1,3,1,Very High
39.30177303648286,22479.136362395395,Unemployed,626.2754539646194,21152.893785656634,36,0.1441,0,2,1,Very High
35.217276089415165,18330.04904864723,Unemployed,602.7277098199503,12504.02454787885,60,0.1682,1,1,1,Very High
33.96283076085886,49307.0701324194,Salaried,657.8156096034238,45027.487858366156,60,0.1163,2,1,0,Very High
47.508313537429174,58709.9083789113,Salaried,678.0928377836249,39043.25919002051,12,0.0915,0,1,1,Medium
50.839412568003155,11628.36303451465,Unemployed,565.3421849730621,11604.333832546541,48,0.2248,2,2,1,Very High
29.96655643866439,10324.231359286674,Student,600.8220952608057,2456.6555601251775,24,0.0238,1,0,1,Very High
40.302821438476144,22553.683416383832,Unemployed,675.8642927305037,10059.812509856267,48,0.1196,0,3,1,Very High
23.077620162399114,20391.080624746854,Unemployed,646.2871159114966,10059.36337802551,24,0.0493,1,0,0,Very High
29.58479711679441,14887.455158312063,Unemployed,684.2187726029339,12063.183148541746,60,0.081,1,0,1,Very High
39.157449337219646,63248.569539185686,Salaried,552.426536525719,32809.383970453986,60,0.0519,0,0,1,High
40.57163659088502,34668.99816524892,Salaried,663.5239088688932,2464.9480722175467,36,0.0071,1,0,0,High
27.830525748597005,42863.51769492516,Self-Employed,693.8115502600908,42896.21893827055,36,0.1001,1,0,1,Very High
41.09601876982879,41781.07970550068,Salaried,643.0076066587607,13020.918182402394,48,0.0312,1,0,1,Very High
20.0,16429.96174053352,Unemployed,577.104854075537,13926.395822822029,36,0.1598,0,3,1,Very High
55.52136679808201,52203.036425338665,Salaried,586.828149731287,24773.983047092486,36,0.3475,0,3,1,Very High
35.26867912329974,65641.41946008391,Salaried,586.1850978170768,42969.550228422384,48,0.2655,0,2,1,Very High
44.38635871131649,95611.6603434848,Salaried,677.5380690948911,67614.66592271622,24,0.0957,0,1,0,Low
29.916163553349534,113006.07141202438,Salaried,615.8396693856736,29215.413274973416,36,0.1509,1,2,1,Very High
25.735851854656428,22114.367856820478,Student,576.5062900891971,11208.100244448407,72,0.0757,0,1,1,Very High
23.198981003151324,18791.84978082185,Student,619.721981844743,11343.200265493564,36,0.0604,0,0,1,Very High
32.340264535865565,25174.30301698637,Salaried,688.9470783568328,38913.38871027744,60,0.1796,1,1,1,Very High
22.0,34183.354632495146,Salaried,698.9814276506488,26032.198290372304,12,0.3262,0,4,1,Very High
37.715636696196654,57812.919336258165,Self-Employed,651.1226039560484,44946.22216061809,60,0.1027,0,1,1,High
20.756242310921373,27085.01918130968,Unemployed,654.7352541675559,30743.46594572265,48,0.1135,0,0,1,Very High
18.993045026911897,32705.188118128557,Student,689.8590718463486,17019.15526922233,12,0.102,0,2,1,Very High
36.66397751214943,56230.90621359543,Self-Employed,605.412811272711,1013.1462767263001,36,0.0518,0,2,1,Very High
20.04948845198604,27121.982807728953,Student,628.4623195269347,18226.817287676156,72,0.0672,0,0,1,Very High
46.04383741990942,52520.188219527954,Self-Employed,656.8333907254113,63486.83394023315,72,0.1459,0,1,1,High
43.55847476406742,47262.60736323534,Salaried,678.8998460453963,65147.16921946216,60,0.1628,1,1,0,Very High
55.76911699597969,61847.94015215762,Salaried,620.990191248306,35057.67354979123,84,0.0817,0,1,0,Very High
37.907855771443,71753.43155522893,Salaried,670.5598639179441,57485.00557209328,12,0.2051,1,2,1,Very High
45.61734660893536,75082.39748249546,Salaried,688.910575747591,88561.51561173127,36,0.1805,0,1,1,Very High
39.80265518399644,69540.65718985483,Self-Employed,713.0261365897001,42044.55593936281,48,0.1855,0,2,1,High
38.99428525193344,82490.81235747033,Salaried,630.9506417955598,62371.88529543189,72,0.0756,1,0,0,Very High
25.29696193791462,62541.80938751551,Self-Employed,625.2729281713962,51175.8408382137,84,0.2818,0,2,1,Very High
42.088465406224124,31269.344796183912,Salaried,617.3874471588256,18623.433099821443,48,0.1221,1,1,1,Very High
57.18591799946915,55399.189769347155,Self-Employed,619.27731508601,56904.13206984143,48,0.1652,0,1,0,Very High
31.051121937484353,69493.53935370808,Salaried,629.9022635958196,71485.86422993391,84,0.1529,1,2,1,Very High
52.89811547385756,58093.96769248629,Salaried,612.9567988887719,43484.24360187372,36,0.1999,0,2,1,Very High
47.403439931579314,86884.29807319443,Salaried,685.6518016019764,62545.391023331045,48,0.1345,0,1,1,Medium
42.76669689844621,68492.2369500241,Salaried,647.6448679255986,53167.27853359487,12,0.0776,0,0,1,Very High
26.058136458887198,76104.78478638601,Salaried,664.7707231623942,14069.184723864564,24,0.0185,0,0,0,Low
50.94223248097217,67231.75812484609,Salaried,665.2012410996167,73101.47053183829,60,0.1087,1,0,1,High
22.0,72656.9141773029,Salaried,755.7452257400396,75538.3156562183,48,0.104,1,0,0,Low
51.0107149206732,31716.1684652843,Self-Employed,644.3983608536073,32653.92919604667,84,0.103,1,0,1,Very High
25.29118142936687,13467.940434746926,Student,567.799689168397,13882.802446557915,60,0.1656,0,1,1,Very High
22.819288781095956,21550.67666334281,Unemployed,654.2076812380893,7725.454614233669,84,0.0358,0,0,1,Very High
20.0,10989.723242570959,Unemployed,527.359600320528,4430.706101633046,60,0.0653,1,1,1,Very High
23.6824807709284,11057.493353186659,Student,605.1329735782849,3131.249127611677,48,0.0283,0,0,1,Very High
51.23881995169456,43268.64280818819,Salaried,667.5908626489028,20856.437487541618,84,0.0732,0,1,0,High
35.33602997372382,84306.65055658342,Salaried,632.8367563355431,52345.857026461395,24,0.1246,0,1,1,Very High
54.46862530692212,38787.21130285964,Self-Employed,652.7684836568694,39367.91845076478,72,0.1015,0,0,1,Very High
43.04232719941608,49958.44260588758,Salaried,692.9691273821604,43401.720579233835,24,0.0869,1,0,1,Medium
27.216119597000322,22425.578818439666,Student,676.5055511281834,13084.856595512108,60,0.1833,1,2,1,Very High
30.68853505440837,72206.4448741907,Self-Employed,669.3218628809306,34387.02666877743,12,0.1476,0,1,1,High
24.116966215734248,28950.2770552285,Student,620.3423927556121,27259.095477850075,48,0.0942,0,0,1,Very High
26.874672285937663,80873.45510420908,Salaried,704.995247163824,29332.820402504763,36,0.0363,0,0,0,Medium
34.71411313512599,65219.71027055051,Salaried,690.6468875271396,50377.387700569074,12,0.0772,0,0,1,High
46.307328552549215,75776.49145303691,Salaried,603.6371124128999,86449.05979422624,36,0.1141,3,0,1,Very High
32.74720608963006,62765.86404449603,Salaried,706.8595292242052,73424.41288773165,60,0.117,0,0,1,High
30.211265190251755,67263.37316586803,Salaried,646.5895095420668,36082.482129535114,72,0.0536,0,0,1,High
40.30868600122079,74442.14104310171,Salaried,668.3454946601547,52452.027008274745,36,0.1205,0,2,0,High
41.860390939336895,18184.45322860286,Unemployed,604.2036804872608,2125.732030038779,24,0.0742,0,1,1,Very High
22.02773499838489,7368.80722123074,Student,523.426910917272,1609.1507437517375,84,0.2218,0,2,1,Very High
24.290040006946,27982.36891374006,Student,627.9816430322456,21985.55759950622,36,0.2786,1,2,1,Very High
27.235907644456432,18536.19872009083,Student,676.6317748678453,17105.844099567144,12,0.0923,1,0,1,Very High
23.536800880622724,26514.198579881137,Student,667.4419970559065,24604.28589376216,24,0.2803,0,3,1,Very High
50.697733170612594,106201.4028922611,Salaried,715.1721643118839,75872.01065153499,24,0.1964,0,2,1,Very High
35.995932616639976,43814.153747793185,Self-Employed,719.3730078069522,18803.216589902317,36,0.0429,1,0,0,High
21.25643236022925,19697.708565003304,Student,570.870344478562,1000.0,24,0.1051,0,1,1,Very High
34.04512010506761,14798.987184227408,Self-Employed,689.5732314845297,13827.705541820138,48,0.0934,0,0,1,Very High
40.173704186070964,5096.174896633984,Unemployed,653.4473613237817,3234.201513347383,12,0.126,1,1,1,Very High
34.15689977816395,82703.23336219387,Salaried,675.3033866479773,84218.7059266298,36,0.1268,0,1,0,Medium
44.78536843725304,61888.76859915366,Salaried,607.7358991626285,25450.82429413916,72,0.1036,0,1,1,High
39.72978896972376,82876.36707115168,Salaried,634.0201007889332,37507.49682971362,48,0.1078,2,1,1,Very High
55.016452988843,11773.893807256592,Unemployed,603.1111560586667,3509.951878096556,84,0.0923,0,1,0,Very High
42.89660771110616,33682.65612608545,Unemployed,590.5731611206976,27556.782185767835,48,0.0818,1,0,1,Very High
37.900008929419634,54840.51525516967,Salaried,686.1138123311574,4008.3284799599023,60,0.0073,1,0,0,Low
51.59289205213985,88594.24436259337,Salaried,608.7485828863677,101597.24941245536,60,0.1147,0,0,1,Very High
27.869365125628768,12644.425787779946,Student,648.6027937872636,14289.133367022048,36,0.113,1,0,1,Very High
33.39051018347829,74701.87736994226,Salaried,667.3589668404824,25576.83340668779,48,0.0592,0,1,0,Low
46.497674833720765,62687.218530763486,Salaried,644.6105667885097,93396.56567582671,60,0.149,3,0,1,Very High
40.19073390505787,51805.33933594822,Self-Employed,681.0266420334401,64348.66457469486,24,0.1242,1,0,1,High
34.362388143374105,76185.59241120331,Salaried,657.8510686475598,35521.903080742355,48,0.0966,0,2,0,Medium
29.002319647351992,8117.743790575043,Student,546.7939872226818,4638.09811780809,60,0.3071,0,4,1,Very High
30.646725875615545,68426.29066126715,Self-Employed,654.0080946686476,93187.26333844116,36,0.1362,0,0,0,Medium
45.97585236624001,62536.02260050178,Self-Employed,590.6939291193812,13426.372250477943,84,0.084,0,1,0,Very High
49.766982405070465,19087.783440669067,Self-Employed,650.1791522075911,11865.994187628832,12,0.0622,0,0,0,High
46.72745765526135,80094.16847826994,Self-Employed,669.6586210023762,65691.57824679013,48,0.332,0,4,1,Very High
51.73000246709903,6432.124630514885,Unemployed,642.0461698769707,5810.309789727781,84,0.1653,0,3,1,Very High
40.83299307684568,31005.27548883085,Unemployed,633.2595023998474,14989.01216046153,24,0.1108,1,1,1,Very High
38.92459036449374,3000.0,Unemployed,559.3008843657013,3336.7900572880353,84,0.1112,0,0,1,Very High
37.332619403995686,48677.837600535066,Salaried,681.0958324459639,29141.019378569672,72,0.0599,0,0,0,Low
35.0,21825.112164318947,Student,622.05750352983,16500.32299193706,36,0.1256,0,2,1,Very High
18.0,25488.90499943766,Student,535.2885712409807,16219.769872248775,72,0.0886,1,1,1,Very High
50.778773764318345,60913.057454327165,Salaried,611.4853541136913,58437.10068055394,84,0.2834,0,3,1,Very High
25.81438966388658,25914.149067362356,Student,653.4538884352063,20204.06461011964,24,0.1405,0,1,1,Very High
31.54108331311655,59773.294087075556,Salaried,748.7196301882074,55013.550799603414,24,0.092,1,0,1,Very High
22.11361149123852,91791.6584662706,Salaried,652.2579928642643,67426.0919065178,24,0.0985,1,1,1,High
52.93940043455595,64586.84187699341,Self-Employed,528.8466110120107,21428.84480265277,24,0.1582,2,2,1,Very High
18.0,22196.01401465914,Student,598.8667508045646,27718.067573484346,72,0.1874,0,1,1,Very High
57.35878168758808,43664.532559967214,Salaried,618.4312338117379,35258.79043804133,60,0.1307,1,2,0,Very High
27.325984512057154,32634.650708115118,Unemployed,706.3549439365196,12400.001995853248,12,0.2255,2,3,1,Very High
25.89837008898793,26441.192265487858,Student,604.9193047507129,5996.7008634219565,36,0.1227,0,1,0,Very High
38.661107676712085,64644.456429143735,Salaried,771.4696964637118,41153.08008640576,48,0.0637,1,0,0,Low
41.2489097718627,74882.23540473805,Salaried,738.5507670711614,35680.57917275074,84,0.1101,0,1,0,Low
38.20978653182021,88362.0674525017,Salaried,628.7301395834575,31327.488712056263,36,0.0605,0,1,1,High
39.88095858694331,57519.91939405472,Salaried,680.2346714112398,1008.9487495472731,84,0.0018,1,0,0,Medium
26.019302405592374,19514.335661128018,Student,593.5477766163148,1581.4668292671345,60,0.0081,1,0,1,Very High
20.906513011595038,5000.0,Student,656.165933368974,1000.0,84,0.02,1,0,1,Very High
23.436515358381477,86260.75629261992,Salaried,684.4811858274111,22604.19118062206,60,0.0262,0,0,0,Low
23.0,78590.0926886381,Self-Employed,697.1460799953869,58011.227791742975,24,0.0738,4,0,1,Very High
26.441516774309175,16464.58034188951,Student,590.9161193806668,2543.121515804547,12,0.0779,2,1,1,Very High
38.671130410294744,10000.0,Self-Employed,628.6780491983386,1000.0,12,0.135,0,2,1,Very High
20.516541110869838,11347.573410677684,Student,617.1441280960391,12519.628955200953,24,0.1103,0,0,1,Very High
54.91593614182566,35167.740405667806,Self-Employed,667.139241317644,18711.646552651942,60,0.1782,3,2,1,Very High
48.48296396048756,56376.81510388944,Salaried,611.3573959233232,31867.78370485811,36,0.3565,1,3,1,Very High
28.50602959664972,40712.59362001396,Self-Employed,604.3139601063677,47216.802895769215,72,0.316,0,2,0,Very High
37.322413007632925,97903.91899791925,Salaried,715.7781788700238,100874.7780430912,36,0.103,0,0,0,Medium
32.75631300363376,78633.36113492564,Salaried,619.7951227394166,9233.91986835268,12,0.0742,0,1,0,High
39.77266761315457,60456.05965875671,Salaried,681.0759502848814,38058.717457409366,12,0.063,0,0,0,Medium
37.4624135259787,72127.59854195418,Salaried,628.8519404355085,78668.6348593472,48,0.3091,1,2,1,Very High
43.90464344420509,26051.549178949037,Unemployed,612.9057509457567,24673.449526937024,48,0.2947,1,2,1,Very High
26.678746164007208,71930.32943284627,Salaried,710.0973319450767,13406.466659943013,24,0.1186,0,1,0,Medium
39.258920306479375,46690.15916450372,Self-Employed,646.8439013564562,60556.46652462063,36,0.1297,1,0,1,Very High
58.56160564371715,42648.183854282965,Self-Employed,656.79299262251,45062.19953871986,36,0.1057,2,0,1,Very High
30.133914927342307,22513.17019846254,Unemployed,603.9056989699361,17258.12460587374,60,0.0767,0,0,1,Very High
22.61751777987803,5396.183524024738,Student,632.2625368734202,4554.449845267094,36,0.1344,1,2,1,Very High
37.93915860876815,43171.23156130969,Salaried,582.5153836582664,44081.0902464601,60,0.1646,0,1,1,Very High
42.92205891607098,55271.998007448594,Salaried,622.5711496362574,18091.019474374698,84,0.0577,1,1,1,High
56.72199801115334,10000.0,Self-Employed,601.8699461649916,7520.77626227516,60,0.1002,1,1,1,Very High
50.515963269193705,62979.6240596104,Self-Employed,610.67562736109,46547.95186082936,36,0.1364,0,1,1,Very High
44.49904103029416,52509.80710396939,Salaried,651.5752120538922,41308.38013048452,24,0.0787,2,0,1,High
27.104623799246404,13331.136913517299,Unemployed,639.4322776183379,4264.626876907067,12,0.0945,0,1,0,Very High
50.19486075495986,83461.29403753299,Salaried,619.0679418628685,58496.414001622994,48,0.0951,1,1,1,Very High
45.874236431519186,82074.17042152488,Salaried,639.0169319490192,10748.5531978674,24,0.0131,0,0,1,Medium
55.468185512711045,82047.35238923729,Salaried,591.186666478776,58247.08719822581,60,0.071,0,0,1,Very High
25.963343734966525,13972.660421627306,Student,578.1281312814158,5911.6025053499425,36,0.0673,0,1,1,Very High
46.60285517878213,38225.062484967,Self-Employed,656.7728134323155,36511.920694363485,60,0.0955,0,0,1,High
19.53846969148536,7126.11803365836,Student,553.4191933816061,6585.430501373573,72,0.1549,1,1,1,Very High
46.06747928336839,85741.29183243564,Salaried,606.5207276776475,32452.353470430502,12,0.0378,0,0,0,Medium
56.33646011770812,77335.60528236182,Salaried,650.5103016326906,1000.0,60,0.0013,0,0,0,Low
38.22001026484133,48840.447831051264,Salaried,656.928631298214,24419.200015364353,72,0.15,0,1,0,Low
45.87487694787231,60870.65307664706,Self-Employed,680.3566794928744,17066.93058376498,84,0.103,0,3,0,Medium
46.357602206041335,102017.69612730361,Salaried,674.7356174219282,111134.2396460286,48,0.1339,0,1,0,Low
32.9662477054709,61715.20610636697,Salaried,688.7204841674256,57974.71542643755,12,0.2189,1,2,1,Very High
19.58961816811805,16243.89892704003,Student,633.8090498551409,7307.6860660075745,24,0.045,0,0,1,Very High
21.23293672441314,22010.696592460434,Student,554.1303015558543,20228.696061312945,48,0.1419,1,2,1,Very High
43.7225755152648,28409.675617746732,Self-Employed,651.2591805629223,23138.68639345644,72,0.0814,0,0,1,Very High
46.624037754069334,62074.40601030618,Salaried,559.6734912296001,54792.46989343406,72,0.1508,2,1,1,Very High
27.67076905031665,30209.31266541269,Student,598.7440300640893,24472.10323817214,36,0.281,1,2,1,Very High
47.658984529844794,30858.090732626297,Salaried,665.3159569049838,32279.26962868207,24,0.1671,0,1,1,Very High
36.62283400737351,93899.96772085708,Salaried,645.2019809138134,33775.04666730132,24,0.036,0,0,0,Low
49.21456497745596,3000.0,Unemployed,660.2755650071575,2618.369467047304,24,0.1498,1,1,1,Very High
23.752118862549157,20501.890498254354,Student,586.6549101334618,14633.242244489125,60,0.0714,1,0,1,Very High
49.60772206415933,56801.21269753444,Self-Employed,679.1420467184129,44896.23051231896,60,0.079,0,0,0,Medium
36.59291277623069,53061.01520712811,Salaried,627.1812082168293,36777.34204581151,24,0.0693,1,0,1,Very High
46.13515966076321,12716.914384905884,Unemployed,589.0602637678971,1537.3180262568367,48,0.0371,1,1,1,Very High
36.083872785066845,121442.23567719117,Salaried,625.8118490409553,143689.99444681258,60,0.1808,1,1,0,Very High
22.55586876948165,5000.0,Student,646.1443757452698,6162.150958247425,48,0.1857,0,1,1,Very High
39.85959790359768,51098.033280289776,Salaried,671.2447676020822,34020.92356791384,24,0.0666,0,0,1,Medium
35.32348950831734,50537.936350097225,Salaried,700.637090307999,28221.482445977912,72,0.2558,1,2,0,Very High
41.82636490269484,104818.45732664876,Self-Employed,593.5648121487807,157225.55347253082,36,0.35,0,2,0,Very High
33.72647710460499,44228.33354954116,Salaried,643.3553456880525,25849.83956359901,72,0.1209,1,1,1,Very High
44.56604451760834,10000.0,Self-Employed,652.2661152302755,7972.87988098865,84,0.2047,0,2,1,Very High
35.44810426282603,78473.56474861181,Salaried,622.892469371015,30147.334035142976,48,0.1009,0,1,1,High
52.43172247036282,64110.425596373316,Self-Employed,650.8327831015393,54219.43388059772,24,0.1471,2,1,1,Very High
23.952948414222934,106661.25359711878,Salaried,613.1490034227654,57357.335905997614,72,0.0538,0,0,0,Low
37.121246798641266,80782.74026902058,Salaried,660.3291509538667,37389.15682546178,36,0.0463,1,0,0,Medium
42.04736073628042,53205.95372202691,Salaried,636.4589429390564,26608.524837179244,60,0.05,0,0,0,Very High
20.251304926026545,25185.185062285054,Student,579.056585891254,11003.098736417931,60,0.1687,0,2,1,Very High
45.11998509597916,101070.39546796869,Salaried,668.3270536516637,66790.40298165934,72,0.0911,0,1,0,Low
40.222063883853465,30669.310875563122,Self-Employed,648.2545099354392,6717.773925868143,24,0.1219,1,1,1,Very High
50.413665309309046,65797.40602993434,Self-Employed,603.7076390651997,14205.166399926122,48,0.0466,1,1,1,Very High
51.53722546442748,11317.000680882058,Unemployed,650.7503077452375,4258.7872957590835,48,0.0876,3,2,1,Very High
20.030984650144482,12712.91111254571,Student,560.6182191614143,15077.444490637612,48,0.1686,0,2,1,Very High
24.640605904505577,31510.075656742636,Salaried,669.7262070951235,33138.08780015644,24,0.1052,1,0,1,Very High
22.541790735797832,5590.3054620542425,Student,570.5894364099338,8085.454726129699,24,0.2071,2,1,1,Very High
18.0,11805.131627403262,Student,505.94148232221426,6005.688164541604,72,0.1134,2,1,1,Very High
32.043354059425525,75480.15739782056,Salaried,701.1061720481677,75494.06635652734,48,0.125,0,1,1,Medium
30.885778032048286,52051.38354955488,Salaried,665.5683215313854,9322.265583628692,48,0.0679,0,2,1,Medium
23.037461945451362,28586.480874977176,Student,706.9968910936586,24424.170194014605,36,0.2104,0,2,1,Very High
33.31702497933476,38999.59069461607,Salaried,659.8618944346323,15752.251555824228,72,0.0404,1,0,0,High
22.95801153595521,27210.258814775552,Student,689.8280433769736,8297.259031108184,60,0.093,0,1,0,High
47.711995748387544,55130.83745445067,Salaried,722.4822086901431,45503.95076199186,60,0.145,0,1,0,Low
35.787605203832804,12187.611218769816,Unemployed,633.0434724361784,9076.748347847017,12,0.0995,1,1,1,Very High
52.918943397005954,62244.17152051421,Self-Employed,639.8896351604294,39154.34563692168,24,0.0879,0,1,1,High
25.725413483027143,57654.903762148955,Self-Employed,689.3749497007326,39609.36247187083,48,0.1437,0,3,0,Very High
38.58390290994529,48223.93107810601,Salaried,735.371513425812,59530.79599238178,84,0.3234,1,2,1,Very High
38.11166305668863,87521.7404674479,Self-Employed,678.4907300384707,61870.75111690046,48,0.0707,2,0,1,Very High
32.45019283842103,37206.73053644043,Salaried,664.2717074559591,29063.63953891801,36,0.2781,0,2,1,Very High
21.90157227352141,24841.288941697814,Unemployed,635.4896103296794,24385.99023295667,48,0.0982,0,0,1,Very High
29.338101518349085,11023.414781852378,Unemployed,617.6164576974252,13318.543007208213,48,0.1833,0,1,1,Very High
23.665005243553487,25922.621620154023,Student,659.0451259915905,42004.96944542373,24,0.362,0,2,1,Very High
31.085411394763312,15627.04873507074,Unemployed,629.4983066910775,4503.444369040106,48,0.0538,1,1,1,Very High
50.825588257151594,30378.472112690197,Self-Employed,673.2855220496203,9290.8965292157,48,0.2306,0,2,1,High
49.854374385525006,15676.130014796105,Unemployed,612.4940389881567,15206.806434506008,48,0.097,1,0,1,Very High
42.95900964716308,68361.15450991043,Salaried,677.4967599824789,67948.28270984096,36,0.0994,0,0,0,Low
45.32180473752288,19573.85190104624,Unemployed,596.3026122213175,1572.6964814538587,24,0.033,2,1,1,Very High
44.8502146360775,53936.87891012351,Salaried,699.1417363369476,48801.32623489952,48,0.0905,2,0,1,Very High
40.04617657086625,76962.70575280231,Salaried,624.278043755055,50097.95489439752,48,0.1276,1,1,1,Very High
23.305537753522053,12908.760575347686,Unemployed,632.8063916086123,5451.110008176642,60,0.0422,1,0,1,Very High
50.35158407101638,44922.07432281239,Salaried,656.4260161291985,9506.905275085195,48,0.1212,0,1,0,Low
51.96035719675467,50817.69583285277,Salaried,610.0013397968877,10626.142529427627,12,0.0209,0,0,1,High
50.7636036923751,48397.48047870057,Salaried,593.7614151935719,32594.983283872833,36,0.0923,0,1,1,Very High
37.564770098774034,97924.20400916747,Salaried,681.8542257869099,60182.73376024541,24,0.0615,1,0,0,Low
54.25936986468341,61345.06656098715,Self-Employed,624.1092832782025,66537.89269328778,36,0.1085,0,0,1,Very High
36.338528858651834,53976.447433251444,Salaried,646.2179803216296,1000.0,60,0.0644,0,1,1,High
34.457328577851094,68377.81132975001,Salaried,613.874615128296,39420.78673660888,24,0.0577,0,0,1,High
32.64877060752674,62114.165937919315,Salaried,685.545245105032,12721.723520235526,48,0.0205,0,0,1,Low
56.89126040478354,52191.73532872944,Salaried,723.4481377097316,27262.06599309142,60,0.0772,0,1,0,Medium
43.011161787186836,52506.63963369503,Salaried,595.0916178706918,24302.06484864435,84,0.0463,1,0,1,Very High
50.16260297895187,20173.802949644327,Unemployed,546.8162247256745,19464.499866181664,24,0.159,0,1,1,Very High
45.409971781099415,89321.97150514805,Salaried,623.1638734913236,100102.66910240745,84,0.2371,0,2,1,Very High
28.539583508377028,11334.091184427758,Student,588.3955494603806,16123.05088930903,72,0.1923,2,2,1,Very High
36.99309498176342,33676.60048354397,Self-Employed,703.1475203596807,34140.367669141546,72,0.1014,1,0,1,Very High
28.02923486163237,11492.78085911973,Student,629.367854220673,10205.899920387614,12,0.2138,0,2,1,Very High
21.85234693810812,21333.470618775355,Student,625.2146901266237,23915.975348383236,60,0.1746,0,1,1,Very High
39.43187756580812,37284.49585054266,Salaried,633.3356042168142,21725.40659752544,24,0.1083,0,2,1,Very High
20.0,13414.591891480948,Unemployed,610.5812992431797,9484.429254605631,48,0.2582,1,3,1,Very High
33.53397278940631,26946.566397553943,Unemployed,613.1815134137616,23354.01442053299,84,0.1117,2,1,1,Very High
21.74992859524746,11216.448339634553,Unemployed,630.7662027036708,5028.051824465634,48,0.0698,2,1,1,Very High
50.26046067329393,59978.765592520314,Salaried,677.7739107894197,36367.371090770604,48,0.0606,1,0,0,Low
39.92935508623735,9782.624155773869,Unemployed,579.4103361159214,7091.632358243345,48,0.1225,0,2,1,Very High
45.31641685532646,37389.46533845251,Self-Employed,660.7127000843856,39284.63774672788,48,0.2301,2,2,1,Very High
35.0257581741983,6918.868793428355,Unemployed,565.101772183789,6818.6885261780835,24,0.1236,0,1,1,Very High
20.789630831000785,18212.534555731778,Student,559.1070221471778,20138.195902149746,60,0.2356,2,2,1,Very High
20.0,23732.818253540725,Unemployed,583.3627215801242,27739.699367887275,60,0.2169,0,1,1,Very High
46.41402071933514,53276.34159304084,Self-Employed,628.6191401782447,51759.39527056867,12,0.1222,0,1,1,Very High
52.87097150010824,96148.37214255542,Salaried,664.7758372618489,37133.637929733915,36,0.0386,0,0,0,Low
33.40098360223989,5364.138405615613,Unemployed,670.357531008638,7067.272661568514,36,0.2318,0,1,1,Very High
42.45422759820424,69176.17579180264,Salaried,635.1619575485504,24392.856441086482,60,0.2353,0,2,1,Very High
35.17985581248299,71466.01717885898,Salaried,702.9626093058627,53813.49803875859,60,0.2003,1,2,1,Very High
29.875874186123205,3000.0,Unemployed,554.684997683047,1892.0321181797278,48,0.0631,1,0,1,Very High
32.83545566357397,66949.70625979427,Salaried,700.8537910022801,95865.0970170665,84,0.1432,1,0,0,Very High
22.525236673518165,5000.0,Student,648.5311811431669,6953.647788851112,12,0.1391,1,0,1,Very High
52.61784451477082,81180.34058530866,Salaried,715.7089241202791,71996.78063123787,36,0.0887,1,0,1,High
23.206368548757666,26694.81523929661,Student,581.9912504570897,31299.072030528303,24,0.3172,0,2,1,Very High
40.463476462238866,21047.511682925506,Self-Employed,735.857767774978,9634.591007523153,48,0.0958,0,2,1,Very High
28.399326850402336,76902.03987448943,Salaried,625.054487256327,16593.316076522424,48,0.0841,0,1,1,Very High
22.885257106815008,4870.967965094891,Unemployed,680.990896458623,2654.2970947714757,84,0.117,0,1,1,Very High
42.02173567963902,51455.211281506585,Self-Employed,663.4902379652228,31100.16185765571,24,0.3604,0,3,1,Very High
26.768525022925616,3000.0,Unemployed,620.8287522405905,1316.743786100031,48,0.0689,1,1,1,Very High
35.19811172824156,5262.585284235196,Unemployed,547.5986190667105,4491.565233333663,24,0.1353,0,2,1,Very High
23.0,42744.91682021953,Self-Employed,658.6929321862984,24462.34369238757,24,0.0822,0,1,0,Low
18.01023200148507,19744.664495822188,Student,588.7822146321503,13477.068268825195,48,0.1933,0,2,1,Very High
33.84754156752484,25998.547710706745,Self-Employed,587.6127904426157,9921.819402326959,36,0.1007,2,1,1,Very High
52.06500284756592,66799.67157632593,Salaried,659.7261291404914,39285.52227509193,84,0.0588,3,0,1,Very High
26.6121279789608,67577.02581109627,Salaried,644.7287464069752,31029.6188589828,72,0.1084,1,1,1,Very High
49.815939424793186,109212.81754786479,Salaried,657.4955697624055,105169.9519873038,12,0.1213,0,1,0,Medium
21.688264407403043,23623.687763597627,Student,628.5733060646553,14785.311383565568,72,0.1251,0,1,0,Very High
35.162032589642735,54494.888220702305,Self-Employed,626.9046158261206,19607.39043551976,36,0.161,0,2,1,Very High
19.669659641086042,13069.142795815369,Student,623.3067861926123,5315.03958436559,12,0.3407,2,3,1,Very High
52.20925479448138,50319.570684781254,Self-Employed,666.2275569346941,58411.879070767216,48,0.1786,2,1,1,Very High
45.772896862603446,65178.63746221397,Salaried,671.7965705462988,76102.55443355348,12,0.1418,1,1,1,High
25.51133935001255,76940.98113124039,Salaried,678.5638522940491,54733.6004907691,24,0.1336,0,1,0,Medium
50.15166713055684,67184.17783148654,Self-Employed,630.761199392033,45421.84605610089,72,0.1926,1,2,1,Very High
26.054773746823056,32449.921734913743,Student,614.6153506834276,36603.63996765465,60,0.1128,0,0,1,Very High
23.922689209522503,27570.715882961973,Student,620.928595515435,25475.784213699317,60,0.0924,0,0,1,Very High
41.318781758290534,85950.839326058,Salaried,627.9285800670864,52392.93687676672,60,0.111,1,2,1,Very High
41.60496628536914,56876.15263818128,Salaried,635.1592994260743,46535.84355772082,60,0.1443,0,1,0,High
45.99763969611609,78388.26996989074,Salaried,644.6769611679443,35405.40546734531,24,0.0452,2,0,1,Very High
47.417656358095726,20460.9252168674,Salaried,663.8414898147626,15900.877963297678,36,0.2027,1,2,1,Very High
36.61483402768147,42715.412480119514,Salaried,612.1578558317583,47881.00499912854,36,0.2371,0,2,1,Very High
36.76096418796091,18279.32537738652,Unemployed,604.208245457519,7806.494737056727,48,0.0427,1,0,1,Very High
40.394439834673236,78601.32773526211,Self-Employed,618.7452578223981,56041.50148445944,24,0.0713,0,0,1,Very High
43.394655088044544,76403.73905768497,Salaried,614.664255444879,60099.95233495534,48,0.1412,0,1,1,Very High
43.27717807186227,78209.70448053567,Salaried,598.1151143536124,32311.453728420525,36,0.0413,0,0,1,High
40.17633821689634,74169.46540001343,Self-Employed,634.7761183083624,84324.17997807899,36,0.2387,1,2,1,Very High
42.2446550443255,41084.56701761268,Self-Employed,616.2877421544252,37992.99672722277,48,0.1925,0,1,1,Very High
43.43524153204998,71118.07128158881,Salaried,630.0294315157961,32560.788980841644,12,0.0708,1,1,1,High
20.095803166501277,29206.314042490427,Student,591.4823564072913,22894.630963552165,48,0.1409,0,1,1,Very High
24.813969546486046,28317.823760527244,Student,627.1733835155939,12410.133159335448,48,0.2313,0,3,1,Very High
37.340710844889756,40397.428569580414,Salaried,604.0832391584672,9672.64533832005,48,0.0864,0,1,0,High
26.901332076027213,71081.95405747628,Salaried,699.4902005066895,35443.125443694444,24,0.0999,0,2,1,Low
27.975060948498545,32538.442578979448,Salaried,663.5729372425795,23081.020499193906,72,0.1959,0,2,1,Very High
33.80248636649458,29540.896821751387,Self-Employed,696.1360588853912,14060.642112853271,60,0.0726,0,1,0,High
22.79765039426628,28463.32499023871,Student,543.3020204506622,23908.517613281998,36,0.134,0,2,1,Very High
20.230933898217312,24849.14491732182,Student,625.6555775471988,15762.391310540701,48,0.0884,0,1,1,Very High
38.08451319080065,88839.59682734698,Self-Employed,652.1101287033141,93834.04484499201,60,0.1306,0,1,0,Very High
47.701459130063725,57144.41583487603,Self-Employed,700.7444175297982,19498.281244307236,36,0.0341,2,0,1,High
43.626191566973496,54761.4061135311,Salaried,718.0907219703755,27068.575723234484,48,0.1494,0,1,1,Medium
45.4975692802302,51261.24756668308,Salaried,658.7232582662434,30263.886441467053,60,0.3715,1,5,1,Very High
22.654398210172626,27263.747928527955,Student,637.2313966948514,28975.13478879877,48,0.2313,0,2,1,Very High
22.44894993055598,27620.989613414404,Student,587.6522155705036,14155.901069906507,48,0.2388,1,3,1,Very High
55.591047867348124,99079.66987611953,Salaried,624.6821187226351,101213.84404424693,48,0.2022,1,1,1,Very High
27.826274572401765,44638.87698167473,Salaried,663.0052654474424,37890.808935623994,60,0.2099,0,2,1,Very High
43.334762625630404,43990.449508554026,Self-Employed,656.9130848532811,11886.44718009968,84,0.027,0,0,0,High
22.807757922116274,3000.0,Unemployed,654.4404610926023,1508.0142851017883,48,0.0753,1,1,1,Very High
30.79426628199925,59475.53507447544,Self-Employed,685.7245581184535,83421.57356039365,24,0.3903,1,4,1,Very High
63.64712036097001,51435.55100150603,Self-Employed,690.5689349752906,48951.18622964554,36,0.1577,1,1,1,Very High
32.13823837895687,37599.62104004891,Self-Employed,670.8441426309489,1427.4690264194514,72,0.0038,0,0,0,High
25.68294522477528,74290.65138819706,Salaried,631.9173304493492,41207.391936198845,60,0.1055,1,2,1,Very High
32.217760750426834,11062.374048981506,Unemployed,649.860585332486,8948.64321527208,60,0.1059,0,1,1,Very High
51.16707858291659,40477.86137867381,Self-Employed,607.7837131943536,21696.48269942368,36,0.1786,1,2,1,Very High
40.680789405142505,10528.353704363135,Unemployed,617.4542899112917,1000.0,60,0.0095,1,0,0,Very High
41.303962033603824,24502.760028483102,Self-Employed,590.2946929297304,6492.248238754311,12,0.0265,2,0,1,Very High
42.74798724999696,52297.96083306849,Self-Employed,705.9099083802967,11179.809445912206,48,0.1464,0,2,1,High
44.29362610820475,69215.14163287694,Salaried,667.6272225376667,29371.481534393035,60,0.0674,0,1,0,Low
53.00417067369353,67992.9343962328,Salaried,671.5881825270613,90317.67178393906,72,0.1828,2,2,1,Very High
25.84504540233244,29160.30292810565,Salaried,621.5533993223734,7973.187360385124,36,0.0898,1,1,1,Very High
45.45933841803485,47520.82299754236,Salaried,652.5115233379474,5775.99584971411,48,0.0122,1,0,0,Low
28.567759932950395,25718.72933627128,Student,583.9280372352063,7175.137589910191,24,0.0529,2,1,1,Very High
24.919718508845797,22184.643502526113,Student,603.4287247763793,13954.640186217157,84,0.1254,0,1,1,Very High
23.0,45187.198570467335,Self-Employed,652.0095345747056,27454.73352851953,24,0.0858,1,1,0,Medium
41.36864868314944,17825.19912799789,Self-Employed,723.8743672145358,1000.0,48,0.0681,0,1,1,Very High
28.648798547043015,4417.705919821561,Unemployed,557.5657563935664,4422.198817558519,48,0.1751,0,3,1,Very High
22.021631431747117,28474.6921621145,Salaried,663.0964818668646,14943.243195652927,48,0.1775,0,2,1,Very High
40.29908184290988,15660.301886183794,Unemployed,595.3958939892009,7425.8888670593415,36,0.0974,1,2,1,Very High
47.21460765627053,16754.233379277888,Unemployed,658.8551174812269,6295.803930584314,36,0.0626,1,1,1,Very High
39.972735685936776,76636.65320433844,Self-Employed,648.6324474248568,27624.21896960585,36,0.036,1,0,1,Very High
38.72299619242251,19617.315586278706,Unemployed,719.9584347887438,7278.212786209176,48,0.1121,0,3,1,Very High
53.22920344289088,50044.7085336088,Salaried,644.6172237653977,21607.099893482897,48,0.1057,4,1,1,Very High
31.54459316704915,76248.5221384537,Salaried,655.3174272912526,72510.2350682261,84,0.1951,1,1,1,Very High
21.40976752051496,17956.197881287677,Student,623.6148535444113,11778.467333938115,24,0.0656,0,0,1,Very High
48.69524741686449,69133.45971995532,Self-Employed,647.9228517313512,64234.787252416005,12,0.1429,0,2,1,Very High
38.23022024812322,84353.86800129658,Self-Employed,602.1332305221368,42339.29805310085,48,0.0502,1,0,1,Very High
35.82787154831432,81676.6153313569,Salaried,659.6187728377968,88904.88429963471,84,0.1088,0,0,1,High
24.580736212435866,11029.019603443392,Student,619.9134227851632,8468.356501085076,12,0.0768,1,0,1,Very High
41.73385333274469,57261.875825859024,Salaried,628.5980525859984,12396.477593097403,36,0.0841,3,1,1,Very High
37.586032716614916,53003.178500134076,Salaried,655.9556019666829,33166.33821122089,72,0.1251,1,1,1,High
28.360506374402327,76881.96889771377,Salaried,576.5171605433756,61213.0321984411,72,0.3296,0,4,1,Very High
52.56202862818486,98201.2146575262,Salaried,716.5728013950314,32352.15539575461,24,0.0954,0,1,0,Low
53.872206252042965,75140.92406898816,Salaried,703.6279134344215,72753.60662066161,84,0.1593,0,1,1,Very High
20.751151566935544,22215.073390349724,Unemployed,663.6549313095974,17820.286564193837,48,0.0802,0,0,1,Very High
39.11995390154255,42195.244461230606,Salaried,606.1602080730325,38466.55093805662,36,0.2162,0,2,1,Very High
59.23054238683554,84703.54583217384,Self-Employed,650.4339114312114,54196.89485534241,60,0.064,0,0,0,Medium
24.927645709874493,6726.013154850911,Unemployed,550.9338279392941,8949.72664670712,72,0.1581,1,1,1,Very High
39.20894446509801,61651.32117624333,Salaried,656.214769228129,46339.74234025375,60,0.2627,0,3,1,Very High
32.982852442567655,54736.87963425496,Salaried,659.2263092587109,41936.885768073065,48,0.0766,1,0,1,Very High
44.112714042002025,64679.54553637644,Self-Employed,620.5992661322797,36509.949486290454,84,0.1064,1,2,1,Very High
62.70842088205586,38044.931837698314,Self-Employed,659.111064807326,23952.808407665558,36,0.1255,3,1,1,Very High
38.76578318309637,44092.261251808806,Self-Employed,695.4933921325833,34203.04999119001,48,0.1026,0,1,1,Very High
43.620838522209546,12000.0,Salaried,676.9462150213488,1812.2772416406206,48,0.1151,1,1,1,Very High
47.89157231435131,45621.746543179164,Salaried,654.2535239516753,21532.127171006035,36,0.1722,0,2,1,Very High
33.99524975472076,95211.66770078125,Salaried,707.2214402348732,65588.68070029082,36,0.1314,0,1,0,Medium
21.937270783894192,17934.45873221365,Student,591.7993617170513,9354.757457874675,60,0.2397,0,3,1,Very High
21.933642545461574,16672.721159191362,Student,629.36659838717,14190.590910572982,60,0.1476,2,1,1,Very High
52.57260929390557,15741.05447489543,Unemployed,561.8661540153762,14250.691813045018,24,0.2155,0,2,1,Very High
27.763231710031384,8257.68478722,Unemployed,588.848506417431,7854.448320824752,48,0.0951,1,0,1,Very High
20.0,26229.603732795098,Unemployed,616.6492003131115,24411.405739820733,24,0.2181,1,2,1,Very High
29.709939620115435,17652.87580999048,Unemployed,605.7775224207627,13416.655588605558,36,0.276,1,2,1,Very High
53.22720848651977,88623.59787142728,Salaried,676.1639800958941,127618.20692250667,36,0.244,0,1,1,High
24.2615943647503,24936.114371848955,Student,560.5349780118969,10616.380834277534,36,0.0426,0,0,1,Very High
46.69947366196627,52434.933618088864,Self-Employed,656.3117602664731,22198.747921245653,60,0.1673,1,2,1,Very High
46.011421004624786,30503.6552431839,Salaried,648.8298720460648,36969.24981717405,60,0.1212,1,0,1,Very High
48.5287461663237,109907.88723551031,Self-Employed,700.6783302920194,51709.272125509015,48,0.172,0,2,1,High
45.57767582967503,18682.43111449393,Unemployed,549.9128696511816,9076.918476349983,24,0.0486,0,0,1,Very High
42.53593278280188,15775.292754532336,Unemployed,603.1360884940107,6939.098936048348,24,0.044,0,0,1,Very High
36.906441956159306,81027.14472711098,Salaried,715.9964343754849,12055.698023190185,36,0.2149,0,2,0,Medium
32.570662889252475,15895.1045006082,Unemployed,655.3064230506179,11494.947597135288,48,0.0723,0,0,1,Very High
42.242140903249556,61855.51300650386,Salaried,631.4232451245986,49757.220955349316,60,0.0804,0,0,1,High
25.9784055048515,6759.067663452048,Student,580.4621258051131,3329.8977189149805,60,0.0493,0,0,1,Very High
58.19975551233014,75253.1306472755,Salaried,697.5779566726263,45245.899358371156,36,0.0851,0,1,0,Low
22.741856876360337,18243.123295847203,Unemployed,618.7938580618869,8338.74360478113,24,0.0957,1,2,1,Very High
32.247131779670845,87422.28815327493,Salaried,667.6334700797368,96960.63867350618,60,0.1859,0,3,1,Very High
18.46625246743476,8544.950326634547,Student,604.9455830777385,4624.4316166828985,36,0.1791,2,2,1,Very High
30.789559716558035,10517.638456950497,Unemployed,631.7726433347715,14937.320009399842,60,0.217,1,3,1,Very High
34.24505303259173,13454.78589853882,Unemployed,605.5841262741609,6823.509990946012,36,0.1257,1,3,1,Very High
31.71009370335389,46387.66164875528,Self-Employed,646.3861907916357,35007.790556936525,60,0.0755,0,0,1,Very High
33.100073226547714,70540.89310544704,Salaried,727.5172614396533,26285.54985977991,84,0.4373,1,4,1,Very High
47.3357397476239,107481.83605431642,Salaried,645.9078900136801,4569.892037979622,60,0.1043,1,1,1,Very High
39.55393304416813,46948.11721575822,Salaried,603.9390979597773,18787.96967328716,84,0.04,0,0,1,Very High
27.436304917532166,15555.216815211208,Student,662.851569617432,10184.330098079727,48,0.1405,1,3,1,Very High
20.0,5010.0451846963115,Unemployed,548.3870313954919,3663.6505537446264,24,0.1481,1,3,1,Very High
25.318135005871046,49021.01845328492,Self-Employed,688.5981389181175,18008.74089646237,24,0.0992,1,1,0,High
31.561946280447216,64579.927706693954,Salaried,735.4238556687027,37130.16487202193,84,0.12,0,1,0,Medium
25.468292398711572,59752.27927668163,Salaried,689.5669675338482,25277.244945229286,60,0.0423,0,0,0,Medium
42.91249537041343,74083.7950615864,Salaried,620.255355703913,38873.327728981225,84,0.0775,0,1,1,High
41.4215257632726,61303.99452415864,Salaried,688.8916653414636,29353.47924775006,36,0.0479,0,0,1,Low
49.056808709577986,64929.96250784476,Salaried,653.5521489301075,58779.30954878357,60,0.1905,1,1,1,Very High
38.94209339026782,10000.0,Self-Employed,616.9665923855202,11747.23543464595,24,0.3175,2,2,1,Very High
37.265738921259,89856.60767736481,Salaried,665.1770147573528,62786.307151550616,24,0.0699,1,0,1,Very High
22.24452680073578,18058.766120329485,Student,571.3695650956054,20359.5487387536,24,0.1377,0,1,1,Very High
50.537874815556776,63693.10921566229,Salaried,623.7155198739263,14908.065763534365,36,0.2234,1,2,1,Very High
31.84893472272833,75957.84200244118,Salaried,650.5768702759082,67466.83200649447,36,0.1388,0,2,0,High
35.66421136317661,9112.268839176912,Unemployed,608.1446151599096,4317.56839756835,48,0.1724,0,2,1,Very High
52.09596119755718,63888.457120763094,Salaried,671.8004010047913,63587.48830741139,48,0.1745,0,3,1,Very High
22.639198902430056,26821.39051430227,Student,639.6817471853559,11950.857906524276,84,0.0446,0,0,1,Very High
25.32745973781684,8035.237843509714,Student,615.484510529304,7607.076045564027,48,0.3447,0,4,1,Very High
22.949984668745746,48972.14481521689,Salaried,622.9804627068806,26692.604608319314,48,0.0545,0,0,1,High
28.700858343741388,77207.18989104424,Salaried,668.610963209386,66010.91434435605,84,0.1105,1,1,1,High
48.30082742489304,89530.2977552669,Salaried,550.3370114482807,8541.934103972239,84,0.0095,1,0,1,High
18.0,26145.39793041698,Student,620.9235170439401,14363.625167120152,36,0.0549,1,0,1,Very High
21.41632814235761,29636.144327672293,Student,632.5835495854863,8259.276264188313,12,0.0279,1,0,0,Very High
49.58969601652359,13614.954073822333,Unemployed,589.2106227287567,13258.904695777526,36,0.2974,1,2,1,Very High
40.671317785960966,82438.1345224964,Salaried,624.7413741957213,38986.25196279163,48,0.0973,0,2,0,High
22.0,77714.84151398184,Salaried,623.3227629520958,28577.465123856226,72,0.4368,2,4,1,Very High
20.0,15584.786818320423,Unemployed,588.2428859885207,16630.180700880013,48,0.1067,0,0,1,Very High
42.86497269571635,11471.61748029065,Unemployed,662.4665754000786,17029.586232115424,36,0.1484,0,0,1,Very High
23.398728067114185,12983.365386255035,Unemployed,667.239998345977,6922.452385236071,60,0.5533,0,5,1,Very High
40.70483501324605,60543.347752748436,Self-Employed,708.5809135376807,77248.71495952827,72,0.2276,0,1,1,High
33.19180602794968,74637.91614482415,Self-Employed,630.0004705597868,41766.35248523322,60,0.056,0,0,1,High
24.800753695856802,80460.14957848049,Salaried,628.6530980989221,37628.38888924101,72,0.1468,0,1,1,Very High
58.9574120550103,29431.52129573108,Unemployed,591.1034707934815,26412.68667291631,60,0.0897,0,0,1,Very High
37.06107749487627,119126.02149230361,Self-Employed,692.7009668252026,119376.6786795697,36,0.1502,0,2,1,Very High
49.05308795663284,59768.51352640299,Salaried,640.3829055232029,46425.10064718941,84,0.2777,0,2,1,Very High
32.76856537841608,61220.09298707263,Salaried,720.0621451841278,40168.14724689932,24,0.1906,1,2,1,Very High
27.717325130185912,59883.358573183534,Salaried,628.4504069362289,39442.351890750695,84,0.0659,0,0,1,Very High
35.473659911116215,58657.217979432666,Self-Employed,656.2259793658867,14787.713161360334,72,0.0502,0,1,0,Low
35.75091215569199,25834.05418042496,Self-Employed,647.3209321479216,6529.224224770448,60,0.1503,1,2,1,Very High
24.475986924768332,58908.69775386094,Salaried,712.6268932159895,66026.03963412698,24,0.1371,3,1,1,Very High
20.49833372524652,5000.0,Student,625.4293730123192,2508.4106440918094,60,0.0502,0,0,1,Very High
32.44468047836769,102248.85772288963,Salaried,621.830852843427,110989.62136183516,36,0.1085,1,0,1,Very High
52.39715686803244,39967.67982397692,Self-Employed,666.1378943799577,22296.944967921474,84,0.1058,0,2,0,High
64.69947295446826,12830.208097454406,Unemployed,617.0371218477013,16365.423405470672,36,0.2276,0,1,1,Very High
43.28570950898648,54122.21504093951,Salaried,657.4536058990924,36624.73352310229,12,0.1427,2,3,1,Very High
34.705711415733084,74062.39566750967,Salaried,664.9253584206742,66103.61510131597,48,0.0893,0,0,1,High
21.92224435163248,28094.040008791246,Student,605.5899824913351,18891.998469831262,36,0.0922,0,1,1,Very High
35.23179896902975,62805.27248649593,Self-Employed,638.5388214558487,39266.56173026841,36,0.0625,1,0,1,Very High
25.246636692030656,48559.81355665077,Salaried,690.5319509300225,31221.061130290742,60,0.1143,0,2,0,High
18.58114778247176,5000.0,Student,615.609076670074,5662.998174639858,24,0.1633,2,2,0,Very High
57.72317971219776,18281.077724644747,Self-Employed,638.496494844512,16713.62065239142,36,0.0914,0,0,1,Very High
45.975581310579074,58861.04044427611,Self-Employed,676.1483278041213,48865.702320771656,60,0.108,3,1,1,Very High
24.944426206441243,8631.250023323115,Unemployed,615.9360016889245,3878.980286035186,60,0.1699,0,2,1,Very High
42.56068927759588,71049.58519027395,Salaried,643.8649600884198,28380.006792535067,72,0.0399,1,0,1,Very High
22.261663098050313,6718.333181672848,Student,640.2656285539091,7455.0391193606265,48,0.111,1,0,1,Very High
43.608432549249216,64728.770084946664,Self-Employed,643.0843310426667,25092.54211073071,36,0.0388,1,0,0,Very High
31.515217478302297,66677.65722312631,Salaried,617.4166007056946,53259.78154411876,24,0.2799,1,2,1,Very High
45.938997198851624,18438.060906288738,Unemployed,661.4250493364885,8962.783373769067,12,0.0486,0,0,1,Very High
55.79327322719821,85082.52976616549,Self-Employed,675.2390657122766,65561.45495742527,72,0.0771,0,0,1,High
23.16473291706986,30974.169358433253,Student,636.1827126315774,41889.14548709015,24,0.2352,0,1,1,Very High
43.713772463817925,22694.913578513828,Unemployed,631.4313252846306,18426.121037409543,24,0.1437,0,1,1,Very High
39.181909024096534,81546.83592847959,Salaried,606.8345489967775,104992.4561395514,72,0.3288,0,2,1,Very High
46.180812674445555,19065.959983872584,Unemployed,638.0143560075651,9982.190964837033,60,0.1274,1,3,1,Very High
18.0,17089.8215383352,Student,594.4419306929237,1764.4895839197434,60,0.0103,0,0,1,Very High
50.240133868983925,71105.64189019051,Salaried,695.7522941300888,42994.26548945089,48,0.0605,1,0,0,Medium
34.9305002706589,10795.018997630992,Unemployed,686.8553256133564,7490.76251535103,36,0.2694,1,2,1,Very High
34.64065942201299,79581.20438380752,Salaried,670.5412577624226,41293.608374200725,60,0.1144,0,1,0,Low
44.62909627608408,62981.87679936081,Self-Employed,703.2952091970752,59219.42935019755,60,0.094,0,0,1,High
28.426407416540666,58779.3404271135,Salaried,607.1966635007296,53462.75776344416,72,0.191,0,1,1,Very High
62.911917670270995,43307.88637862634,Self-Employed,616.2062788335546,16497.405537595845,84,0.2256,1,3,1,Very High
52.03582345197277,39105.86153973861,Self-Employed,652.9984381234881,13005.145654752534,12,0.0333,1,0,0,High
52.08141747040645,74106.58373701446,Self-Employed,657.4468632140087,3542.0185713171504,24,0.0798,0,3,1,High
32.686124998385,64158.97173264151,Self-Employed,667.104131784918,46328.85384001499,60,0.0972,1,1,0,High
31.148005813138017,19331.64159852141,Unemployed,627.8009969760344,7677.269003427636,12,0.2397,2,2,1,Very High
44.72056637757478,35111.88760361387,Salaried,680.4707966492517,40132.53933017779,36,0.1768,2,1,1,Very High
33.946711036838245,46521.94453126352,Salaried,699.3732156610828,41054.72424213527,12,0.0882,0,0,0,Medium
40.69799331921778,68023.09859649128,Salaried,696.4056113165852,65993.71056575036,36,0.147,0,2,0,Very High
29.134944778701033,77434.51263158131,Self-Employed,703.2170669778824,126842.78686016417,12,0.1638,0,0,1,Very High
44.8467864927219,24859.222929481573,Self-Employed,694.1792430670653,9905.317567528276,72,0.1648,0,2,1,Very High
24.994543469007382,18712.09802943218,Student,592.6164086776425,1860.6525823540887,12,0.0724,0,1,1,Very High
20.24432233863027,21341.05291227851,Student,582.805364327814,12762.694078285982,12,0.2598,1,2,1,Very High
23.413532823202562,15643.391821745872,Student,661.04887289445,6228.027785245031,24,0.1398,1,1,1,Very High
32.85168389860657,45048.351793803464,Salaried,701.1671825304154,4213.07695054244,84,0.0594,1,2,0,Medium
19.94198596790726,27207.0030436214,Student,666.1321053982134,19762.311181760833,48,0.1351,1,1,1,Very High
27.633035116203377,18659.341087234654,Student,631.8285673081123,10354.448958570558,12,0.1805,2,2,1,Very High
44.09490309478953,97402.98491129327,Salaried,622.1197763557202,40937.01962464534,60,0.042,0,0,1,High
53.19056767990144,38012.13262888575,Self-Employed,660.632188823689,36067.879645383335,36,0.1199,1,1,1,Very High
48.58884502052696,25991.3840441277,Unemployed,588.5026944662309,25779.855961565536,24,0.2242,1,2,1,Very High
40.01015025614806,69663.27495988276,Salaried,598.3907512687598,28386.622257540716,60,0.1657,1,2,1,Very High
24.621242100702958,31267.99466316869,Salaried,679.5990688148585,14086.123765035232,60,0.095,1,2,1,Very High
25.633103754417995,17151.465861289074,Student,632.2395890671467,12638.558610516417,72,0.0737,1,0,1,Very High
49.17731931341555,84143.98679779151,Salaried,671.4631764155674,72419.82270304857,48,0.1486,0,1,1,Very High
18.0,22003.128237154135,Student,649.4735928467392,25029.292902258945,12,0.1138,0,0,1,Very High
57.889816399460756,55164.99158404455,Salaried,601.3111594106258,39959.03723821091,36,0.1974,0,2,1,Very High
25.716046941209857,78598.57559036695,Salaried,608.0242953892885,25317.39039057302,48,0.2197,0,3,1,Very High
22.979922291324506,24336.22427452646,Student,636.084137892039,2454.075628929748,84,0.0351,1,1,1,Very High
48.17973858213007,50467.60469072516,Salaried,668.1753848213621,63160.87766913127,60,0.1502,0,1,1,Very High
29.966895314800613,16679.04279862068,Student,565.3791625636886,18946.45720957547,24,0.2136,0,1,1,Very High
49.414290992962265,68044.36298592824,Salaried,708.8396841429976,1000.0,72,0.0265,0,1,0,Low
68.0,49983.30843011538,Salaried,688.7338110737423,37704.74098320466,36,0.2004,0,2,1,Very High
53.518794050695064,101299.5470746555,Self-Employed,670.8061179560881,65701.55730480452,36,0.1149,0,2,0,Low
52.71240439217065,103557.27518098665,Salaried,674.664700678064,18064.60701492901,36,0.2174,1,2,1,Very High
35.04284870185943,23711.72526465128,Unemployed,624.7965444543933,13429.722373352422,84,0.0566,2,0,1,Very High
44.339855471574644,83415.91999967102,Self-Employed,658.8840189055048,46145.85251846829,24,0.1803,1,2,1,Very High
29.68091876425968,66647.79505466319,Salaried,634.622212412231,79027.58468677309,72,0.4186,0,3,1,Very High
24.77740462712757,20630.262897790235,Student,618.0908237163386,15225.255804016842,24,0.1738,1,1,1,Very High
25.561184747784914,53055.496651059264,Salaried,653.9830156710881,36468.75581080593,24,0.0687,0,0,0,Low
45.18003039978663,101790.7531099149,Salaried,624.4338742187491,1000.0,60,0.001,1,0,1,High
45.16373589519257,18661.3897518748,Unemployed,589.5394633224003,12838.328671304884,84,0.2688,0,2,1,Very High
25.015672107423153,74839.7033262163,Self-Employed,728.4607705036615,1925.5820651413014,24,0.0276,0,1,0,Medium
22.85548212084973,5000.0,Student,651.84804603492,1076.4297122010496,48,0.2215,1,2,1,Very High
23.02347930389726,15571.362643071367,Student,614.3100620947082,4053.408324203579,72,0.126,1,1,1,Very High
50.54371266957972,74383.01312168936,Salaried,609.6267415490729,105414.56513770015,36,0.3292,0,3,1,Very High
39.5222782990361,10298.960630881656,Unemployed,611.5658490513533,3275.865721853349,84,0.0318,1,0,1,Very High
27.415827202831235,67597.07136382161,Self-Employed,683.3280778467022,67031.70078519799,36,0.3992,1,3,1,Very High
64.74454318542742,60143.37283742929,Self-Employed,624.0009405232903,33766.45670931211,60,0.1186,1,1,1,Very High
29.882044682369656,31616.36323655655,Salaried,595.0894929277606,16729.748349031273,24,0.0529,0,0,1,Very High
24.874097354081176,6567.667326169734,Unemployed,623.5207422524122,9016.459322231854,24,0.1373,1,0,1,Very High
65.0,13666.626172212651,Unemployed,583.0871383013068,5341.441746071214,60,0.3391,0,3,1,Very High
37.265249367817844,83989.22098602896,Salaried,690.3653223840378,34113.86834763117,48,0.0406,0,0,0,Medium
47.465671378216655,25138.79257891688,Salaried,603.5272507085944,1000.0,72,0.004,2,0,1,Very High
35.6798064039242,25221.97874631513,Salaried,603.7240763256829,18130.30137123964,72,0.0969,0,1,1,Very High
21.56181974850848,6808.0449464081485,Student,597.1796447519093,5206.640465227132,60,0.2015,0,2,1,Very High
51.74278237298272,38846.861777583414,Salaried,758.7049839353978,15495.659057327703,24,0.1024,2,1,0,Medium
24.569342250749138,5000.0,Student,571.8610306689536,2811.3419329977232,60,0.3562,0,3,1,Very High
31.400741307190707,93113.70509434816,Salaried,605.2803340041289,28570.722027028154,24,0.0307,0,0,1,Very High
45.64379609161516,117433.31020333647,Salaried,663.1792502192072,128157.79633685802,24,0.1091,0,0,0,Low
40.53961697058855,52290.6451787971,Salaried,593.4844978440392,23725.40347280846,60,0.0454,0,0,1,High
39.5063089448029,16116.542858159039,Self-Employed,612.3062972034819,3406.164962858378,36,0.0211,1,0,1,Very High
36.68591803202193,15124.646350406514,Unemployed,656.1461305628272,15927.356474029331,48,0.1678,0,1,1,Very High
26.223541415016197,18502.15586870359,Unemployed,615.6178901699111,15969.24759182248,48,0.1863,0,1,1,Very High
44.60244527005679,47801.35955545839,Salaried,679.0068827132592,35550.835636376694,60,0.1744,0,1,1,Very High
41.26933107016197,56022.09066233338,Salaried,617.4492200088845,62837.65159468648,36,0.2122,0,1,0,Very High
40.2160609965891,68961.49392714373,Salaried,651.9968968116622,27877.719742020774,48,0.1654,0,2,1,High
48.42934418969895,69132.18255445574,Salaried,655.9768184421798,32185.97753350456,48,0.0466,0,0,0,Medium
46.26291092169298,18363.821911888765,Self-Employed,613.3204437830925,18644.496468212496,24,0.3515,1,4,1,Very High
34.632279324301614,92277.73148708115,Salaried,660.1867842943747,54682.85527765152,36,0.1218,1,1,0,Low
47.58931520011612,81109.73317720303,Salaried,692.7562599639931,86735.84102444362,36,0.1819,1,3,1,Very High
24.31977415462906,24220.87624222829,Student,586.9307283534336,7429.735519400709,24,0.0307,0,0,1,Very High
40.74112337053993,74913.38184263128,Salaried,637.8373515314369,9011.810514066541,72,0.037,2,1,1,Very High
45.93207322094493,7155.047173603661,Unemployed,597.3277886900817,5178.820691762355,48,0.2599,1,3,1,Very High
49.13996331495834,19056.710277418086,Unemployed,562.1139260684515,3440.9078733810784,12,0.0181,3,0,1,Very High
50.65210151689445,63997.00708601294,Salaried,650.5357500287607,53563.38242293736,48,0.2837,0,2,1,Very High
46.93488115338879,57791.631840302885,Salaried,659.9689914462136,22595.144488895523,72,0.0391,0,0,1,Medium
26.322193821779003,13061.355514383406,Student,654.2009705044047,11121.919357001387,72,0.2852,0,2,1,Very High
27.9291115617481,80559.24146898845,Salaried,631.807782083584,1000.0,24,0.0762,1,3,1,Very High
18.0,11739.560934683559,Student,619.6873758613611,5318.2044778414465,48,0.1078,0,1,1,Very High
20.0,3000.0,Unemployed,615.5920348282043,1176.9023886200366,36,0.1017,1,1,1,Very High
19.730775347461343,5000.0,Student,648.7502227692465,1000.0,24,0.2075,2,3,1,Very High
34.160355415941844,18101.288219791357,Unemployed,639.8766664056576,6642.6142210064445,48,0.0992,1,1,1,Very High
29.263935094458446,80676.29492010799,Salaried,686.2446683270942,1000.0,48,0.0512,1,2,1,High
28.824319053053824,51242.40863197865,Self-Employed,674.0223446898614,34319.83871013645,48,0.067,2,0,1,Very High
62.89734918981699,75361.87703502357,Salaried,726.9294953855675,46799.31927605591,48,0.1121,0,2,0,High
41.59083659913614,14849.48488834732,Unemployed,651.6238015470442,9013.244187842596,36,0.1232,0,1,1,Very High
70.0,74288.69958929378,Self-Employed,702.9582735608383,11914.690050332909,24,0.016,0,0,0,Low
21.478042846449146,20538.34424609557,Student,541.7800873947934,11715.083738252228,24,0.1195,0,1,1,Very High
39.63285571226376,16104.502793709673,Unemployed,626.59059964899,19475.325931600382,24,0.2209,1,4,1,Very High
22.0,71293.53770576796,Salaried,641.7509900094286,50364.69076967008,36,0.1956,0,2,1,Very High
56.398181771006854,48381.811706410415,Self-Employed,594.2166545725074,38285.637593741674,48,0.2666,2,3,1,Very High
53.16085419958443,50431.09175717264,Salaried,632.9429962253304,15990.050146290625,36,0.0817,1,2,1,Very High
61.69935297218744,41928.8913902153,Salaried,657.6901251990008,14910.923920247653,36,0.1356,0,1,0,Low
42.902003439498756,37549.49551561568,Self-Employed,724.4756902859884,24668.800267657112,48,0.0657,0,0,1,Very High
32.55399386871446,69659.76301129964,Salaried,620.1377574831992,69931.26374337381,48,0.1254,0,1,1,High
26.762825532362505,28130.047660846725,Student,577.9759773678263,7449.333611601278,84,0.0265,1,0,1,Very High
20.7782907932967,14305.459759660176,Unemployed,643.0687782894825,15414.94447966367,48,0.1328,0,1,1,Very High
46.928547602752786,17126.26732522201,Unemployed,624.8683791433946,12863.438019962128,36,0.2751,0,2,1,Very High
42.6402484962449,65059.09934469157,Salaried,676.4682498352882,32858.86798772277,60,0.0755,2,1,0,High
45.84302176046729,92533.28488990298,Salaried,681.1077037266512,91914.49452741265,24,0.0993,2,0,1,Very High
22.70732208377984,5522.619412260679,Student,667.6011628868849,2221.7274849844916,84,0.2277,1,3,1,Very High
38.23449554958702,46107.36489308823,Self-Employed,710.1297302242834,48587.76306182205,36,0.1054,0,0,1,High
48.54856825922799,12254.563103271608,Unemployed,686.409361405566,7902.038267812634,36,0.127,0,1,1,Very High
39.51357424384911,14507.325763837505,Unemployed,593.9031486114092,5923.622548356308,48,0.3408,0,3,1,Very High
38.80567826956337,10627.599306542597,Unemployed,694.9824070031652,14192.432857618436,48,0.2335,1,1,1,Very High
52.22445331196586,15576.273895281767,Unemployed,599.4999491607282,9596.574296306595,36,0.0866,0,1,1,Very High
25.39113351263955,25287.723057463612,Unemployed,603.4926357578706,25333.858366373366,60,0.2002,1,1,1,Very High
19.26883322089251,9985.801263618747,Student,605.4364107921848,2701.0679589965184,24,0.027,0,0,1,Very High
37.470510212966595,35108.50002878379,Salaried,659.9028978938687,17327.042522032323,48,0.0494,0,0,0,Medium
53.365527645997,63987.2608774088,Self-Employed,588.7835888595213,67706.54419822074,60,0.1683,1,1,1,Very High
41.0125835625574,47220.111600652104,Salaried,650.5169442992329,22634.983759216848,60,0.1229,1,3,1,Very High
34.42246004752287,80617.03254767612,Salaried,677.2291238970693,43600.677697702034,60,0.1166,1,1,1,High
58.961962599503316,53463.030537033745,Salaried,655.300541224467,3713.0171584126947,48,0.0694,2,1,1,High
20.0,23265.739093589775,Unemployed,612.4348918260673,16423.760125071218,24,0.1956,2,2,1,Very High
19.04816847495953,25455.027518191175,Student,599.0092467122604,26271.653760170353,24,0.1032,0,0,1,Very High
37.97907064779997,14193.600106855583,Unemployed,597.8505664940018,9194.397289198923,84,0.1273,0,1,1,Very High
61.101614941934244,61897.175008491715,Self-Employed,642.6362901769043,27369.378225755056,24,0.1067,0,1,1,Very High
41.12917950623706,88337.18820997697,Self-Employed,690.023827627705,1000.0,72,0.1261,0,2,0,High
30.591472009964704,70107.25557460835,Salaried,636.4364717009968,61905.260376039485,60,0.1133,1,1,1,Very High
41.33349608180862,11700.410474194417,Self-Employed,678.6527132090818,10493.334384207272,24,0.1522,1,1,1,Very High
31.841034506497234,95283.19241097293,Salaried,649.1963105737797,1000.0,60,0.0635,0,1,0,Medium
46.58958728967922,33139.12011759248,Salaried,661.4373180792335,22955.95965316586,72,0.1318,1,1,1,Very High
41.371079600485785,36234.35274621242,Salaried,617.6646737225956,18746.9677742246,36,0.1142,0,1,0,Very High
27.27273458131306,29922.008554577835,Student,607.4281723949225,27921.77679436028,48,0.0933,0,0,1,Very High
38.87136002888923,65888.93457718194,Salaried,660.856391534015,52223.21518069744,36,0.0793,0,0,0,Medium
27.6224660808819,66250.66825667542,Salaried,646.15307794909,1000.0,84,0.0265,0,1,1,Very High
36.837552467961146,28622.17209218294,Salaried,631.106827370155,17109.62219537926,36,0.1598,1,1,1,Very High
24.968458868542626,67606.97611219295,Salaried,679.0259807459078,1000.0,60,0.0015,3,0,1,Very High
21.76249887597296,5875.122198459394,Student,590.1252676948852,3430.519951969077,48,0.1334,0,3,1,Very High
38.94109907092166,57997.264520507335,Salaried,631.0151871468116,41696.863812655254,48,0.0969,0,1,1,Very High
25.133134174213883,19105.82117464148,Student,577.0030604279681,10425.350449368394,60,0.1171,1,1,1,Very High
33.653634292801854,44965.95440769232,Self-Employed,649.7337215733052,32354.212925160853,48,0.072,1,0,1,Very High
43.715708661978006,82307.25918653789,Salaried,658.2570716248824,125071.43919119047,36,0.202,0,2,1,Very High
31.760282375705657,62558.175200503945,Self-Employed,702.4227673771179,32584.073589325628,60,0.1271,0,3,1,Medium
31.77573462302717,57473.23592860582,Self-Employed,602.2031101655895,19132.068148739112,36,0.0833,0,2,1,Very High
26.395222944888218,9244.563805415259,Unemployed,616.616428473399,2958.1243627769954,36,0.082,0,2,1,Very High
43.782386898531804,62829.66142906295,Salaried,656.4572509504948,55282.369638857854,84,0.138,0,2,0,High
37.5004413489373,76727.89421167683,Salaried,705.4962161765121,41954.71597966288,48,0.2547,1,2,1,Very High
22.62269796413744,24771.539787400445,Student,624.4702856698475,13574.151768649455,48,0.0798,1,1,1,Very High
38.58997268376387,6237.59534603449,Unemployed,619.177248803231,1165.4503317041394,60,0.0812,0,1,1,Very High
35.11728508068097,55945.9504140162,Salaried,626.3065739965953,46192.05484245087,60,0.0826,0,0,0,High
36.52267091352998,8663.729119221181,Unemployed,606.0693169839094,8750.220811698951,24,0.101,0,0,1,Very High
40.82723265779647,59466.22682423772,Salaried,695.0359353582032,44099.88214861277,72,0.0742,0,0,0,Medium
35.50633961314763,41301.124671659505,Salaried,617.9145768875766,48822.7794813683,48,0.3182,0,2,1,Very High
29.210719724948675,16737.481442258435,Student,588.2897061744604,6269.107836218074,24,0.1,0,1,1,Very High
18.97471022314819,18305.155787213418,Student,550.3524902115815,4935.396473890853,72,0.152,2,2,1,Very High
22.403249671238218,11154.266289808522,Student,608.5279351055397,7985.763210097244,72,0.0716,0,0,1,Very High
27.757919102836844,13872.466020960495,Unemployed,577.7163844249051,9731.735070511773,36,0.0952,1,1,1,Very High
37.668867123702135,72441.50160351273,Self-Employed,679.7517039234174,34100.44235885997,72,0.0471,0,0,0,Low
28.303161395528708,17125.63941091822,Unemployed,624.5412068128741,14764.753262967559,24,0.1862,0,1,1,Very High
56.73903353336479,38352.46086313775,Salaried,682.0211989293217,37581.777088008006,36,0.298,1,2,1,Very High
48.26961839573049,53931.02973097672,Salaried,663.0811627592265,27372.553591341533,36,0.0758,1,1,0,High
60.27767429186906,33957.17065467041,Self-Employed,618.5126195475738,32722.989270724614,84,0.0964,0,0,1,Very High
38.663411761898544,21013.845987174096,Unemployed,600.566631480226,10337.963776595458,24,0.0492,0,0,1,Very High
27.349704584633265,82253.97500933256,Salaried,705.0443750223851,55783.092998003835,84,0.0678,0,0,1,High
39.74596444558259,48121.868520019925,Salaried,592.0877895623142,28307.24859237348,84,0.1213,0,1,1,High
26.118484082943596,17829.22864743552,Student,660.182033476392,20499.915468644773,12,0.24,0,2,1,Very High
36.27667317981259,34907.89542672134,Salaried,673.8596326152978,1000.0,60,0.6029,2,6,1,Very High
32.876124656249225,34666.054778103746,Salaried,675.4803576070811,27769.528558418955,48,0.1051,1,1,0,Very High
46.7814281492158,35329.06382911088,Self-Employed,637.2514388958584,9913.782074340443,12,0.0281,0,0,1,Very High
42.5313086722861,11716.89136689739,Unemployed,624.2101639308651,1425.3291156434389,60,0.0622,1,2,1,Very High
21.889634947788007,17665.07213624195,Student,595.2132069983994,8767.586734664857,60,0.0496,2,0,1,Very High
18.0,30172.676513435097,Student,625.4543167998968,29734.54798393177,84,0.0985,0,0,1,Very High
54.21364284545733,59134.28714075016,Salaried,626.2094534266237,2739.6905358892764,36,0.0796,0,3,1,Very High
20.11399309251985,21914.971715087726,Student,588.7375927731579,8046.689316784203,72,0.0617,0,1,1,Very High
29.734332319198973,26032.211617285026,Student,626.2963680769518,25019.040940205403,24,0.0961,0,0,1,Very High
24.722768208136625,19668.453214886267,Student,669.745553925898,15132.756493961897,60,0.2019,1,2,1,Very High
20.0,22262.096274378993,Unemployed,585.7045911470707,11102.494298909074,36,0.1499,1,1,1,Very High
55.72155448191418,29780.088158701008,Self-Employed,687.7849135061438,21809.703030432764,60,0.1357,0,1,1,High
40.786640101608434,31338.280689683605,Self-Employed,664.5023329597318,19598.82652810016,24,0.2625,0,2,1,Very High
49.083419374845604,74771.2317757978,Salaried,641.4428527214312,39241.56537121829,48,0.0525,0,0,1,High
23.667673130063605,24235.885176005882,Student,600.7556831531655,26144.034963126924,84,0.3079,0,2,1,Very High
45.0836889394749,107503.59359878156,Salaried,652.1505037025598,24644.84696186788,60,0.0854,0,1,0,Low
29.869048058799898,13432.124853779604,Unemployed,524.4876997362974,6350.339135896603,36,0.2473,0,2,1,Very High
51.221112481529346,83214.15902600193,Salaried,690.1258669814073,106091.683305859,72,0.19,1,1,1,Very High
32.144693682534225,53826.408482021725,Self-Employed,678.2298317692424,35096.29035249834,36,0.1277,1,1,1,Very High
48.61724557986567,33453.66085858383,Self-Employed,694.3754457066643,30135.397852720584,60,0.1526,1,1,1,Very High
30.497807188582183,94945.00967460475,Salaried,632.9614856877555,61721.40739732507,84,0.09,0,1,1,Medium
48.71788031123917,73918.04778743561,Self-Employed,672.1323260494235,76536.80184959498,36,0.1035,0,0,0,High
46.435851538047736,50607.33410187159,Self-Employed,626.1175034780497,14208.926044418675,48,0.0281,2,0,1,Very High
41.36637497186182,73887.15197538203,Salaried,667.1306030464536,42988.53240217487,48,0.3582,1,3,1,Very High
35.76308545130227,83754.85125401079,Self-Employed,622.5533957107702,47711.884519093495,36,0.057,0,0,1,High
22.439425754049694,46421.999758974795,Salaried,718.8739299658446,32639.019937681107,24,0.1328,2,1,1,Very High
35.60185687933334,93132.3106730129,Salaried,672.6493525512282,24315.758614567527,48,0.0261,1,0,0,Low
50.84340884804662,78641.71309619898,Salaried,651.6446365854483,63754.41830752874,24,0.0811,0,0,1,High
24.063229539675305,50271.67164040147,Self-Employed,623.5706014699385,33889.436575737134,36,0.1299,0,1,1,Very High
45.7842280131885,78393.31336724163,Salaried,665.4804000675718,81004.3344254797,84,0.2283,0,5,1,Very High
44.50443188351029,62698.725693089604,Salaried,656.7571678967057,48999.88002191863,36,0.2032,0,2,1,Very High
39.389451815488194,89102.40669495075,Salaried,603.4167340878669,137399.9827672621,24,0.2292,2,3,1,Very High
32.39140595421719,48763.61213164787,Self-Employed,633.5321037782617,20191.39249983868,24,0.0414,0,0,1,High
18.0,19288.49194235529,Student,594.993114526742,4152.221658953078,36,0.1465,0,2,1,Very High
26.653099617884827,18916.832843150707,Student,599.2820812188671,10235.191724288556,36,0.0541,0,0,1,Very High
22.31226240898245,23079.19296328368,Student,720.754038615752,36171.5953261537,60,0.2317,2,3,1,Very High
25.270708445425793,15036.138153753316,Self-Employed,637.8209276527859,11488.52367617067,60,0.1014,1,1,1,Very High
59.71900151842654,58399.501747110786,Self-Employed,655.4673868247116,25527.545708834205,36,0.0687,1,1,1,High
42.28565335364414,13853.638639079334,Unemployed,624.9621867126767,5380.743364853601,84,0.1013,0,1,1,Very High
65.0,6346.224995833036,Unemployed,601.6746662042484,1000.0,24,0.1408,2,2,1,Very High
39.97712204496905,53287.054252807124,Salaried,607.3088163582902,43334.78369083314,60,0.1438,0,1,1,High
31.88589617221203,50558.70266230688,Salaried,664.8904262729125,43813.88710752556,72,0.2117,2,2,1,Very High
32.7669911991743,56289.38326121371,Self-Employed,649.3805863637672,46704.116811070235,36,0.183,1,1,1,Very High
46.623063841117514,43753.05246794014,Self-Employed,644.6866049771373,17632.35363152225,48,0.1028,2,1,1,Very High
50.47361150888016,83288.36391414821,Self-Employed,667.2885730993344,60026.59455132906,60,0.4721,0,4,1,Very High
39.07538999477088,69189.16797798435,Salaried,620.9205313099011,50479.845634219186,72,0.1355,2,1,1,Very High
45.98153328443366,45668.75088082526,Salaried,634.4100015220461,10919.573715342518,60,0.0239,0,0,0,High
23.994312487522535,18864.136609049594,Student,572.478377493628,12924.616179832723,24,0.131,0,1,1,Very High
33.515257915772345,18355.84217989525,Student,685.7615028245514,22884.027146102348,72,0.1247,1,0,1,Very High
44.53610231847287,20303.335052436254,Self-Employed,657.8005301973549,20722.575260361038,12,0.1646,0,1,1,Very High
43.56946847118366,58783.90187215357,Salaried,657.7880652709354,69603.99111675654,60,0.1809,1,1,1,Very High
45.802746334649186,56390.72934468558,Salaried,623.0148462159451,50015.54339734565,36,0.0887,1,0,1,Very High
24.458850061105316,22503.503685463926,Student,639.265546002558,21579.32390296416,72,0.1959,1,4,1,Very High
32.707047826115016,9895.124126290966,Unemployed,638.7840725634462,14413.402709851574,84,0.1957,0,2,1,Very High
21.09013509325581,6158.3026024437495,Student,650.8839556606955,4463.320621082506,24,0.0725,0,0,1,Very High
38.45836136318188,14332.56668642623,Unemployed,715.3719472685443,12739.851973037798,36,0.1139,0,1,1,Very High
48.40639150012922,88911.17417396871,Salaried,729.617524192394,29433.87307720925,84,0.0831,1,2,0,High
25.006554889995463,21616.222539731494,Student,575.6070830652895,14894.669286900173,24,0.1314,0,1,1,Very High
37.21787092855051,55879.25128215911,Salaried,616.6975129597404,44330.98892089621,36,0.1293,0,2,1,Very High
18.0,20009.93445541961,Student,667.5964161525255,20596.14919284386,36,0.1654,1,1,1,Very High
55.91138748683426,71094.17994315017,Salaried,670.5956333803912,75925.1807629878,48,0.3068,1,2,0,Very High
31.387185719156484,16214.803074364783,Salaried,614.5016879358346,16401.680906925285,36,0.1637,1,1,1,Very High
36.78888681724415,46344.33467939892,Salaried,655.2429202722626,28538.05472369133,60,0.0866,1,1,1,Very High
22.851441326432653,12324.55666170941,Unemployed,608.1402417251029,10966.74006246015,72,0.189,0,1,1,Very High
37.97861761960456,21673.87589850086,Unemployed,616.4536990183867,6546.593799284055,72,0.0802,2,2,1,Very High
40.42715348727876,65112.74597210927,Salaried,671.1484961193777,24887.135111914075,24,0.2882,0,4,1,Very High
31.035021544740555,10324.577974865057,Student,644.617646564173,6374.743703389524,48,0.1867,0,2,1,Very High
46.55427314645694,66727.6151481765,Self-Employed,590.9796334726947,16452.36710428995,36,0.0872,0,1,1,High
41.20776518920393,3000.0,Unemployed,612.6622601337892,2196.3331803913716,60,0.1982,0,2,1,Very High
52.85984844104695,69850.05610494893,Salaried,704.8823150494375,23738.680745609858,72,0.084,0,2,0,Low
18.0,24984.773343297024,Student,625.7244131886446,32296.170305891006,72,0.2293,2,1,1,Very High
37.97199188698966,69758.79169968024,Self-Employed,707.0609719892251,63251.54290253839,60,0.1157,0,1,1,Very High
22.591162902024138,23760.757166400694,Student,660.4788630631421,8287.833108275247,24,0.0349,0,0,0,Very High
39.339170979976664,12334.121482422466,Unemployed,632.2404190952412,9232.82538018376,48,0.1249,1,2,1,Very High
37.05031824999912,77646.30680935094,Salaried,647.2587752140569,25955.83798814274,48,0.0584,0,1,0,High
24.675043808257016,16909.815373312344,Student,665.6539401582326,10124.805527370694,24,0.0599,1,0,1,Very High
34.00103281061069,59918.85104138258,Self-Employed,689.6897568054076,69644.70770594788,36,0.2412,1,2,1,Very High
28.53555006918503,81426.67464543608,Salaried,678.8526645660454,88278.40719816714,48,0.4084,0,3,1,Very High
28.35711632045566,12478.57626740571,Unemployed,580.6833946015961,13792.32849869428,48,0.173,0,1,1,Very High
58.005432230880444,72665.27537207586,Self-Employed,617.6792582770863,12102.271136013202,36,0.0167,0,0,1,High
29.730554814039508,13339.170222554434,Unemployed,581.6464498569336,9269.637009197118,12,0.257,2,3,1,Very High
32.28421001210636,53601.594628555154,Salaried,642.3267971846013,44395.41836126671,72,0.1578,2,3,1,Very High
40.689612308065776,15663.404100858155,Unemployed,632.6174335374412,2305.565927799314,12,0.0147,0,0,1,Very High
22.465833183276683,16290.256343787081,Student,602.9678795860265,15349.212164785054,72,0.1192,1,1,1,Very High
53.59350144384897,96887.66312495805,Salaried,646.3678097566371,20176.73486484378,84,0.2083,0,3,1,Very High
37.374036527622295,109836.75600021971,Salaried,577.0573220821025,93259.9449476815,60,0.0849,0,0,1,High
24.083947044183244,21959.53066121403,Student,616.0762550416764,17388.417080993167,36,0.0792,0,0,1,Very High
43.42791151784289,80921.76962414489,Salaried,649.5397359268441,26127.859765902496,36,0.0823,1,2,1,Very High
45.37076793491338,61270.608659804995,Salaried,616.6882281329747,34879.74247182573,36,0.1069,0,2,1,Very High
27.356730445309598,11759.486190821091,Unemployed,671.6751548535373,2673.845364067241,24,0.0227,0,0,1,Very High
24.441046961349734,21164.851697749746,Student,640.0965214288101,1000.0,48,0.0047,0,0,1,Very High
24.61300585778421,16912.61014788168,Student,647.8325402069856,13650.592578860033,60,0.0807,0,0,1,Very High
42.933506299459935,33874.256856249995,Salaried,635.2142451622204,27582.925386670595,48,0.1439,0,1,1,Very High
29.20883717741477,69083.26030647654,Salaried,636.6213514845463,71867.6821446873,36,0.204,0,1,1,Very High
37.69108988973973,64650.142219337096,Salaried,646.0719728814314,92628.08857371683,48,0.3308,0,3,1,Very High
38.435272188443356,15734.183441326937,Unemployed,604.3000636921082,12496.257953801418,36,0.2044,0,2,1,Very High
33.97285012410314,16374.762235071317,Unemployed,570.2958884445131,9772.694151231017,48,0.2472,0,3,1,Very High
58.91595593362927,102520.75051649258,Salaried,742.5106331568882,78389.29278396722,48,0.1015,0,1,0,Low
33.686999099884346,75344.69260943128,Self-Employed,621.7575617806716,87174.10314228394,24,0.1157,0,0,1,Very High
50.16721724867293,50089.66554468325,Salaried,597.1731826200831,16628.209287135687,84,0.1332,0,1,0,High
36.27613089131947,110320.54212625048,Salaried,690.6058385369939,101453.70239993546,60,0.117,2,1,1,High
25.983924602362066,23035.875213099254,Unemployed,582.6481320081693,14700.922141767054,24,0.3138,0,4,1,Very High
32.47885690373835,12429.847575748878,Unemployed,634.6622838545535,8086.529423836697,60,0.0651,0,0,1,Very High
22.59132685512119,8178.42761785871,Student,605.0298506426764,6337.657158165078,36,0.0775,0,0,1,Very High
33.566068350342846,60703.326928183,Self-Employed,649.4983821241235,23063.04502411373,12,0.063,0,1,1,High
56.28478810791731,36244.33343635063,Self-Employed,730.5305134417893,30662.55631280686,12,0.0846,0,0,0,Very High
23.81110019300947,13997.111380824801,Student,634.9913568746075,9093.249123194315,48,0.165,1,1,1,Very High
34.84263400071555,6749.380263114324,Unemployed,630.985340087379,2570.0426491896787,84,0.0381,0,0,1,Very High
42.83459947417402,85740.28712040762,Self-Employed,713.1921383886543,71601.66982051855,48,0.1085,0,1,1,High
30.152193714778484,37854.77904851534,Salaried,655.0575689986964,61246.23677733219,48,0.1618,0,0,1,Very High
41.38634134904755,64114.94290350462,Salaried,645.7634456037466,58159.305484550474,48,0.1157,0,1,0,Very High
30.291052051254677,47826.52635474656,Self-Employed,626.61374742832,20853.148747965664,48,0.1686,0,2,1,Very High
36.20866901321766,39399.2252428235,Self-Employed,660.8565656160299,13011.71942277095,72,0.033,0,0,0,Medium
49.78939324325406,105563.73433861349,Salaried,697.8923058466876,51008.14732049272,24,0.0483,1,0,0,Low
25.764931099138018,58887.49228889852,Self-Employed,632.063771878124,79105.0670850975,48,0.1343,0,0,1,Very High
25.665965038491734,29204.835073062764,Student,575.674669113656,2766.719417102726,48,0.2095,0,2,1,Very High
59.999612789064145,96810.35475333671,Salaried,616.0411945182237,61292.414484365116,72,0.0633,1,0,0,High
27.903224238951545,19060.49346796371,Student,687.6596008171338,12702.077546918637,60,0.1166,0,2,1,Very High
24.202764676296496,76512.47216807958,Salaried,616.5969165038589,18262.833450916973,12,0.0239,1,0,1,Very High
28.397617102043373,73167.03158883275,Salaried,616.3421832722022,48230.90295709598,48,0.0659,2,0,1,Very High
37.662136857046654,13677.737173352369,Unemployed,575.226710515632,10579.437164450079,12,0.0773,0,0,1,Very High
21.77441861674058,5000.0,Student,653.9495628555455,4220.652955803509,48,0.0844,0,0,1,Very High
41.68627816946139,70236.99909179089,Salaried,676.875945437778,18980.525740664307,12,0.152,1,2,1,High
23.833278485116548,14273.08806604391,Student,648.4430713568916,7584.24707167244,24,0.1781,1,2,1,Very High
22.147864187247347,14135.407426558051,Student,658.9492681277243,14701.294576016913,36,0.1665,0,1,1,Very High
23.454712397574333,67845.4504311928,Salaried,626.6849567564321,38353.286378324454,60,0.119,0,1,1,Very High
21.723787714756117,14132.687747950054,Student,674.2070592001457,14491.498048929181,36,0.165,0,1,0,Very High
35.78401234540373,79175.68878294034,Salaried,624.9389100058579,59983.12900531309,84,0.2008,1,2,1,Very High
33.74981282267182,32660.81199670108,Salaried,633.3552371347952,16803.95589922074,72,0.1764,0,2,1,Very High
18.0,14330.803783408915,Student,655.5474514808601,9651.859367497458,60,0.0674,0,0,1,Very High
42.36308925167056,40350.04901117627,Self-Employed,661.0512058501556,44900.608599430445,36,0.1113,0,0,0,Very High
51.454819590372935,52065.1268002843,Salaried,634.9904118546247,21678.66489319777,48,0.0916,0,2,1,Very High
31.44109793020488,86608.36936177965,Salaried,615.7452869381216,88950.09853713526,60,0.2027,0,1,1,Very High
44.830975995805076,22002.58757129142,Unemployed,596.1544877887559,25230.989445094532,60,0.1397,0,1,1,Very High
28.655624747997415,21580.57195204895,Student,592.0880118786771,8283.541047836217,60,0.0384,0,0,1,Very High
31.984028573975287,68201.83215808058,Salaried,635.4501878738596,41029.5212656722,36,0.1852,2,2,1,Very High
44.62414071146709,73961.62693950113,Salaried,645.156165783623,29825.767415376693,36,0.1653,0,2,1,Very High
35.33471308857661,26889.625247811404,Self-Employed,657.2015310143486,27635.67378373223,60,0.2278,0,2,1,Very High
26.913499594524318,34214.28003429486,Salaried,591.0186036228808,29272.118640693414,24,0.1856,3,1,1,Very High
49.54494599533297,16826.760830992265,Unemployed,595.0864062490001,8969.148807151389,48,0.1158,1,1,1,Very High
42.05130752238915,4902.467254006917,Unemployed,708.4692254650838,3426.835887423876,72,0.0949,0,1,1,Very High
27.197290373611356,5841.282019382474,Unemployed,680.7538296576131,7699.091726956674,48,0.1318,0,0,1,Very High
38.04356492280005,96680.11912731279,Salaried,646.3976044521138,61328.06548971944,84,0.0884,0,1,1,Medium
46.42052290563683,46129.02246671654,Salaried,593.5818721584682,33417.49698861553,24,0.1474,0,3,1,Very High
27.037302410305823,3000.0,Unemployed,680.9194736907673,2129.5973382415914,60,0.096,0,1,1,Very High
32.794573819060794,46771.25467671913,Salaried,636.6066081775712,10479.541627091103,48,0.0224,0,0,0,High
48.83508067241539,30344.681514030464,Self-Employed,678.2821305518527,11472.617724279871,12,0.1003,0,1,1,High
54.5905178731627,73687.52249411917,Salaried,633.2536828798197,54302.66179631397,84,0.1737,1,1,1,Very High
39.26301208981431,25109.851942519643,Unemployed,630.757468007956,29558.64299719637,84,0.2177,1,1,1,Very High
37.710958684921536,13211.07519183873,Unemployed,614.4360950353285,8340.199407257453,84,0.1256,0,1,1,Very High
34.19539378653298,90216.84559853461,Salaried,625.3910268255886,62757.06111927015,60,0.0696,2,0,1,Very High
28.507636966912493,3000.0,Unemployed,701.585366272085,2517.3603971233238,12,0.1839,0,1,1,Very High
42.54841278865465,22473.615003648018,Salaried,670.4527268522445,1000.0,24,0.0044,0,0,0,Medium
22.447649260463134,11653.983404924486,Student,541.5046203351008,14997.080733258603,84,0.2287,0,1,1,Very High
25.49855853706112,9333.921999017355,Unemployed,601.8401089258722,7764.229942834696,72,0.1457,0,1,1,Very High
32.23596713163646,107199.70828166725,Salaried,603.8966453081283,84825.20065416796,48,0.1416,1,1,1,Very High
46.431918017546366,66075.12333673125,Self-Employed,663.3861763257618,80257.68088422691,48,0.184,0,1,1,Very High
23.424672772024305,16032.858820520922,Student,605.2482622722772,6040.89182904824,24,0.0877,0,2,1,Very High
25.918397718985553,34181.41178732423,Student,569.9726933284236,14795.388041648524,60,0.2933,2,4,1,Very High
47.740555503281634,55499.190460811544,Salaried,615.3476801823596,5546.249575937356,36,0.01,0,0,1,Medium
42.52297286582959,40846.30615160026,Self-Employed,758.7716254780981,13722.886998392005,72,0.0586,0,1,0,Low
23.135730570645347,70905.38830331035,Salaried,595.3514533806956,47887.232026453916,72,0.0675,1,0,1,Very High
28.938501270762977,19666.653601462076,Student,616.2232872667244,11492.990202336528,12,0.0584,0,0,1,Very High
57.72165051084637,6212.581619809089,Unemployed,626.646403092573,3421.4122400887472,12,0.0551,0,0,1,Very High
38.26878636800786,14744.32235947481,Unemployed,618.1175256570053,16835.549944772145,60,0.1392,0,1,1,Very High
40.70657028748888,67352.48537166505,Salaried,655.3398587749456,62675.205649452735,36,0.2181,1,2,1,Very High
51.71841570055125,84548.92150627362,Self-Employed,706.3764228914926,65814.17111671994,72,0.1403,1,1,1,High
37.865200155701444,81641.02344354996,Salaried,647.8161309241892,57116.72217243544,48,0.1325,0,1,0,High
29.27457088289888,56153.46211151759,Salaried,616.8808518489438,29379.10122271234,48,0.1773,3,2,0,Very High
27.632688036820788,48902.78674699071,Salaried,625.4154165558393,8883.771995140389,72,0.0807,1,1,1,Very High
48.342642805369806,79745.86051982862,Salaried,663.0860416559855,42238.774564949315,24,0.2405,0,3,1,High
39.82760339529321,68755.7202885501,Salaried,660.2311990029752,80784.81144833517,48,0.3175,0,2,1,Very High
26.30984684218647,96689.10707663851,Salaried,703.9425112876687,91824.88781490384,36,0.595,1,5,1,Very High
38.708135980041845,27892.9298289551,Salaried,678.7386527529485,27501.95249901198,24,0.1236,2,1,1,Very High
29.81528838511207,16692.39341073316,Unemployed,595.4056774362372,8199.689498329126,48,0.1491,0,1,1,Very High
29.037763156644374,46523.30697846174,Self-Employed,696.4763159367675,14927.58985220826,24,0.0321,0,0,0,Low
44.80108271630877,77983.2640533342,Salaried,671.063218119882,31206.11522080384,36,0.09,1,2,0,High
51.623430622162545,40351.866261494986,Salaried,608.2559079653179,40199.75279528875,84,0.1496,0,2,1,Very High
28.83469795408284,85325.74571482855,Salaried,710.8101767694728,22766.24021621464,36,0.1017,1,3,1,High
31.67291985855191,5775.866722177787,Unemployed,649.4420375166748,5378.330120024263,60,0.0931,0,0,1,Very High
42.28691741374875,80587.07999031409,Self-Employed,641.0601602344649,7456.833662812427,12,0.0093,0,0,1,High
23.82406573670029,40088.09397823804,Student,624.3934744319079,3019.779239907044,48,0.0575,0,2,1,Very High
49.596868991342276,30274.739349253236,Salaried,660.7948753101235,29113.044004806183,36,0.1212,2,1,1,Very High
20.0,10256.64799227022,Unemployed,668.9292011775809,8453.391758039286,12,0.0824,1,0,1,Very High
49.59790229077892,44116.21946260285,Salaried,643.4742281395288,7096.9894543048395,84,0.1411,3,2,1,Very High
46.73781089911852,50755.825672154526,Salaried,612.3591076279552,36199.48581624679,48,0.1338,0,1,1,High
45.66603312809449,35229.77342278148,Salaried,693.0164970951372,35204.91500317809,24,0.0999,1,0,1,High
42.15221376098834,25222.001014096284,Salaried,615.0669738376224,11269.424594789698,36,0.3447,1,3,1,Very High
27.5843184727334,57706.34857993439,Salaried,634.9913825520395,62641.06771256968,84,0.1711,1,1,1,Very High
36.65120416790238,32438.808686173066,Self-Employed,595.1095840933817,46015.60441666546,24,0.3294,1,3,1,Very High
29.850004680420415,23201.5803188106,Student,618.8924844744973,20207.056914738685,48,0.1496,0,1,1,Very High
40.529051111997475,48346.27281088732,Salaried,702.8805147283415,50180.56319655515,36,0.1038,1,0,0,Very High
42.67525676082545,76673.28556958039,Self-Employed,656.4937449305118,38642.7736584416,60,0.2504,0,2,1,High
64.55722032833351,30114.919193296348,Self-Employed,684.6405480530159,12023.046760385289,60,0.0649,1,1,1,Very High
60.25032942034568,34099.136711862564,Self-Employed,661.9388457152718,33666.13466903387,12,0.1237,0,1,1,Very High
21.354663070918807,22147.295700277315,Student,586.576426113626,11184.905746232453,48,0.0755,2,1,1,Very High
23.231426731394617,56974.9391723035,Salaried,614.0280903402585,27531.9199344486,24,0.0483,1,0,0,High
57.97566877673195,41467.705611413956,Salaried,622.7839134904754,51949.872307646205,24,0.1878,1,1,1,Very High
43.87065875959035,50299.24330877319,Salaried,640.8460180624916,74028.28247698225,48,0.1472,1,0,1,Very High
20.0,17149.694109578824,Unemployed,578.1084814182299,25548.162738288705,24,0.149,0,0,1,Very High
40.97677928593636,44907.31277996942,Salaried,581.4223402404581,37536.22759152388,36,0.0836,0,0,1,Very High
47.114663560552906,38884.66303954656,Self-Employed,681.5527701750035,18509.16418488024,36,0.0476,0,0,0,Medium
40.71132149798948,61713.87226668135,Salaried,665.1021928305495,47194.57552082649,36,0.0765,2,0,1,High
25.440513503427628,18923.787136258867,Student,602.9190009417432,20100.20485090343,48,0.1687,0,1,1,Very High
18.0,21221.42288167199,Student,564.8369686964714,5446.290243532003,24,0.1507,0,2,1,Very High
28.020912476127485,70397.47066492798,Salaried,720.4671704121427,72221.0307344067,36,0.2026,0,1,1,Very High
21.984335469113066,16744.081734974123,Student,651.5013921510739,10866.336617744655,36,0.1274,0,1,1,Very High
45.18522738526486,32821.748686990315,Self-Employed,660.594958751866,32091.751870877397,24,0.0978,1,0,1,Very High
36.52267036234556,65366.13345862759,Salaried,640.4490235700251,3892.3672389829408,36,0.006,2,0,0,Very High
47.5545704538992,29506.961263255223,Salaried,649.7883243929198,19563.234151383076,48,0.2538,1,3,1,Very High
39.874217135450984,8056.228519203561,Unemployed,607.0350492263532,8921.511873086441,72,0.1732,0,1,1,Very High
32.282208496855034,43467.970034928425,Salaried,590.1798016560791,36260.49361624391,72,0.2084,0,2,1,Very High
35.30607592241737,55148.62996076485,Salaried,630.1796571215062,10050.77184033954,60,0.1182,1,1,1,High
48.61050179128923,96658.91454195409,Salaried,558.3899349662951,66885.13814339931,60,0.0692,1,0,1,Very High
57.09436849976132,32645.347356199523,Salaried,713.8062968058002,15676.88226178656,60,0.073,1,1,1,Medium
57.05161801547263,67050.68109194463,Self-Employed,617.2466641091653,38793.17902157016,48,0.2454,0,3,1,Very High
36.821714076717896,20775.65286771878,Salaried,682.2497293411507,17073.189445010983,36,0.0822,0,0,1,Very High
38.621018463601175,92197.60505162762,Salaried,646.9514994263982,13443.55956782994,36,0.0771,0,1,0,Medium
44.33987301857967,37992.42395503405,Self-Employed,634.2554333380796,26401.70064480168,72,0.132,1,1,1,Very High
39.995702092897915,58975.2043136491,Salaried,650.5130574153559,34918.502676467695,72,0.0842,0,1,1,Medium
43.38247878334072,72251.29463642664,Self-Employed,564.9029935211593,28451.34323606329,24,0.1019,1,1,1,Very High
44.937360467295385,58349.689076088354,Self-Employed,602.1958338519865,25160.107054416545,48,0.0431,0,0,0,High
18.0,19380.752894868685,Student,592.2046174513156,17238.45589807059,72,0.1514,0,1,1,Very High
55.88783512817561,69159.70639189296,Self-Employed,568.6064236258349,21014.16835559177,48,0.0554,0,1,0,High
35.868147893654516,77610.10198908421,Salaried,637.5710466803,43115.74790740837,36,0.1181,0,1,0,High
40.52982411002976,18790.630767283248,Unemployed,578.2215129810955,1000.0,24,0.0553,0,2,1,Very High
45.391915302465655,31311.22273703656,Self-Employed,658.3061372351813,20877.82880830808,60,0.2667,0,2,1,Very High
45.96229300189063,23617.38606256715,Unemployed,660.1438061496235,1000.0,36,0.0667,1,1,1,Very High
29.859196409273864,40562.60614128346,Salaried,580.0639976722239,58369.80754292187,36,0.1939,0,2,1,Very High
41.5022877176474,49645.951715352785,Salaried,676.7126536560132,25780.68800931974,60,0.2394,1,3,1,Very High
52.60185375761121,74505.5804075373,Self-Employed,650.6369410546504,43310.90307969934,48,0.1581,0,4,1,Very High
50.47862431499325,79717.58531350948,Self-Employed,615.844433179004,91480.58572799439,48,0.1148,0,0,1,Very High
22.777665190994036,15589.05800478093,Student,637.014041783079,17331.38299924486,48,0.1112,1,0,1,Very High
34.717417556108856,18945.849374580845,Unemployed,618.994615831531,11146.235580560995,36,0.1213,0,1,1,Very High
26.926819269258417,10653.614994094009,Student,674.2508662402594,4938.272902281624,24,0.0464,0,0,1,High
18.0,22516.213212451443,Student,601.6242906579706,24469.351316621734,12,0.1712,1,1,1,Very High
62.62113262041144,57174.108930023416,Self-Employed,669.2165165661388,72309.80775029273,72,0.1515,2,1,1,Very High
26.467086087412277,67564.88413437975,Salaried,715.1820526665556,1000.0,60,0.0015,2,0,1,Very High
40.946095566625075,42571.30683255551,Self-Employed,664.818654825638,51467.64103872161,72,0.1834,1,1,1,Very High
41.58109001428857,50058.72511131684,Self-Employed,642.5462883173474,41849.82064528625,36,0.1461,1,1,1,Very High
23.81756831239778,16526.888004147135,Salaried,642.0837380191725,7635.976987882974,72,0.0712,0,1,1,Very High
21.980414947859174,18480.376314632187,Unemployed,589.4634799195131,12329.480392096824,72,0.1917,0,2,1,Very High
32.78908057667847,87426.64860092211,Salaried,626.7432867798881,119168.13610718431,60,0.1363,1,0,1,Very High
18.058616153698036,16294.334620578844,Student,659.7647382360249,9954.570153199711,60,0.0861,0,1,1,Very High
22.831947905435477,19905.0620980171,Unemployed,565.6907426636374,23406.188689196,72,0.2176,0,1,1,Very High
44.653825745620765,49238.73766124369,Self-Employed,698.6106980965,60547.50491597041,36,0.123,0,0,1,High
33.62662977452479,43333.31038947722,Salaried,641.0828132859097,63498.15637203183,48,0.209,1,1,0,Very High
40.19144258184984,74937.16896444505,Salaried,699.8398930731697,104454.58893605373,12,0.1394,0,0,1,High
26.43765412987141,52026.55495650636,Salaried,659.3362181230129,1000.0,48,0.0769,1,3,0,Medium
38.86380058508697,64174.05369318875,Salaried,715.1736395575757,20465.8592422683,12,0.0944,1,1,0,Medium
52.40661140342659,49668.643893613655,Self-Employed,659.0537999271602,34959.841866408155,60,0.1704,0,1,1,Very High
24.47467041211415,23255.413283491987,Student,540.1818771747185,11889.362827082698,36,0.3511,0,3,1,Very High
23.086200078505335,16988.52586323011,Student,618.1629184118093,8944.789004110764,12,0.0777,1,1,1,Very High
51.99729958172512,56267.070521072776,Salaried,668.4125103741444,1000.0,48,0.1893,1,3,1,Very High
29.37257235059358,55583.06305988047,Salaried,718.4171475369562,41086.01507113091,48,0.1989,0,2,1,Very High
29.774731233575217,16747.73697164652,Unemployed,531.6839517053482,14398.380373345111,12,0.136,1,2,1,Very High
35.83905309508316,15286.136226859619,Unemployed,641.3049154600766,3100.360718979484,24,0.0203,0,0,1,Very High
30.65439361345077,3944.2161223625935,Unemployed,572.2889049498333,3392.064439013225,36,0.686,2,6,1,Very High
41.307547140161596,68980.57273439194,Self-Employed,653.4895389535786,66468.49947784265,72,0.1964,0,4,1,Very High
58.97064024427152,14722.106174310637,Unemployed,661.9041301377611,15815.343538159239,24,0.1699,3,1,1,Very High
27.79783312397216,10000.0,Self-Employed,631.8483539743385,4294.327051566193,36,0.0429,0,0,0,Very High
24.86087733372173,47790.68306445803,Salaried,663.1814707349632,45843.35689353299,72,0.1209,0,1,0,Medium
50.402743074915506,54650.745691486685,Self-Employed,694.2007949976611,15405.307556299507,24,0.1532,0,2,1,Very High
44.937198199795965,42420.66026852624,Self-Employed,610.0133705604787,12747.2736906098,48,0.28,1,4,1,Very High
40.88286405044339,14645.68985581368,Unemployed,618.3345939260457,1666.497468712822,12,0.0739,1,1,1,Very High
33.04077953945898,19205.22419696895,Unemployed,631.2778979125591,17380.227426647965,60,0.153,1,1,1,Very High
34.70336934219593,39213.96859529974,Self-Employed,596.4585868552118,26711.063589468282,60,0.0681,0,0,1,Very High
30.525842450951217,70220.23025996202,Salaried,637.0826919972951,54846.97128612092,24,0.0781,0,0,1,Very High
23.11259964089681,14459.788275689341,Student,659.3540908985196,7924.073862446703,24,0.0548,0,0,1,Very High
42.5728689945758,67440.7319879363,Self-Employed,646.2160942779894,69461.74045867215,72,0.103,2,0,1,Very High
57.678575707104436,53268.60132065657,Self-Employed,641.6146011215383,40922.368954414516,72,0.2768,1,2,1,Very High
23.77678133391711,19905.597944282687,Student,614.7667432662086,12890.745791631574,24,0.1273,1,1,1,Very High
31.87597146397767,30239.162300406744,Salaried,618.4936889770055,35516.4781207947,60,0.2425,1,2,1,Very High
24.517836316524168,15763.02792705716,Unemployed,726.3162226671222,14317.349391584889,84,0.1533,3,1,1,Very High
62.85877551704268,48346.91901222998,Self-Employed,578.1566893188887,9176.814540460206,36,0.0815,0,1,1,High
55.336441553532325,72310.1664632035,Self-Employed,659.0925995780514,52056.726604852214,24,0.1345,2,1,1,Very High
55.396373952455285,46979.48660332519,Self-Employed,646.0105708414062,22873.89088503675,36,0.2487,0,2,1,Very High
20.0,18543.891537831543,Unemployed,639.094056714708,6077.223786739799,36,0.0953,0,1,1,Very High
53.556611369052455,94923.65750214653,Salaried,664.7385624770712,1000.0,36,0.0636,0,1,0,Low
49.2889324020629,54234.87700037337,Salaried,685.6655426349942,57096.86767878579,36,0.1053,0,0,0,High
41.76560516403894,7781.880026975529,Unemployed,541.1276190059648,7638.752328808436,36,0.1732,1,3,1,Very High
45.559915047282885,6134.869991569922,Unemployed,589.0938180049704,5364.479316565275,60,0.1874,2,1,1,Very High
20.34955794257462,18170.12971665821,Student,660.3655778763814,15829.123853157089,72,0.2121,2,2,1,Very High
48.8862496096241,56151.3614290103,Salaried,704.7848792100781,73386.25456550642,84,0.2307,0,1,1,Very High
42.04497943388898,79085.66040799007,Salaried,658.4144843722813,46634.724446391694,72,0.084,1,1,0,Medium
36.14506348830382,93040.71874003204,Salaried,721.8145689999253,18726.683001539313,72,0.1451,1,2,0,Medium
47.748477637136574,62715.95269796286,Salaried,614.3623644289107,65619.70714854935,72,0.1046,0,0,1,High
35.0,21044.676336806737,Student,652.4624356704825,12713.293045926503,24,0.1604,0,1,1,Very High
22.0,77685.85994337089,Salaried,641.2844758656979,54875.29638889411,36,0.0956,0,1,1,Very High
37.97549911442123,76662.50491900797,Salaried,682.6618420317947,23146.681876000155,48,0.2177,1,3,1,Very High
25.64832745414053,31179.01665908265,Unemployed,597.9674551137953,1095.9403089218467,60,0.0785,0,3,1,Very High
22.67762702316774,23876.708790472287,Student,583.3558405454907,19621.150594073086,84,0.1322,0,2,1,Very High
47.104510791081275,77895.45738133493,Salaried,575.9358854495122,70392.97151668702,36,0.1404,1,2,1,Very High
63.26372982188216,14742.361364786084,Unemployed,635.1841877426375,1000.0,84,0.0068,1,0,1,Very High
23.577683959089377,53090.85618521514,Salaried,630.0425565995918,20418.705787874977,60,0.101,0,1,1,High
50.460946345066986,86880.08771105422,Salaried,671.192931411405,42326.192111253884,84,0.0737,1,1,1,High
38.283521099727075,56533.60902006962,Salaried,642.9281879291327,25853.877268861837,36,0.0457,1,0,1,High
29.35834058857082,80733.62500867859,Salaried,653.7086038526496,80068.93869243067,60,0.0992,1,0,1,High
36.21020685648018,51818.38488085238,Self-Employed,691.1119569097647,65516.26557135987,48,0.2264,0,1,1,Very High
30.973219069921484,9300.17388367871,Student,578.7466190236548,7268.986010524183,84,0.2657,0,3,1,Very High
43.853825597038146,54756.54491886917,Self-Employed,657.4952291308657,70371.48298788635,12,0.1285,0,0,1,High
43.2997167526177,52989.763876653386,Salaried,732.9428688444737,35804.94129712281,60,0.1926,0,2,1,Very High
39.67608879737743,55264.62420102643,Salaried,709.4438341869226,41663.44142244874,60,0.0754,0,0,0,Medium
33.27926664687148,58259.953083980945,Salaried,707.4363223242837,31746.089163725497,60,0.2545,0,2,0,Medium
36.35800544551966,18911.39724316431,Unemployed,638.324843261439,14879.12002274661,48,0.1412,0,1,1,Very High
29.56960691778965,43922.927875360314,Salaried,650.751044248079,2271.4191761893744,24,0.0302,1,1,1,High
29.269236424519526,9690.376362046529,Student,574.1217026084078,7123.4804905409555,60,0.1235,0,2,1,Very High
20.0,18162.380206586888,Unemployed,635.1641570613145,4939.704085341064,84,0.0897,2,1,1,Very High
40.56951705040253,74338.91289005832,Salaried,635.3000968975057,34150.097474758615,24,0.0459,0,0,0,High
32.2765763294148,47585.3332790111,Salaried,648.9423288406932,30574.427445918802,84,0.3768,0,5,1,Very High
32.032538728721946,75821.27461451027,Salaried,679.6245647210479,39929.46525875846,24,0.0777,0,1,0,Medium
34.64030451286352,52481.76769716108,Salaried,619.5202828239361,59347.62370168566,84,0.1131,1,0,1,Very High
26.889949998534142,20859.58646856653,Unemployed,604.5032922184679,1000.0,84,0.0298,0,1,1,Very High
20.0,3000.0,Unemployed,645.2007623884,3222.6206804244616,60,0.1699,1,1,1,Very High
18.849808646155097,23274.401584832383,Student,641.4299880378849,17087.41443873279,36,0.1734,0,1,1,Very High
31.12217640435228,40934.82822537793,Salaried,710.9480176739019,48651.90176996764,60,0.2189,2,1,1,Very High
46.7629859209913,61851.24377187686,Self-Employed,630.8348678647387,32047.92352803482,36,0.0518,1,0,1,High
24.054358001053373,18130.72291341199,Student,645.0468699231088,17320.805043423985,60,0.0955,1,0,1,Very High
49.152793434140705,74326.57544340834,Salaried,608.2153555845489,89825.3960175927,84,0.3084,0,3,1,Very High
25.96555088224952,84345.98471685546,Salaried,717.0098970509421,61192.39497432303,24,0.0975,0,1,0,Medium
52.066904935267544,44933.38834737363,Salaried,636.070164550412,55310.41529311868,48,0.1231,3,0,1,Very High
58.69217503590356,63441.9546071573,Salaried,733.077944390223,5282.704922004872,36,0.1083,2,1,0,Medium
32.99779925695868,54748.05522251406,Salaried,674.1867142914791,22905.031032386207,48,0.0918,1,2,0,High
65.0,21513.279114812227,Unemployed,613.8226172497638,10548.153332213416,24,0.049,1,0,1,Very High
24.1625895533897,23061.99833177277,Student,571.1030830717315,12047.255780726486,36,0.1772,0,2,1,Very High
36.33810593268441,62348.90878652192,Salaried,664.2658401406817,62764.01214305885,24,0.1632,0,1,0,High
69.7542115679652,34387.00843010214,Self-Employed,656.8165456519292,33623.320722798715,36,0.0978,0,0,1,Very High
38.958723142653845,51544.78209274717,Salaried,628.4766418574542,43780.18919509668,72,0.0849,0,0,1,Very High
31.629585533111133,19775.324345044934,Unemployed,588.2193481499979,7506.379890616314,72,0.1005,1,1,1,Very High
58.32666402034758,56342.86777127374,Salaried,657.3796226048954,8874.163041391075,24,0.2158,2,2,1,Very High
25.55688570983805,25645.266437039973,Unemployed,626.3554394028877,18432.916231767915,24,0.0969,1,1,1,Very High
36.21080362163028,50680.06929814426,Salaried,691.0720627696459,69819.92370227263,48,0.1378,2,0,1,High
44.33763103772697,64654.644289978336,Self-Employed,657.2770427607522,14567.823045554307,36,0.0225,1,0,1,High
36.04285220969393,95634.15734917096,Salaried,664.1829259379303,112391.57127026058,84,0.1675,0,2,1,Very High
39.2684817812951,98957.77333871851,Salaried,675.4757544627017,17422.27676799553,36,0.0801,1,1,0,Low
33.87804672899454,3000.0,Unemployed,559.7983556782832,2080.3461425964674,24,0.0943,2,1,1,Very High
32.79012541607615,75222.13715828859,Salaried,698.887701392212,14897.144322606793,24,0.0948,0,3,0,High
36.33873025650307,79408.26646587408,Self-Employed,699.427796959156,68085.99380195525,12,0.2107,1,2,1,Very High
24.85006201475487,5336.597545574325,Student,587.1832225495614,8410.016971941486,60,0.1576,0,0,1,Very High
45.73612140796205,26144.6838036555,Self-Employed,657.9161411229297,14368.482249116365,24,0.13,0,3,1,Very High
50.18621625391053,48207.49051007582,Self-Employed,676.656462294821,19609.202880506935,24,0.1657,2,2,1,Very High
34.306380390029844,71937.17303963612,Salaried,713.5276120000174,19561.59065736674,36,0.0897,0,1,0,Low
28.852648103504542,50972.42018095545,Salaried,668.1427887824153,27427.524674875785,48,0.0538,0,0,0,Low
42.09104981907343,31840.795558995786,Salaried,659.8479891253986,10768.4014205992,60,0.1088,1,3,0,High
46.33217748157372,32374.960538944328,Self-Employed,681.4758505862552,9977.409901944904,36,0.0558,1,1,1,Very High
24.543321091712933,57847.98481882361,Salaried,622.5082576729252,42150.41593732637,84,0.0729,2,0,1,Very High
31.39464218913986,30304.217703920738,Self-Employed,694.2313793707153,26722.857127365987,24,0.1882,1,1,1,Very High
38.5618823097201,72727.98180167716,Salaried,629.5262296098699,31567.198266263815,72,0.0434,1,0,1,Very High
32.81432734424522,41418.93847095315,Salaried,693.2686904723812,56887.23500480826,24,0.2123,0,3,1,Very High
38.39773049900592,18531.108855813185,Unemployed,593.3168749088417,19111.116625283215,36,0.1531,0,2,1,Very High
19.842638377593254,24547.53339690494,Student,639.4785062763401,21509.308917924518,72,0.0876,0,0,1,Very High
36.14457188750024,99574.33732338165,Salaried,725.654803298254,37914.22832663165,36,0.0381,1,0,1,Low
49.92698789420496,81523.87507553058,Salaried,640.0174057530559,42435.28864659881,36,0.1146,1,1,1,Very High
35.5039331608892,3000.0,Unemployed,614.5274577790602,1000.0,36,0.2208,0,3,1,Very High
23.0,93246.4164529189,Self-Employed,629.7582056619922,36414.98158201209,48,0.0391,0,0,0,Medium
49.11649887446107,14227.968469782818,Unemployed,625.1928108789136,10482.658926423632,72,0.1237,0,2,1,Very High
20.0,7918.959393078627,Unemployed,545.0881055593804,1000.0,48,0.0126,0,0,1,Very High
18.40532906344656,9567.449814657444,Student,626.6574852512623,7373.582105270056,24,0.1271,0,2,1,Very High
49.46293282888951,10903.71146431334,Unemployed,563.1303529432889,1000.0,48,0.0717,1,1,1,Very High
40.672095085340416,46825.77681801033,Salaried,647.890109670779,40287.846006663916,24,0.1485,0,1,1,Very High
25.593992579466423,13597.514245339593,Student,685.6120642512891,12376.82876094424,48,0.1535,1,1,1,Very High
21.465176228223044,18575.35271907638,Student,625.8786614300247,21097.737311161687,24,0.1386,0,1,1,Very High
53.95785777214056,9758.871003289372,Unemployed,655.9026609731891,4941.230311081643,72,0.0506,1,0,1,Very High
48.11534573190121,32296.237229390757,Salaried,623.0668205061146,18126.31612003722,84,0.0561,1,0,1,Very High
30.49288182846888,77549.87793343689,Salaried,597.8737088872105,120025.85712435035,12,0.2048,0,2,1,Very High
30.395127631016173,26079.78919631245,Student,639.7282580426603,21094.115749310946,60,0.1059,1,1,1,Very High
43.83324859690482,54671.1373606726,Self-Employed,627.123392949334,46808.186269283644,12,0.2106,1,2,1,Very High
35.87273282270961,81700.36285857076,Salaried,612.1430805358309,52408.40587538886,36,0.3141,1,4,1,Very High
18.0,12152.797406748688,Student,564.2607867963839,9687.45853903331,36,0.3797,1,3,1,Very High
34.728820364504784,91260.37210245468,Salaried,625.6313404391101,13407.750828696913,48,0.2147,0,2,1,Very High
23.799522119360205,16976.288239330694,Unemployed,614.3446619871904,11176.079278822801,24,0.4658,1,4,1,Very High
52.62923273509389,57831.5644383297,Salaried,613.07968745185,47337.343296891355,72,0.0819,1,0,1,Very High
44.4912034064597,97856.96337706366,Salaried,674.3155141089397,81203.54882442654,24,0.083,0,0,1,Medium
44.50228864931779,5325.849152652148,Unemployed,623.0903059929101,4701.910492182145,60,0.0883,0,0,1,Very High
47.45047162624094,22718.53714275237,Salaried,667.8296546616239,8289.957278013637,48,0.0365,2,0,1,Very High
25.24296960024968,29403.24737849983,Student,610.3326956424289,28070.130524561697,48,0.1955,0,1,1,Very High
49.1687436679416,51981.667745208615,Salaried,695.9023890852128,11721.713072026843,36,0.0225,0,0,0,Low
18.0,16033.865531396727,Student,556.0258914342407,15623.666574263329,24,0.1474,0,2,1,Very High
19.942012800508618,28223.12197672604,Student,632.7326313751392,24376.742459871028,60,0.1489,0,1,1,Very High
48.20991239612898,18726.670421620263,Unemployed,634.7396242184574,18631.01219308657,60,0.0995,1,0,1,Very High
40.7795113530679,86687.6456424665,Salaried,611.2040040853965,49079.476635964165,48,0.0566,1,0,0,High
31.634335082921734,60928.5817888568,Self-Employed,686.3113110217997,24886.113960139344,72,0.1033,2,1,0,High
42.74817083206224,61360.0101988425,Salaried,601.8762258813284,67581.37565760322,72,0.1101,1,0,1,Very High
26.233894134078938,34042.821046027915,Student,617.2120148663192,43390.522042581215,72,0.1525,1,1,1,Very High
37.386127450687496,13652.307021013125,Unemployed,596.088834331341,5467.609010719266,36,0.1025,0,1,1,Very High
44.01578219095983,55442.37317208679,Salaried,675.3230559466919,34924.22113195803,60,0.063,0,0,0,Low
35.16497681512367,97581.58127865836,Salaried,612.0751173754137,17364.558578533586,48,0.0178,2,0,1,Very High
41.95366372816796,46474.10794092606,Self-Employed,661.2945295396643,29033.054539931214,36,0.1125,2,2,1,Very High
24.89718058436846,22831.343388142574,Student,627.3117780475695,8824.470146093916,48,0.0637,0,1,1,Very High
27.372091050600964,33109.05447751054,Salaried,678.9182037188184,12777.260321239255,84,0.1011,1,1,1,High
35.33272244633426,72381.46903187079,Salaried,676.747716267534,63858.01567034626,48,0.1882,0,1,1,Very High
31.01933215080377,63302.98936675981,Salaried,596.2258432215434,43499.07794678575,48,0.0687,0,0,1,Very High
57.20596274722949,81694.26238688646,Self-Employed,622.7689201162975,62768.369567888265,36,0.1268,0,2,1,Very High
46.05057096400168,46220.26310583438,Salaried,637.9505913564738,40686.86107245276,60,0.188,0,1,1,Very High
50.433801799613626,74512.86635151177,Self-Employed,636.5584352187625,41130.79628027763,60,0.2552,0,2,1,Very High
28.388397540554053,55652.58461427794,Salaried,582.983100574056,15886.968793115111,72,0.2785,1,4,1,Very High
34.39768764114106,90996.27307415656,Salaried,612.8629673848036,54991.5118097181,72,0.0854,0,1,0,Low
32.64480615747911,72335.87889692177,Salaried,627.6507363535111,64433.89647992555,12,0.2891,1,2,1,Very High
42.52101186483441,22168.088723109093,Unemployed,535.6978266473755,1000.0,24,0.067,0,1,1,Very High
38.25647453590499,48342.74009240465,Salaried,650.1366785825115,1000.0,48,0.0521,0,2,0,High
54.62364774092382,21246.159414106813,Unemployed,670.1254438423152,17392.107927239023,36,0.0819,0,0,1,Very High
20.0,5906.013036593873,Unemployed,578.257468676304,2721.489360803624,72,0.1711,2,2,1,Very High
52.995295263164785,103549.72697664279,Salaried,670.5354720880038,32897.03725621475,72,0.0318,0,0,0,Low
44.24333237232764,67211.66102954693,Self-Employed,622.7206503549156,61317.875849252705,12,0.1537,1,1,1,Very High
28.061421011033165,25859.241034346443,Student,558.3793019442774,11477.642756663612,72,0.1069,1,1,1,Very High
45.22974798121344,88715.83904017525,Salaried,687.6370396289542,55886.185723500006,24,0.063,1,0,1,High
40.65359109584188,69107.6750495043,Salaried,638.0612881076825,17416.164684822423,60,0.1002,0,3,1,Very High
30.770259959258016,70617.33315851647,Salaried,676.4331440074325,40183.86661060584,48,0.1069,3,2,1,Very High
27.1969919776326,48240.719170809105,Salaried,641.8868523708381,37068.81657666127,36,0.2018,0,2,1,Very High
39.81918431949142,43081.27733006538,Salaried,624.4333122868346,60866.39176140643,48,0.2663,1,2,1,Very High
36.21876125413579,37847.79597776549,Salaried,585.8708086962979,32483.758027663673,24,0.3858,0,3,1,Very High
46.69511686343038,67198.93784295254,Salaried,594.2574469801737,28766.47221529431,24,0.1678,1,2,1,Very High
42.61109999016251,62292.85599602238,Self-Employed,614.4204817535013,53794.63927486246,36,0.1864,1,1,1,Very High
23.045125342565534,12000.0,Salaried,593.2166628326188,13002.305886573347,36,0.1084,0,0,1,Very High
44.24750425730352,74397.77743001131,Salaried,685.1393227654655,47132.34311789348,72,0.0634,1,0,1,Low
36.80261042491049,73740.15261303275,Salaried,592.9644706442768,30728.899411242663,24,0.0667,0,1,1,High
50.67516857308781,80230.1066481349,Salaried,656.6023064180996,48110.712832386605,84,0.06,1,0,1,High
27.36527761703469,70646.51728298594,Self-Employed,696.2320137694807,30257.906869401413,84,0.0928,0,2,1,High
40.375729244713504,10000.0,Self-Employed,599.695647926659,5618.348068982644,36,0.0562,0,0,1,High
24.135070365063253,17203.94991161297,Student,608.7976425602203,2709.0947317759565,36,0.2157,1,2,1,Very High
53.454696425924645,65286.84262548436,Salaried,665.0441074144843,48683.82039993394,60,0.0746,4,0,1,Very High
31.43642692099135,51345.81171711384,Self-Employed,668.3868645634096,46765.65840115931,48,0.0911,0,0,1,High
23.429807087877563,14569.191724016846,Unemployed,599.3310865619654,10339.71275256717,60,0.171,0,1,1,Very High
45.680973462132265,60967.574035514306,Salaried,647.2813064093104,10082.61421863256,36,0.079,0,1,1,Medium
38.81430826859225,69146.77939225637,Salaried,638.5607270454445,46307.636889357505,36,0.067,1,0,1,Very High
41.95333114431477,58021.423324916876,Salaried,655.2691029481452,52711.32446660918,48,0.1533,0,1,1,High
41.80372846183844,58865.45074888478,Salaried,656.8684830303584,41454.60665641146,36,0.0704,0,0,0,Medium
44.067194099640545,81478.67993977953,Salaried,632.7184159164992,57173.6566400672,36,0.1952,0,2,1,Very High
39.8136427230439,53281.6357909683,Salaried,666.110367430854,32236.187707431105,60,0.123,0,1,0,Low
56.01449737219505,26906.186983951655,Self-Employed,703.3470284604002,18174.4981901014,24,0.0925,0,1,0,High
22.17190711561619,10811.3830653783,Student,600.3424282786351,8125.039520043484,72,0.1752,1,1,1,Very High
40.99713783944751,35990.24743238627,Salaried,639.0676371289338,42434.39902129519,60,0.1429,2,1,1,Very High
23.284180626456795,57810.40620968722,Salaried,636.915365252733,69831.51664298818,60,0.1458,0,1,1,Very High
46.36654217525871,69618.07677581589,Salaried,676.0476132491661,76192.30954046661,72,0.2094,2,1,1,Very High
19.245960216903683,14262.435325919898,Student,586.7302686498132,15347.823713148184,36,0.1076,0,0,1,Very High
18.76745450473904,10603.111953843701,Student,614.8781487836645,6620.1185035436565,24,0.1874,0,2,1,Very High
44.35152921649637,38122.83038691423,Self-Employed,654.6346949113115,21623.98685752024,24,0.1817,1,2,1,Very High
44.035894450932865,11762.094490387959,Unemployed,629.1933996906193,1000.0,12,0.0085,1,0,1,Very High
23.283302438769894,36132.9651158652,Salaried,734.4073154372065,33146.56664576348,72,0.0917,0,0,0,Medium
34.3729271489575,80075.51163345473,Self-Employed,638.6708455762993,20450.500452251934,24,0.088,1,1,0,Very High
23.0,27399.29873525236,Self-Employed,697.5817213859322,16304.15056024859,12,0.1845,1,5,1,Very High
38.22394170633241,63871.199259195906,Salaried,658.9895025491975,50178.116350822085,48,0.1036,0,1,0,Medium
27.32593597762807,9652.618211651527,Unemployed,573.7244792229994,11480.783412513421,84,0.1689,0,2,1,Very High
26.51305425365481,110790.0123069151,Salaried,677.0264915054878,76337.86139934018,84,0.1189,0,2,1,High
32.699254045843055,72967.30198217747,Salaried,651.3292593426373,37060.292555152555,84,0.0508,0,0,0,Low
42.300956959921734,95771.21612174372,Salaried,707.724395324047,53339.27305023571,36,0.1182,2,1,0,Medium
29.617609381133736,15655.91038752437,Student,597.0962456280306,9069.464857029063,48,0.2579,1,2,1,Very High
48.00248950086004,12000.0,Salaried,653.3275597385841,6864.867951412194,84,0.1072,1,2,1,Very High
41.24634285338564,50353.07675364277,Self-Employed,729.2305361583172,46280.168755776846,72,0.2794,0,3,1,Very High
44.45938294144774,51591.09065590089,Self-Employed,666.4889497505908,33982.789392884166,24,0.1909,2,2,1,Very High
26.121981641928357,52473.47926815485,Salaried,691.8884841655922,1000.0,48,0.0019,0,0,0,Low
32.786140312543814,70826.75736518718,Salaried,641.0825979387009,32985.361933578155,60,0.1716,1,2,1,Very High
18.0,35909.84039624917,Student,586.3518530250387,34627.2170725917,60,0.2964,0,2,1,Very High
55.39843686194345,49302.14949108377,Salaried,694.858445782658,26968.463759480986,48,0.1172,2,1,0,Very High
27.055309203742013,34459.62343584816,Student,646.0578288110753,5070.629660146933,48,0.0772,2,1,1,Very High
42.320889939191495,16406.032077762757,Unemployed,620.8273818818097,10067.888946937266,84,0.2614,1,2,1,Very High
40.88819832814912,73984.7620167719,Salaried,632.2771434282388,56783.00499717527,60,0.2767,2,2,1,Very High
23.451825621681113,12596.235081721743,Student,625.0834243587293,3789.7524022323028,60,0.0926,0,1,1,Very High
26.82812622942223,15281.731435275035,Unemployed,623.9926201318592,1000.0,48,0.069,1,1,1,Very High
24.434433241107428,5000.0,Student,599.5851853018867,2414.7505007335276,36,0.0733,0,1,1,Very High
34.00840590903498,22488.492992526415,Salaried,629.823004578643,15834.971113199079,48,0.4704,0,4,1,Very High
58.588162477990856,30973.361818529018,Self-Employed,644.836210433826,26771.90327442008,60,0.1489,0,1,1,Very High
55.28425303019647,63034.1472715336,Salaried,663.8400294454364,78373.08581579875,24,0.1868,0,1,1,Very High
45.84872311485075,67041.2504537263,Salaried,651.1010537577677,34116.346121705144,60,0.1509,0,4,1,Very High
28.44649827885364,20055.196172176024,Student,624.8923186631856,10046.212308369779,36,0.1001,0,2,1,Very High
55.912610874063574,9171.407154128661,Unemployed,584.2710696007232,1406.4066187015133,24,0.0153,0,0,1,Very High
47.74428832455372,27467.7406930649,Unemployed,598.8899232914554,9082.867512843348,72,0.0831,0,2,1,Very High
26.953194753489665,16420.04374275543,Student,546.3604898665996,7275.159877616287,48,0.1443,1,4,1,Very High
38.74086267257501,80701.15546285555,Self-Employed,608.7300261222525,58332.90112228936,84,0.0723,0,0,1,Very High
23.1423059079385,32029.528213608646,Student,615.013487781346,23745.687072062472,24,0.1991,1,2,1,Very High
44.297849190214336,64789.892170018524,Self-Employed,684.9535427717075,29202.617477166754,24,0.1451,0,4,1,Very High
46.21194720995936,85165.33724317182,Self-Employed,715.4676701512095,55647.98390985891,60,0.0653,0,0,1,High
43.87271309354754,68079.56010397212,Salaried,624.2065485371363,41866.105180151586,60,0.0865,1,1,1,Very High
25.096531771106086,41064.13526447276,Salaried,648.9870921094713,11630.046967867318,24,0.3283,0,3,1,Very High
48.68410247967421,14325.131947331829,Salaried,666.4551800258688,4616.2216854059425,36,0.0572,0,1,0,High
49.137892075172616,67124.21929004506,Salaried,669.3542153303281,34681.08674865487,72,0.1142,0,1,0,Low
54.75945106179039,108302.85189531345,Salaried,621.8221603215918,44393.23794541339,24,0.091,0,2,0,Low
27.81095109039904,56697.75564000619,Salaried,687.172912461875,72307.88067483029,36,0.19,1,1,1,Very High
33.26927055297781,32611.52513130423,Salaried,613.7024889416492,13253.919490450486,12,0.0406,0,0,1,Very High
31.74566009951714,51243.08109951414,Salaried,740.0926939437784,47560.392673163195,84,0.2928,1,2,1,Very High
48.81621332036383,59095.20377823758,Salaried,649.2956340467463,49780.549815529914,60,0.1092,1,1,1,Very High
70.0,54503.01732574866,Self-Employed,622.9193789567661,20263.47422053641,60,0.0372,0,0,1,Very High
43.605061416521366,29412.561580458794,Salaried,600.9811618027865,9263.979746506624,72,0.2815,2,4,1,Very High
18.0,21764.063097508122,Student,577.8207161585506,8440.827564175648,24,0.0888,0,2,1,Very High
22.06070869383845,33293.76594864989,Student,605.2163538010652,37839.741693085976,36,0.2387,3,2,1,Very High
54.356098117743834,11349.8605505306,Unemployed,640.3105994114053,5738.0242555095565,48,0.0506,0,0,1,Very High
48.11302030301824,52572.06456551933,Salaried,622.7920807389336,48298.483746250466,36,0.0919,0,0,1,Very High
26.09196444144309,41541.374322235206,Salaried,657.856161676736,40504.16079957098,72,0.1725,1,3,1,Very High
52.59546062644786,47126.627990352106,Self-Employed,598.3690173427598,10288.707191580674,36,0.0218,0,0,1,High
27.499305109842776,37832.19531101351,Salaried,609.5153312035159,27163.46614550188,72,0.0718,0,0,1,Very High
27.064235501017812,61285.086374977014,Self-Employed,646.6247795444893,39493.37631155455,48,0.2644,0,2,1,Very High
26.449711287055717,20470.921161741022,Student,595.4692570096731,1000.0,60,0.0049,0,0,1,Very High
23.016572522272025,32571.863527275294,Self-Employed,739.9117550370036,22476.43793466052,60,0.069,1,0,1,Very High
51.527494808618826,63519.0893106966,Salaried,675.9176236212351,1000.0,60,0.2516,0,4,1,Very High
36.38825013232192,30022.356379206514,Self-Employed,668.4617048252173,14510.74202110583,84,0.0483,1,0,1,High
20.0,12311.270168489387,Unemployed,697.2874377614135,10570.82590636321,36,0.2109,0,2,1,Very High
42.955037876666594,74188.69180295058,Salaried,679.4013856094451,57898.504612289704,12,0.2655,1,3,1,Very High
22.312270492700424,20857.22221483904,Student,632.5405136896101,22799.881067745657,36,0.1093,0,0,1,Very High
41.56831919468774,68584.53962802721,Self-Employed,623.822258929586,70139.48305411433,72,0.2023,2,1,1,Very High
28.063734506227274,25066.813102070337,Student,606.1694427263283,12676.908810837931,48,0.1756,0,2,1,Very High
21.10234161853662,11303.73077420887,Student,574.6897787167206,6711.329346006605,48,0.1594,1,1,1,Very High
29.944229236509397,68284.6427862493,Salaried,649.5183307338534,50008.727840238666,48,0.0732,1,0,1,Very High
54.73543612938262,67586.62893876103,Self-Employed,664.2768705444396,26789.82687329351,72,0.1021,1,1,0,Medium
43.53031369364034,61461.12237557324,Salaried,628.8712705631712,33031.24792917217,24,0.2537,0,2,1,Very High
21.158394393316165,14796.873891144382,Student,547.8247763231706,11972.811722598624,72,0.1434,1,1,0,Very High
37.28730499072117,55849.81189163354,Self-Employed,627.038618049754,56029.83906334409,48,0.2003,0,1,1,Very High
29.415903642049415,16574.942794628423,Student,620.0544987519856,10575.461695716214,84,0.0638,0,0,1,Very High
31.70239547032958,20939.741989867514,Unemployed,658.5879417007799,1000.0,72,0.1923,0,3,1,Very High
18.0,12651.337687335523,Student,599.1362665974792,6366.936536736512,84,0.0753,0,1,1,Very High
44.19326189585766,41588.30974670038,Salaried,606.1114906644216,21932.465796780285,72,0.0777,0,1,1,High
42.81429439127692,71355.8745664341,Self-Employed,636.9139250111081,36648.888432788764,24,0.0764,0,1,1,High
18.908118898163842,21776.948507610727,Student,624.3596852756896,13154.017390881563,24,0.1354,0,3,0,Very High
23.248862449941466,49839.93007953758,Self-Employed,579.7519194405484,24070.71608057336,60,0.1108,1,1,0,Very High
28.259196517502502,12508.110868107322,Student,647.4861672698391,12766.454462559603,36,0.2021,3,1,1,Very High
41.579603917670596,45321.90955702785,Self-Employed,672.9128812402251,27792.82825132697,24,0.0613,0,0,1,Medium
36.52561507105284,65596.22428564516,Self-Employed,681.0412393947904,63302.150820532705,72,0.1215,0,1,0,High
55.238785556891415,78665.6763313625,Self-Employed,643.2687991714868,13774.441380698612,60,0.205,0,3,1,Very High
46.36483774842716,68669.9664921187,Salaried,559.2400698964608,70563.0029875726,72,0.2028,0,4,1,Very High
46.770447372198106,43978.04129871566,Salaried,650.7064978459155,23131.969727423588,12,0.1776,0,2,1,Very High
33.39034506046053,56623.83160586185,Self-Employed,613.8786947745463,23544.878187436454,36,0.0416,0,0,1,High
22.0,34965.34423419266,Salaried,693.563576327615,31648.416516544203,60,0.1655,0,3,1,Very High
34.64327660742626,11122.94113315978,Self-Employed,669.2933807096695,5885.4838412161935,48,0.1029,0,2,0,High
48.38941042541655,15419.697283257494,Unemployed,631.0737967908126,15925.893993865564,24,0.2283,0,2,1,Very High
53.9984505136066,79148.91599139958,Salaried,645.5803878129205,11091.535719691572,24,0.064,1,2,1,Very High
35.35950186685787,22604.281418111226,Unemployed,594.066365681553,17735.87217846027,72,0.141,1,1,1,Very High
24.164099785359962,61874.93309898383,Salaried,696.3075693444838,30327.791846804022,48,0.174,0,2,0,High
52.41299127181419,97809.53108817703,Salaried,657.0982731131368,103937.94932653605,60,0.2063,0,1,1,Very High
43.50745193725043,60862.24257540569,Salaried,652.2597045943643,22139.599729496225,84,0.1364,0,1,0,Medium
28.360730267564858,12603.145544104838,Student,616.7617193878991,4057.954200870712,72,0.0322,0,0,1,Very High
32.528832431431695,72116.42532160398,Self-Employed,664.9785505365869,64394.72925415255,84,0.0893,1,0,1,Very High
44.50082692351162,67213.80435761396,Salaried,676.4552793426972,5729.096246871457,36,0.2585,0,4,1,Very High
25.26599982650736,20704.045446672662,Student,654.1330015452176,8268.767833957521,24,0.0399,2,0,1,Very High
37.668420478724244,10217.138642666332,Unemployed,661.3295742719921,1000.0,60,0.0348,0,1,1,Very High
29.784865105048986,83518.72950452872,Salaried,649.4353754813827,68042.54385268287,60,0.0815,0,0,1,Very High
28.169499964702656,17173.484695742925,Salaried,629.3288898630069,1000.0,60,0.0058,0,0,1,Very High
20.71420312321305,16670.73726440214,Student,688.374949588243,12560.534972337946,84,0.1003,1,1,1,Very High
34.90420055426577,22280.560827240635,Unemployed,661.0220248658154,9581.697122588555,48,0.043,1,0,1,Very High
46.41413151898985,60137.78909401733,Salaried,683.393387379671,54964.20210752273,12,0.2164,1,2,1,Very High
43.66608128926883,85263.22146231189,Salaried,637.0782817656938,43134.22787079889,36,0.1506,1,1,1,Very High
27.64363756982887,61556.1133277944,Self-Employed,641.7586185479062,19726.638927760392,12,0.0945,1,1,1,High
32.22724848813854,81258.27554628692,Salaried,669.0408442099857,70764.07350300519,36,0.1496,0,1,0,High
36.71369841496352,38764.79649426874,Self-Employed,648.5453532619505,26121.120533976733,60,0.0674,0,0,1,Very High
51.62761154120518,50498.564563134205,Salaried,653.4394526151616,60061.95289011199,24,0.1439,0,1,0,Medium
51.42005853760657,83928.0063489935,Salaried,642.3802918661836,14822.49345624639,60,0.0427,0,1,1,High
33.472676920432924,54323.41209945157,Self-Employed,585.8104579029059,41991.05167155893,36,0.3773,0,3,1,Very High
25.64177026619375,21983.38347415503,Student,621.3283512303967,14107.107009129784,72,0.0892,1,1,1,Very High
57.93017921086213,52799.12457211818,Salaried,690.6842224807363,20711.836825214003,24,0.1642,1,2,1,Very High
31.445370842109853,69146.5870658347,Self-Employed,719.5583805144507,35407.095077147926,12,0.1137,2,1,1,High
53.27395599501052,79132.83268384793,Self-Employed,682.5851918888976,21494.90872628025,60,0.1022,1,3,1,Very High
54.51075343240555,67303.87679962305,Salaried,703.9533721490957,34275.0589957864,36,0.0509,0,0,1,Low
44.39600139301062,41489.854779032,Salaried,680.502241975357,21781.045767409116,24,0.0775,0,1,0,Medium
32.16381065180053,45604.90679566548,Self-Employed,631.0471286554571,22410.417261586656,84,0.0491,0,0,0,High
39.42565414783035,110230.27547137803,Salaried,689.0918818449542,70667.15250474862,24,0.1266,1,1,1,Low
41.008456079013236,17402.58044220666,Unemployed,571.9377872029529,18842.016597909962,24,0.1083,0,0,1,Very High
20.27440547065313,5838.369166566668,Student,595.1450568707593,5023.29701394036,36,0.161,3,3,1,Very High
26.90068316492392,16841.85908606416,Unemployed,618.4904681791106,19284.473672127726,24,0.302,0,3,1,Very High
34.291713341205316,34670.691858516795,Salaried,615.6710670321263,30448.146133456336,60,0.1128,1,1,1,Very High
23.306727529728715,74121.28085850156,Salaried,697.5502683033918,53709.81817165061,48,0.135,0,1,1,Medium
57.15994111513518,105759.5306318125,Salaried,647.3246325496276,93248.48284000444,60,0.0882,0,0,0,Medium
29.926568416008777,83308.32741834866,Salaried,663.5718854115103,64681.83806874447,72,0.2776,4,2,1,Very High
46.37378269960646,62284.673843756005,Salaried,603.8472874614042,68201.06550912623,36,0.172,0,1,1,Very High
35.022197976908956,65327.107644622854,Salaried,591.8478708991084,29504.91097189309,72,0.1077,1,1,1,Very High
52.62071552458369,17481.352684968195,Unemployed,615.9811904290838,12804.961453977365,48,0.1732,0,1,1,Very High
44.27894210374632,52505.57998773009,Salaried,662.7536429870597,34746.26257091768,12,0.2662,1,2,1,Very High
25.088256792472542,20578.095626070128,Student,612.7834234923025,18547.83984261238,12,0.0901,2,0,1,Very High
28.892658617583315,26334.38064187172,Student,608.2790632960578,26715.909242399906,60,0.1639,0,1,1,Very High
44.937818470803805,65732.07441409999,Self-Employed,661.1213653264577,25991.919565046963,60,0.0395,0,0,0,Medium
20.0,5781.496888639042,Unemployed,573.6446331664106,1019.0765621762703,72,0.1426,0,2,1,Very High
22.515006946980634,16984.699049985975,Unemployed,622.8389519188516,18374.63148282849,36,0.1707,1,1,1,Very High
56.5112117984028,61204.68676775193,Salaried,635.9735771628586,25837.987173129615,36,0.0422,0,0,0,Very High
49.171046310519756,18437.67585365422,Unemployed,688.8688856799463,16373.51771749126,12,0.0888,0,0,1,Very High
25.077534548483232,43771.40201221133,Salaried,695.0564198593233,10050.266235927134,36,0.123,3,1,1,Very High
21.578933476829125,13339.495680058128,Student,618.55031044838,1626.9481910245813,24,0.1122,0,1,1,Very High
39.808109582932495,20111.916843257753,Unemployed,646.2184762079766,11036.093647170243,48,0.0549,1,0,1,Very High
26.161362327138814,5737.080973178343,Student,595.9909128931986,3995.7553070649233,24,0.1946,1,2,1,Very High
44.26494957496667,61986.68374070139,Salaried,608.3926187534385,42144.25329074257,48,0.168,0,1,1,Very High
30.893559436175067,74562.66401210362,Salaried,610.9599645905228,79509.48541526223,84,0.2316,0,2,1,Very High
31.994407376255623,20867.323737977575,Unemployed,569.1495913147511,1000.0,36,0.0048,0,0,1,Very High
43.01394146529705,77106.24057798758,Salaried,733.7960957821102,101308.21337382696,84,0.1314,0,0,1,High
32.342893748992054,33294.65237592373,Salaried,700.5451658054558,35148.197720552045,84,0.1681,0,1,1,Very High
46.33977652035287,3000.0,Unemployed,578.2053232452052,2749.702430824761,48,0.0917,0,0,0,Very High
45.20517695936199,19487.142832761176,Unemployed,588.7336831340212,11040.758035814302,12,0.0567,0,0,1,Very High
36.74856617496899,72040.68943605848,Salaried,620.4366893699358,18066.157883644584,24,0.1501,1,2,1,Very High
57.77296274352077,81524.28932679759,Self-Employed,621.4283891222706,73501.41885104572,36,0.2152,1,5,0,Very High
51.158339860002876,21836.00558774284,Salaried,656.3955194355152,12324.913931071562,24,0.0564,0,0,1,High
43.670101053621146,54658.496268212904,Salaried,619.5648899520367,74701.93118418069,36,0.1867,0,2,1,Very High
27.078964345342854,67987.16455397355,Salaried,653.9206105596555,78405.84193425396,36,0.1903,1,3,1,Very High
24.484819651197686,52724.45431986543,Salaried,684.3965696289039,34999.14360033644,84,0.0664,0,0,0,High
46.75730297612357,72779.60807631566,Self-Employed,685.1981206924812,45516.050142105225,48,0.125,0,1,0,Medium
27.517018097636026,4625.574305535121,Unemployed,642.9958729954292,5349.643391113901,84,0.1157,0,0,1,Very High
48.331344037084065,85505.13519845653,Self-Employed,678.3003016275549,51661.529893693674,36,0.1854,0,2,1,Very High
45.31009977255514,57646.953020076864,Self-Employed,613.6467236077971,94302.44292432243,72,0.2261,0,1,1,Very High
19.937818584681903,20148.25665663972,Student,620.0639219155606,6654.018121590696,12,0.033,1,0,1,Very High
18.0,15958.837763736916,Student,584.0925469710121,13426.640121606286,60,0.1841,0,1,1,Very High
32.97943871428551,57431.406504802486,Salaried,678.3734402807605,69215.22473015134,12,0.308,0,3,1,Very High
38.99233131389568,13006.665743448024,Unemployed,590.2229978385606,11087.435269401974,24,0.3852,0,3,1,Very High
45.100914282006734,34334.6012651986,Salaried,586.9841417128517,33542.62596919852,24,0.1977,0,1,1,Very High
26.676757000534995,55637.87938371495,Self-Employed,645.5902360043034,2054.8922535577294,36,0.0037,0,0,1,High
40.15981040206658,14715.069543442101,Unemployed,612.7163441524477,9016.902112913482,60,0.1238,1,1,1,Very High
34.482251451567805,16602.823623648143,Unemployed,598.6538644842647,18049.587277990853,24,0.1587,1,2,1,Very High
31.940165803085826,32434.16576552146,Salaried,620.1261667661425,44878.22099840659,36,0.2634,1,2,1,Very High
43.47242266311712,66728.02225449398,Salaried,579.9586041688406,106113.75156747938,36,0.159,0,0,1,Very High
26.47783130536923,9674.92185961759,Student,597.6594546832455,7493.151906433545,36,0.0774,1,0,1,Very High
39.60359704218511,14877.582696299127,Unemployed,654.0471847310533,6056.616121405195,24,0.0407,0,0,1,Very High
38.01006789264747,78693.67501299403,Self-Employed,655.3411162341569,1000.0,24,0.0013,1,0,0,High
24.970680220499545,17533.056336509122,Student,619.8590417366142,1606.7172043241808,72,0.1342,1,2,1,Very High
35.765797283307435,53276.93037877354,Self-Employed,670.8263114549807,42053.980104862116,60,0.0789,0,0,0,High
43.088584644658184,69359.40593977392,Salaried,700.5280246447568,35340.800310728504,24,0.051,0,0,0,Low
40.532508949078064,31664.89750903648,Self-Employed,673.3759705118609,17686.625114693463,72,0.1059,0,2,1,Very High
28.032868198819408,24783.064350111024,Salaried,679.5112289029586,14447.832170511883,48,0.0583,0,0,0,High
28.011610286643748,20219.26846022468,Student,555.0304471844105,16536.279944459253,84,0.0818,3,0,1,Very High
33.78185950883259,19867.513274077042,Unemployed,582.4021170816179,11335.54606288842,12,0.1071,0,2,1,Very High
25.08508975129381,24533.400363669847,Student,634.0251222465697,14713.379765129905,24,0.185,2,2,1,Very High
48.99232545698831,25503.26898779271,Unemployed,583.3107942354756,34804.441393122535,36,0.1865,0,2,1,Very High
51.930435473280426,50929.798254493275,Salaried,692.6027844328399,9944.095303568945,48,0.0195,1,0,0,Medium
46.940485176273455,14022.102216680985,Unemployed,624.0883674793922,2080.317336555021,84,0.0898,0,3,1,Very High
32.676029804451524,107436.26613016188,Self-Employed,674.3574147780962,115921.85913873524,12,0.2079,1,1,1,Very High
24.463097232305742,10057.115435461888,Student,608.1602226605248,7456.79687726462,60,0.4741,2,4,1,Very High
29.91949557830649,30219.088233245988,Student,633.2847804665272,7920.49855478571,12,0.0762,1,2,1,Very High
46.059661660772065,23476.422890358943,Self-Employed,630.1326356339957,15341.449452900353,12,0.0653,1,0,1,Very High
20.0,18799.942493722396,Unemployed,686.7988116361153,20048.446739227922,36,0.2316,1,2,1,Very High
51.1384151942858,47409.01312788432,Self-Employed,641.0370994476324,20544.726440252372,24,0.0433,0,0,1,High
63.341932018623766,94145.4172655712,Salaried,687.4843078819088,65047.94622714563,12,0.0941,1,1,0,Medium
53.7027578181964,27362.424968274583,Self-Employed,663.4288457176617,29490.798393242017,48,0.1078,1,0,1,Very High
59.08380503151856,43394.81834851364,Salaried,724.3979689913001,33149.724371784156,84,0.0764,0,0,0,High
41.87898721999539,93869.1877972511,Salaried,600.002534722014,29941.433807891914,48,0.0944,0,1,1,Medium
24.664066521535048,25342.282759165853,Student,598.2567523373006,8732.772217098809,12,0.0595,1,1,1,Very High
43.71706615641183,41903.59403410432,Salaried,602.9379750823992,26496.80788500719,24,0.0632,1,0,1,Very High
41.264605595631146,44724.00909633045,Self-Employed,642.113635029046,23881.59773623718,48,0.2409,0,3,1,Very High
25.939503256001707,11167.483202789008,Student,714.5604268968234,4048.6839630534423,72,0.1613,1,2,1,Very High
19.560327735553717,8049.24182961199,Student,640.1916677579579,7270.270417447961,60,0.0903,1,0,1,Very High
31.66772476277592,71793.50167441469,Salaried,696.9194316439992,59956.07826335276,24,0.0835,0,0,0,High
39.486586246184245,6984.726165707756,Unemployed,670.218358266923,9152.331666642296,12,0.206,1,3,1,Very High
30.221184763891372,85376.22486413486,Salaried,623.8215544093753,25841.87084652827,72,0.0553,0,1,1,High
23.019938272613437,5000.0,Student,629.2420499144239,4260.185990768548,60,0.1352,1,2,1,Very High
44.52032394740328,17910.244459833244,Self-Employed,648.6346306186097,13587.460176094379,36,0.1384,1,1,1,Very High
51.16657292778574,79428.24747118587,Salaried,641.9934325783577,34754.74017506357,24,0.0438,0,0,1,Very High
27.056965148992372,58259.46602887129,Salaried,655.4902813635432,26905.09415276014,48,0.1212,1,3,0,High
38.18528667874813,87967.06467376256,Self-Employed,635.327849736942,47622.428219566704,48,0.2541,1,2,1,Very High
30.2075100353389,21095.159210825237,Unemployed,645.1595652714674,14850.485719104707,12,0.0954,0,1,1,Very High
57.01105139782128,61655.80008951386,Self-Employed,637.4214738921042,43950.951955150864,60,0.0713,1,0,1,Very High
20.441900032332054,12723.22260490076,Unemployed,580.6841957314505,9707.887666764016,48,0.2013,1,2,1,Very High
48.312232285925816,54731.189568167116,Self-Employed,663.0871781580271,42839.61245251269,24,0.1033,0,1,1,Very High
60.9917498433406,10674.348777398478,Unemployed,634.4331972364038,7601.586830013047,72,0.1962,0,2,1,Very High
49.13780391354139,52534.741849852086,Self-Employed,591.3779681142222,49148.282463486474,60,0.1186,1,1,1,Very High
20.0,6500.749482141557,Unemployed,627.5101316174668,1000.0,12,0.0154,0,0,0,Very High
44.954206391830816,74222.73505059793,Self-Employed,716.1223814315763,1000.0,12,0.0763,1,3,1,Very High
40.31050912494542,66001.70097072472,Salaried,747.9189123625555,2590.7635258314585,24,0.0039,1,0,0,Low
53.95073700905782,80783.53989813942,Salaried,567.5056959947626,41687.6047066334,12,0.1141,0,1,1,High
46.050437343451044,37852.915156848634,Self-Employed,640.5055387397396,23223.391297168037,72,0.1114,0,2,1,Very High
31.433496129543116,86131.73440910786,Salaried,645.799212211808,37886.65690445372,48,0.1065,3,1,1,Very High
44.44868670261144,71808.6286199561,Salaried,669.1979861054773,54908.10363088288,84,0.0765,0,0,0,Very High
47.125563626340075,58274.42266127123,Salaried,596.0798414570767,28626.146611213193,12,0.0741,0,1,0,Medium
20.0,14484.312590123993,Unemployed,625.6809364199855,4635.396017950614,36,0.032,2,0,1,Very High
61.773944429410655,34284.042097137746,Salaried,620.8493302538511,20679.23577015677,36,0.0603,1,0,1,Very High
53.96129146817655,20042.374248300257,Unemployed,614.8105233704634,10869.490174064813,48,0.0792,1,1,1,Very High
60.246011064932986,10000.0,Self-Employed,656.2333440686267,7380.612224449224,84,0.1238,0,2,1,Very High
24.609331409293993,21395.62079828845,Student,528.5909837337042,18113.742281000174,24,0.2722,0,3,1,Very High
43.69069488739885,55047.58435158179,Salaried,640.141771731897,46065.80621420485,84,0.2087,1,2,1,Very High
48.20668844753329,73747.76472415519,Salaried,643.0148665306218,64536.66759471458,60,0.1125,0,1,1,Very High
38.3427607137724,11676.933109339943,Unemployed,616.4021231304903,7580.654781117,24,0.1649,0,1,1,Very High
19.96751915385922,10300.81321151742,Student,535.1126527401774,7956.393619571261,48,0.1022,1,1,1,Very High
35.00832323510734,55199.65754187619,Salaried,630.8610462981306,60318.36241344121,60,0.1718,2,1,1,Very High
45.48672672779207,7916.840355848257,Unemployed,623.8920964497393,8234.941061635971,12,0.104,0,0,1,Very High
23.516362862796335,19429.87544909302,Student,647.4720100628896,11981.307941821462,12,0.2617,0,2,1,Very High
28.46784825365904,55390.77821822473,Salaried,632.7766523251883,28836.42465562853,36,0.1146,0,1,1,Very High
45.84865369908469,62506.683629132654,Salaried,713.7299369734485,46613.098822763626,12,0.1371,0,1,1,High
44.96498505452296,71981.99895137087,Self-Employed,638.3366555780958,45266.17626575907,48,0.0629,3,0,1,Very High
23.36300431523537,23114.408773658964,Student,666.9992024209009,15211.201238784966,72,0.0658,0,0,1,Very High
47.83865682426959,38315.58076569431,Salaried,633.754986674994,33194.814185077936,84,0.1116,0,1,1,Very High
50.75899684869103,78154.27836994008,Salaried,776.1719030690809,103262.45963969782,48,0.2571,0,2,0,Low
35.97691486079331,40559.912260804136,Salaried,613.1682794941239,15084.92175241668,12,0.0872,0,2,1,Very High
23.511127919831523,16358.300390616996,Unemployed,561.0502475129638,9454.976985803305,12,0.1828,1,2,1,Very High
23.4480398391925,49194.88741489168,Self-Employed,613.5785263061031,14549.419425144908,60,0.2296,1,2,1,Very High
41.93977612243587,81670.66848848382,Salaried,665.9735534538672,84329.85035556374,12,0.1658,2,1,0,Very High
46.39663454918606,11399.376585276172,Unemployed,621.9900501385615,9528.624767359017,72,0.0836,2,0,1,Very High
47.6948643728138,15445.963220711488,Unemployed,608.0996753929526,11287.365592244108,12,0.1231,0,2,1,Very High
30.135897267713737,6403.8836055417305,Unemployed,614.0875966788074,6380.985548256005,48,0.0996,0,0,1,Very High
33.44436236089606,22793.944574762183,Unemployed,586.2324895608679,15354.895215102175,84,0.0924,0,1,1,Very High
36.94360248341667,52639.22033142958,Self-Employed,607.1121063302962,4919.261880400343,24,0.0593,0,2,1,Very High
40.77859711708565,47011.19520861825,Salaried,642.5847930249735,22279.72636306322,24,0.1724,0,2,1,Very High
22.0,63299.37344106485,Salaried,607.60657349443,57287.16585835133,48,0.0905,0,0,1,Very High
32.82245961641972,53461.95513076661,Salaried,678.4383024089407,53464.0638812395,36,0.175,1,3,1,Very High
30.076269453240016,51983.37887276051,Salaried,642.2921029398384,14982.026951849104,72,0.1538,0,2,1,Very High
28.094439142455176,12322.359481555517,Student,626.0197134122221,8750.506168784861,60,0.1335,0,1,1,Very High
44.898545943860555,25866.30045336823,Unemployed,603.2420496697381,13908.208818758041,84,0.0538,0,0,0,Very High
48.772914531748015,86072.38616297775,Salaried,672.2400618976064,62909.54816939059,24,0.0981,1,1,0,High
49.40058588944146,58160.56205279718,Salaried,623.5472009735173,57945.16700859769,36,0.0996,1,0,1,Very High
28.369137104469793,3000.0,Unemployed,613.916200781364,1740.8888551871275,12,0.083,0,1,1,Very High
47.47030573044696,39818.451363903325,Self-Employed,696.2734867655361,17141.11105556289,36,0.043,0,0,0,High
30.829231960548523,97198.20932998738,Salaried,692.4109457302606,80976.86655744728,60,0.0833,0,0,0,High
39.401133943613054,47845.040862183494,Salaried,606.5773634290933,53606.057732870904,24,0.1745,1,1,1,Very High
36.90308189947282,32518.44695269338,Salaried,642.0109192681952,1744.4871010664174,12,0.1929,2,3,1,Very High
38.49669625464082,16036.230219566824,Unemployed,561.5002173333389,18162.746864047916,36,0.1133,1,0,1,Very High
38.91100909791211,52988.32048838026,Self-Employed,699.3059816314,18557.607671624934,24,0.2225,0,3,1,Very High
27.40849520545885,14251.774971913403,Student,578.8005550052513,13479.913692865666,24,0.1571,1,1,1,Very High
37.124967487168284,15163.131881237714,Unemployed,623.2601939939891,11909.565401625994,84,0.2035,0,2,1,Very High
27.89330268830775,55646.42674846456,Salaried,679.4593830739457,42178.73184104914,12,0.1758,2,4,1,Very High
21.28540337129965,23470.793701465074,Student,581.5892417829768,13035.753376823164,36,0.0555,1,0,1,Very High
19.696978257852198,25300.408862940836,Student,607.9779632653238,12173.385818053584,36,0.0981,1,2,1,Very High
38.55492550387187,102418.32617759967,Salaried,690.1125011011557,95539.23052442404,24,0.2183,0,2,0,Very High
23.743304813001924,12975.062712588888,Student,559.9981534597482,6868.375396066474,24,0.0779,1,1,1,Very High
26.14140521364054,76540.80226523707,Salaried,564.236475368098,58493.85788549201,24,0.1389,0,1,1,High
42.72358012272124,18084.241445009826,Unemployed,639.9091791259872,3285.046680107839,12,0.1182,0,1,1,Very High
33.15686748444124,40679.707660530024,Student,613.061174779525,44867.32351314668,60,0.1103,0,0,1,Very High
41.2781277088044,75354.7375258839,Salaried,621.2171536683836,66400.2846445609,48,0.1881,1,4,1,Very High
44.33860151972973,54545.62607660639,Salaried,558.6003401304414,39168.80165623553,24,0.0718,0,0,1,Very High
18.0,6620.343487412312,Student,593.586107963765,4526.579847740831,48,0.1934,1,2,1,Very High
42.22564276884527,13991.835370138688,Unemployed,614.6315455104175,9580.662478409451,36,0.1185,0,2,1,Very High
42.77270703436833,26460.46229493175,Salaried,726.9961052533331,34032.32932020849,60,0.1536,0,1,1,Very High
46.81630299296272,20269.049134026947,Unemployed,635.7728992978567,2616.9513520517103,36,0.0379,0,1,1,Very High
39.98014663956709,78366.76959560909,Salaried,636.3224079543756,80756.75761078909,72,0.228,0,2,1,Very High
39.887197620996375,88664.08451911036,Self-Employed,621.4993992730413,32602.675913390725,48,0.0993,0,1,0,High
32.267736086289226,51522.006445969746,Self-Employed,629.3551238957792,12180.971039370083,12,0.0861,0,1,1,Very High
41.300812910319735,55632.15423951659,Salaried,640.522258172632,79563.71730977946,60,0.143,0,0,1,Very High
24.22858798868026,26378.502335130674,Student,567.9035722058596,11766.88123996597,24,0.0446,0,0,1,Very High
39.60352124929416,25110.405914654017,Unemployed,570.6040082398763,28168.289616959166,60,0.2997,2,3,1,Very High
47.55609117029687,57362.22047458759,Salaried,647.7582878949366,8317.97389788511,72,0.1145,1,1,1,Very High
35.716475660448125,74000.48057589032,Salaried,653.8599255239681,26033.379523093885,48,0.0977,0,1,0,Low
38.15548521742665,65709.97119438251,Salaried,639.9994902679092,53721.843845688694,24,0.0818,1,0,1,Very High
32.95138124456349,42261.548371791316,Salaried,572.7668519799664,4420.62204635221,84,0.0355,2,1,1,Very High
47.617610180192514,42883.33655022405,Salaried,677.5332690697753,46395.218918428945,48,0.2957,1,3,1,Very High
38.89392641670706,72126.27549137146,Salaried,663.9865512723643,37131.48720137363,12,0.364,0,5,1,Very High
24.478184863203833,22857.140791496466,Student,616.2222725683131,20053.17190012242,36,0.2127,0,2,1,Very High
18.0,7232.0395160153785,Student,611.4569344975378,8884.795745958445,24,0.1979,2,3,1,Very High
58.4626378057815,16217.713428711062,Unemployed,604.1138356149796,12047.720789329473,48,0.1993,2,2,1,Very High
40.658744627170876,47478.7809456548,Self-Employed,639.1458371333606,45087.27280892515,36,0.095,0,0,1,Very High
47.9032387708605,60176.63841722098,Self-Employed,653.3405941811149,75614.81411501445,36,0.1257,0,0,1,Very High
39.70186546574191,55307.11620768587,Salaried,702.753555467238,64368.94468916203,12,0.1164,0,0,0,Medium
26.915012234024182,10782.298599742699,Student,665.3877100160908,9911.06968736236,60,0.0919,0,0,1,Very High
44.460294300696255,72367.48852814113,Salaried,685.4853879457701,91568.66066305882,84,0.189,1,1,1,Very High
32.804231797280536,62747.24183992943,Self-Employed,598.3518516297553,64590.41857662731,24,0.5029,2,4,1,Very High
18.0,10185.532055400228,Student,657.9643287724224,5536.64700087979,36,0.0544,0,0,1,Very High
32.32709843954632,35027.71371475536,Salaried,713.4419836968992,26255.87786740865,72,0.075,0,0,1,High
23.0,101331.44460684684,Self-Employed,627.2767132429257,29152.00578980957,36,0.2163,0,3,1,Very High
26.468155836265552,23353.729687903473,Student,586.676433446508,8214.939667039655,72,0.1602,1,2,1,Very High
44.41457948377246,42704.383421788036,Salaried,636.1335953011777,16488.988437805885,72,0.2386,0,2,1,Very High
49.67690869482421,91622.75059382683,Salaried,654.2852965944656,107276.40896845702,48,0.2421,0,2,1,Very High
18.817815012057622,5000.0,Student,657.1607984889151,2719.618373162541,84,0.0544,0,0,1,Very High
21.45421695109433,30983.787589035044,Student,639.0582299197993,10902.560252074896,60,0.0352,0,0,0,Very High
20.386245852131438,20150.181333214776,Student,594.9077838737558,20291.404331920538,48,0.1507,0,2,1,Very High
41.41653035029801,22496.69014729255,Unemployed,578.1795326029077,15388.799983897237,36,0.0684,1,0,1,Very High
23.649995554878622,22000.12118869053,Unemployed,616.0987858325229,6118.872791154601,12,0.0903,1,1,1,Very High
47.3807991891203,26812.90213208773,Salaried,674.1023026507826,22167.662195571153,24,0.0827,0,0,1,High
28.696720161111013,6979.403454057585,Student,578.5084962484015,1000.0,60,0.0643,0,2,1,Very High
33.525066833267175,32657.332929740325,Salaried,669.5037126660135,18960.086030118073,84,0.0831,0,1,1,High
45.188193710468006,21055.955262353164,Self-Employed,639.6080677207638,20342.42135465654,72,0.0966,2,0,1,Very High
56.03769235268921,67828.3396852262,Salaried,639.9804719560136,53131.76409500457,36,0.1033,0,1,1,High
28.49069117848966,21902.382644472775,Student,661.0808808047789,23311.77879241297,84,0.1314,2,1,1,Very High
49.74352703878611,129848.60542205823,Salaried,674.8150331435404,60494.135242698016,60,0.0466,0,0,0,Low
36.2873373474157,87999.45212968618,Salaried,705.0802140453777,64551.42101232116,12,0.1359,0,1,1,High
27.54869094888359,38674.95767196199,Self-Employed,632.5735650382707,10780.443644496565,60,0.0904,0,1,1,Very High
35.00420423032124,10000.0,Self-Employed,707.3714070385223,5610.522387797865,24,0.1811,0,2,1,Very High
44.62622684465263,86236.4870403546,Salaried,653.5410437806624,67647.95714698236,48,0.1409,0,1,0,High
29.30326305433172,63837.500899290244,Salaried,696.8238594110762,42586.372570224725,60,0.1917,0,2,1,Very High
23.0,36540.60538170205,Self-Employed,654.8733473470006,39939.01084970068,84,0.2968,0,3,1,Very High
21.34042018892864,12726.643137417414,Student,625.745237395315,13592.988391820909,24,0.2068,0,1,1,Very High
25.95044741216489,17061.393302360302,Salaried,586.1587582651033,7747.101555062744,36,0.0954,1,2,1,Very High
42.20088255893498,92991.11664185772,Self-Employed,680.6611419192757,68090.44756635748,72,0.1732,0,1,1,Very High
26.14076922691848,7954.718349635425,Student,634.3960066717794,1000.0,84,0.0376,0,1,1,Very High
31.2694618221718,13351.751485099567,Student,630.0080310045764,9112.78655082858,84,0.0933,1,1,1,Very High
32.77330984427676,77944.32231098303,Salaried,696.4648930937141,46653.45057078701,24,0.1099,0,2,0,Low
38.848688877950494,42217.850718614405,Salaried,614.0861776194259,5512.148077597114,24,0.1381,1,2,1,Very High
39.538796727671524,72939.7067519809,Salaried,633.9342925495805,50474.27878885786,72,0.1942,2,2,1,Very High
44.266924765840905,73994.6355471437,Self-Employed,665.4227968988395,65564.70560353332,24,0.1886,1,1,0,Very High
52.84292257332638,18911.946438905085,Unemployed,631.1681355544785,7770.176866786441,24,0.1036,0,1,1,Very High
33.42769982115496,92167.09871053713,Salaried,742.7743622752233,20454.717285302642,36,0.0222,0,0,0,Low
33.38654628624146,71044.7502435577,Salaried,606.05849134666,40116.08030428557,60,0.0565,0,0,1,High
42.59144593811036,60714.64803784032,Self-Employed,711.1494765980816,55883.229488833094,12,0.117,0,1,0,High
39.23910820320312,76240.26894593425,Salaried,570.1597580902782,22895.95925188431,48,0.13,1,1,0,Very High
41.76412731963969,13589.685966074907,Unemployed,679.3659204957447,5196.457296869647,24,0.1007,0,1,1,Very High
22.0,91092.58957506354,Salaried,684.2694755170086,6057.884980363953,12,0.0817,0,3,1,High
25.976353921224845,12793.863696655855,Student,569.3991311076988,7577.260676127329,60,0.0592,1,0,1,Very High
44.77598432974723,73834.80429161813,Salaried,635.0898343248472,24034.980848190728,84,0.0576,1,1,1,Very High
27.344659217659142,49955.80536713888,Salaried,592.8199690572972,1000.0,24,0.0645,0,1,1,High
26.528383583972683,49978.50930510521,Salaried,698.1707172119063,33007.358174051944,48,0.066,1,0,1,High
23.738681635504747,52745.379768711085,Self-Employed,636.3021969710483,30816.92601689754,48,0.1834,2,2,1,Very High
47.44413264052481,12133.758137059765,Unemployed,587.1680227198309,10414.910981489717,12,0.0858,0,0,1,Very High
41.953098539790474,43742.64093296905,Self-Employed,677.7288411913954,24475.37067786699,48,0.081,0,1,1,High
49.14350285903295,59632.77612597775,Salaried,660.2251065015195,48175.00932090724,48,0.2058,0,2,1,Very High
28.970209428329543,47308.90077954344,Self-Employed,608.2783285011368,45499.292018730805,60,0.1212,1,1,1,Very High
20.0,16583.52537936423,Unemployed,622.9428407031849,20076.369177472498,72,0.1211,0,0,1,Very High
18.0,5000.0,Student,684.9589468454803,5815.591049953774,12,0.3163,0,2,1,Very High
39.493302969690454,70174.16364281939,Salaried,656.5721062265853,17091.25387920734,60,0.1244,0,1,0,Low
20.738815206835707,18556.377185885995,Unemployed,716.903566764897,11061.197931111592,12,0.0596,0,0,1,Very High
22.0,56072.69689943129,Salaried,632.6627583824435,44320.7260618577,48,0.129,1,2,1,Very High
22.72480184211292,22433.907323494604,Student,650.6831128981007,8100.233456638277,48,0.0986,0,1,1,Very High
38.10112398020102,32837.02196243571,Self-Employed,694.7916886182936,33619.983925045264,12,0.1649,1,1,1,Very High
49.51275038662842,73808.27375479593,Salaried,677.5474939791333,27020.466046317742,84,0.1616,0,2,1,High
51.42454435640266,23010.48440771819,Salaried,631.3008479044237,11447.281218758171,24,0.0497,1,0,1,Very High
35.03247564419122,27042.625499506445,Salaried,648.4501034493505,19692.71894054155,60,0.0728,1,0,1,Very High
33.77161934051096,60241.613701892,Salaried,658.9296063357534,12271.04222053916,60,0.0454,0,1,1,Medium
24.34646806600171,16748.33710129733,Student,599.8092001332138,4107.614217069328,60,0.0495,0,1,1,Very High
25.553171772181877,14079.163398747616,Student,626.4150206741168,10013.291766170913,36,0.2586,0,3,1,Very High
35.115156108754626,64592.59633516635,Salaried,652.7181130640465,34922.580982112224,36,0.1166,3,1,0,Very High
22.6486572855852,19637.65348816424,Student,661.9822354851676,7890.179372538532,48,0.1027,0,1,1,Very High
51.37895898710596,79385.93270159952,Salaried,652.5103353913029,24008.39985139199,24,0.0927,1,1,0,Medium
57.72075466827349,10620.781025431672,Self-Employed,620.6592378998723,9560.875446491053,48,0.215,0,2,1,Very High
36.50990840005638,47336.00737689751,Salaried,685.2380559437739,18479.54710237285,60,0.139,1,1,0,Medium
47.986344494348295,66197.07804253153,Salaried,688.3315221849564,46040.779775825606,60,0.3821,0,5,1,Very High
53.04066957548012,71257.6621519322,Salaried,618.0593975775631,32338.194620935694,24,0.0454,1,0,0,High
43.355055024522045,63693.50648794299,Salaried,661.1280741139113,68726.52747861692,60,0.1079,0,0,0,Medium
20.0,20617.037637872352,Unemployed,578.4554367822706,3815.401724085088,48,0.1435,1,2,1,Very High
37.370520214765975,55474.78252599648,Salaried,623.6663305592739,33778.27829122781,72,0.1359,0,3,0,Very High
41.91282675857508,64535.647586761625,Salaried,654.4997130887457,42506.65681920327,60,0.1409,0,3,1,High
44.85110377899098,43981.81887285046,Salaried,659.4137602165525,47926.12832751568,84,0.209,1,1,1,Very High
29.197268479042663,76999.63128480292,Salaried,703.0502050667585,62358.50185757867,84,0.1435,0,1,1,Medium
51.54972638224824,90178.85620593601,Salaried,638.0554754622342,62689.62900735783,24,0.132,1,1,1,Very High
39.680909017419495,25642.621702282508,Salaried,632.9150648945234,1870.9163952903473,24,0.0698,0,1,1,Very High
44.23675331810476,63136.42025386029,Salaried,646.9950232586266,39478.845650136005,48,0.0625,0,0,0,High
32.24616688628002,12000.0,Salaried,619.0013040471175,3497.538179711719,72,0.0916,0,1,1,Very High
20.690324038773078,13747.501245450214,Student,634.9180600341181,8959.299027741476,48,0.0902,0,1,1,Very High
25.46233331988841,47573.1902060813,Salaried,619.184739187634,25178.077353488716,72,0.0529,1,0,1,Very High
43.26515451830958,49210.892038649705,Self-Employed,626.3704696018972,45870.91449722581,84,0.0932,0,0,1,Very High
34.102456247103525,66558.05543095862,Salaried,640.4183689384669,22285.820780329785,48,0.096,1,1,1,High
51.020974459814106,82210.33334503743,Salaried,660.8830670381525,88210.17899985773,24,0.1698,0,1,1,High
34.37407752232559,77245.3272315695,Salaried,658.1308497149271,22226.68080139619,24,0.0788,0,2,0,Medium
45.619849931764925,70601.11587897116,Salaried,712.8373121217714,45040.689192567654,60,0.1638,0,1,1,High
46.36103971379664,18716.009873911196,Unemployed,606.6170715986684,18882.04068082714,36,0.2884,0,3,1,Very High
23.04569806144525,9943.694205719126,Student,678.7506943847535,5663.631650713094,24,0.1195,2,1,1,Very High
18.0,11721.766022752068,Student,621.554213362397,6674.405016279614,72,0.0569,1,0,1,Very High
42.11039394169413,67818.38549912871,Salaried,598.3864662144614,70762.23484575353,72,0.1293,2,1,1,Very High
30.273067000954654,51023.28728588938,Salaried,593.2494592404622,11222.396708871538,24,0.022,0,0,1,High
58.74778587415799,94696.17673512519,Self-Employed,654.7858747280355,46457.187417121226,84,0.1241,2,3,1,High
32.620200385363184,62737.80003558919,Salaried,636.8589547503914,12262.70532538028,60,0.0195,1,0,1,Very High
30.131195785571,41402.56145576802,Self-Employed,697.8512042477704,38379.45783430924,24,0.0927,1,0,0,Very High
47.77176504374807,43028.082806478546,Self-Employed,624.6274180171586,48951.34253450544,84,0.1138,0,0,1,Very High
35.32666579645172,45166.63290633136,Self-Employed,704.7759896365852,28796.239838788206,48,0.1888,2,2,1,Very High
28.58376204427145,93905.63928204266,Salaried,699.63167622083,149511.74295205876,72,0.1842,0,1,1,Low
18.0,27460.24593402126,Student,605.7397169682491,8981.8646448609,60,0.0327,1,0,1,Very High
43.09263171663873,45715.82416915028,Self-Employed,709.2648514779586,24330.506539196984,24,0.0532,1,0,0,High
30.71985880852758,19660.41986216497,Unemployed,656.2420914562234,11587.63854411446,84,0.1214,2,1,1,Very High
40.361740158530644,87996.42136765912,Salaried,689.1704858439688,49322.07971495334,60,0.0561,0,0,1,High
28.237614730803294,56249.81357112211,Salaried,709.7167431340182,41712.68269327835,60,0.0992,0,1,1,Medium
30.739539021143962,50379.735016358616,Self-Employed,721.4490031480894,21065.59370448601,24,0.1418,0,1,0,Medium
21.432652714778914,25360.085607309884,Student,557.6987507667493,14136.495320634638,72,0.2432,0,3,1,Very High
34.60558605463022,110438.42219591403,Self-Employed,665.7438425042102,77171.09493841408,36,0.1324,0,1,0,Medium
53.55458818356047,46261.437975545465,Salaried,662.4665910573278,17198.861798347807,36,0.2372,0,2,1,Very High
18.0,24770.897269201872,Student,657.3975909860054,34879.30720136316,48,0.3283,0,3,1,Very High
61.53169698737481,38986.17318433759,Self-Employed,708.2040961194176,28034.70351016205,12,0.1969,0,2,1,Very High
56.83763252972733,25019.87801767662,Self-Employed,653.6318784798335,18339.283496550386,36,0.1983,0,2,1,Very High
31.159314361473136,64377.01299349634,Salaried,642.0322950449405,7380.758998508372,48,0.0115,1,0,0,High
42.23489360325462,59656.798824263446,Salaried,673.5939707699936,22832.129042250555,60,0.0633,0,1,0,Low
38.53730497242276,3281.475922913469,Unemployed,645.939334794203,1770.0620871773726,48,0.1539,1,1,1,Very High
22.200258438695847,59768.761978671966,Salaried,658.7878478489285,26380.81288977693,12,0.0691,0,1,0,Low
39.98809960396573,48630.22657863714,Salaried,672.6246714788175,7998.571812443995,84,0.0164,0,0,0,Low
34.09068617625778,28399.423065741008,Self-Employed,659.3911938604692,20044.994105150843,72,0.1331,1,1,1,Very High
36.655129965571106,63544.53332228077,Salaried,649.87111574847,38212.444237009986,84,0.0601,0,0,1,High
49.759072714947806,65198.66628372509,Self-Employed,671.8084319498203,64146.72592154342,60,0.2859,1,3,1,Very High
61.839951266215124,71016.74954226479,Salaried,635.458509996768,53976.03366546772,48,0.151,0,3,1,Very High
31.804258476489714,25327.94899970622,Student,638.3006497824634,12135.148758427244,48,0.1729,2,2,1,Very High
20.299348316309775,20664.238105446537,Student,686.8837584487409,12376.780160825012,36,0.0599,0,0,1,Very High
23.537637371837228,21304.371981199576,Unemployed,584.6129056851681,2704.1186528617754,72,0.0377,0,1,1,Very High
34.37258339124913,79158.89808043352,Salaried,644.8101734353274,111077.86088661634,24,0.1403,1,0,1,Very High
20.36329477125244,26614.60525577927,Student,608.5780681176085,15241.437426278851,36,0.1573,0,1,1,Very High
35.293552025265086,88783.29244529312,Salaried,707.8692547055026,71069.61643672032,60,0.1425,1,1,1,Very High
40.99860386988993,89189.02022657564,Salaried,776.1324907036638,60382.359812147566,12,0.1177,0,2,0,Medium
40.84446550629538,56584.08277484085,Salaried,697.3802404958913,6979.300408002186,60,0.3123,1,3,1,Very High
22.836338505234956,29867.273784254874,Student,644.2302700651554,37254.79121099558,24,0.2497,0,2,1,Very High
20.0,16393.2872808637,Unemployed,636.825018328295,8036.072440184946,60,0.049,0,0,1,Very High
46.50678637575671,68991.36864746084,Salaried,636.6871411847553,45392.5932245252,60,0.1908,0,2,1,Very High
18.090419824136152,14972.447404311339,Student,653.9534118081856,16252.722421372175,24,0.1086,0,0,1,Very High
49.061517336044375,83380.4282022711,Salaried,660.8661379386496,2715.499841610006,48,0.0658,0,1,0,Low
20.0,25371.831196208834,Unemployed,543.5253896051662,29876.83357031602,24,0.1178,0,0,1,Very High
18.217859751003598,9158.084881562947,Student,629.0038308115049,5554.466535229614,60,0.1607,0,1,1,Very High
20.731375972065567,24811.84560624707,Student,578.9491478822708,5839.558235632718,60,0.0735,0,2,1,Very High
35.29285846774391,40620.808455318176,Self-Employed,680.8142179560243,32808.282195123655,84,0.1808,2,1,1,Very High
40.538454633870984,63109.358724839396,Salaried,604.1086053793135,68894.43058702306,84,0.2342,1,2,1,Very High
38.599630363100204,61659.5500301764,Salaried,638.0194071362206,61704.26647660216,36,0.1001,1,0,1,Very High
43.029613359646085,23001.960285497553,Salaried,622.7000462908902,20007.19158857407,72,0.112,1,1,0,Very High
19.674856656195693,21171.26801765654,Student,628.9644104053672,13509.300022291685,72,0.1888,0,2,1,Very High
52.86643823017738,39403.78711646503,Self-Employed,570.1754781134323,29192.4092691463,84,0.0991,1,1,1,Very High
51.776566462432875,9672.844317300072,Unemployed,557.1167788844131,6074.879996255799,48,0.0628,0,0,1,Very High
47.57898761948219,12110.850813090181,Unemployed,595.5643331402489,9084.210443505315,84,0.175,1,1,1,Very High
20.0,10687.164258803026,Unemployed,617.4132795128584,5553.978357792781,36,0.077,0,1,1,Very High
27.34001614630248,26297.027915463073,Student,588.491114122858,1000.0,24,0.1038,0,1,1,Very High
32.72670947820543,34165.599557549365,Self-Employed,640.00041868109,42902.588259960845,36,0.1756,0,2,1,Very High
46.44748676959354,59548.316939566794,Salaried,608.8166691947315,69653.6401981997,24,0.117,0,0,1,Very High
25.319735366917136,5853.078819680071,Student,563.0536518647515,3412.0037180612508,24,0.0833,0,1,1,Very High
24.683775320373403,53045.158638861016,Self-Employed,686.9905505909552,22603.96361256099,60,0.2426,1,2,1,Very High
50.93410615767212,73059.76601407863,Salaried,637.4281274688639,20690.006697936322,36,0.0283,2,0,1,Very High
34.80971359965248,56010.33140460592,Salaried,712.4478043548028,36605.604327757,36,0.1279,0,1,1,Medium
30.06261142334381,11377.194740022363,Student,608.2871349440686,13581.512436314495,12,0.2194,1,1,1,Very High
54.392328260334885,76786.61622995937,Salaried,643.6684575187736,54228.580188633765,12,0.1331,0,1,1,Very High
40.09793794901173,65324.006705276806,Self-Employed,640.2322954271679,31729.60260639297,24,0.0986,0,2,1,Very High
19.615915486830556,8899.923839372099,Student,636.0979101015818,5906.901390110376,36,0.0664,1,0,1,Very High
60.64851617134988,57163.87120497442,Salaried,642.3808501575616,17994.178623455493,60,0.3315,0,3,1,Very High
46.35275487748293,40358.85505740359,Salaried,627.4450164182238,27599.187642968493,60,0.0684,1,0,1,Very High
31.00013697270643,72134.25278071905,Salaried,686.3950957797385,36248.61070375033,24,0.0503,1,0,1,Medium
35.685755151308825,13412.80073752255,Unemployed,683.679037214853,2118.705843265569,48,0.1408,0,2,1,Very High
55.60343123980752,48884.395248131426,Salaried,669.0828199288179,31669.732699617965,12,0.2648,0,2,1,Very High
63.0142894661057,9080.41486204639,Unemployed,651.9977925456297,6781.198801734208,36,0.0747,1,0,1,Very High
22.280503234828462,10199.948291372388,Student,535.7530817486338,12175.528739481077,48,0.3194,1,2,1,Very High
36.624408795331284,67872.56296023319,Salaried,644.4399892725038,62467.49118624486,24,0.092,0,0,1,Very High
47.21761456157222,68726.50068606071,Salaried,671.5771648265875,69422.84935052812,60,0.101,0,0,1,Low
24.925977646711104,14104.351621910831,Student,630.5570159154872,17940.196538284323,48,0.1522,0,1,1,Very High
45.84532719945939,63374.73849236744,Salaried,633.2078698702788,50793.00117966545,36,0.1426,2,1,1,Very High
18.230028421092427,13454.894331558316,Student,555.799144681579,11705.955747145244,60,0.287,0,2,1,Very High
50.87669309614295,71057.40314865092,Self-Employed,675.8278471871829,28732.76281907757,60,0.0404,2,0,0,High
46.48386761227602,62513.60333440518,Salaried,660.8702303824081,2298.2143514302497,36,0.0037,0,0,0,Medium
48.81369191327173,64592.13972741598,Salaried,627.8883683831947,36994.234906176796,36,0.0823,1,1,0,Very High
46.74617844431111,60024.47345455938,Salaried,643.9118269384264,14680.670655976322,84,0.087,1,1,1,Very High
50.30190381619317,19674.46568864966,Unemployed,637.4795803639482,3034.6389744878443,36,0.0154,0,0,1,Very High
33.435041864236375,101434.38158415377,Self-Employed,654.0980361718375,60696.29281672589,24,0.1098,2,2,1,Very High
42.347978655850234,74722.86936554947,Salaried,677.08833442735,36868.35900658067,48,0.0493,2,0,0,High
30.22533775648769,39852.3505003726,Salaried,673.8133101377966,26547.540237042216,12,0.1166,0,2,1,High
44.25211470256557,18297.32096720872,Unemployed,597.5318828157936,15212.500686396299,60,0.0831,1,0,1,Very High
36.072743810077384,58705.34858428669,Salaried,656.453612371088,45045.749726881964,48,0.1392,1,1,1,High
64.382365117749,50531.225750755846,Self-Employed,592.4791310282086,35319.600019353325,72,0.1699,1,1,1,Very High
28.892710410420364,69985.61112315067,Salaried,625.192469107074,61183.06550632025,24,0.1374,0,2,1,Very High
33.23716320628506,62227.57318070832,Self-Employed,678.1643004789563,63958.407700015276,12,0.2278,1,2,1,Very High
43.1404615998006,69662.59312325226,Salaried,608.2131467625835,24763.478952256657,48,0.0855,0,2,0,Very High
34.2016552617246,17421.989122951003,Unemployed,587.708089425008,29203.159740596544,72,0.2926,1,2,1,Very High
41.737079547033844,24719.299878392554,Self-Employed,576.3860882171514,16294.89038219107,60,0.1159,1,2,1,Very High
30.241415526470234,8130.586728074377,Student,627.6597478762455,3459.302972227896,24,0.0425,2,0,1,Very High
42.82855483825461,73269.81560649321,Self-Employed,657.6335896724452,64306.78714720289,84,0.0878,2,0,1,Very High
31.32456173418567,17732.370072466965,Student,607.0202693072174,6347.16171340973,36,0.0358,0,0,1,Very High
23.506797272152806,20001.467482931876,Student,635.5731378433658,21726.517038322367,72,0.1711,0,1,1,Very High
55.184327672594584,19260.942463817482,Unemployed,600.2152720752346,17847.02084371739,84,0.2177,1,2,1,Very High
34.05030403134177,82270.91015462334,Salaried,704.8182490302806,96534.35470107541,36,0.1798,0,1,1,Very High
43.89592767368435,75902.52843573419,Self-Employed,635.4588668558146,1000.0,24,0.0013,0,0,1,High
51.865746738920116,80277.7573017499,Self-Employed,645.3969829356649,73214.84137119187,84,0.1162,1,1,1,Very High
27.073564311464565,11405.484178454743,Student,604.3866214513482,2350.0852458573554,72,0.0831,0,1,1,Very High
41.895565129653,67391.88865541483,Salaried,659.4121536179612,3688.925143929793,84,0.068,1,1,0,High
44.60747775582303,71169.21471555249,Self-Employed,643.4665630277653,52748.85203985727,72,0.1741,2,1,1,Very High
46.834466879476686,71060.96565865434,Salaried,680.3278446244444,66970.4509772138,60,0.0942,0,0,0,Medium
50.094859074189166,71354.09486442129,Salaried,668.0097437495219,40377.50275677604,60,0.0566,0,0,1,Medium
24.588826787330937,19199.313317380307,Student,572.5069676499086,9045.817623099152,48,0.1096,1,1,1,Very High
20.84556936980773,12302.806119509109,Student,599.9902149942072,5326.266848684689,36,0.1433,0,4,1,Very High
37.228522033742614,75924.65215559537,Salaried,650.9252518447553,81092.58884294852,36,0.1068,0,0,1,Medium
23.721123958678497,34699.82742732625,Student,598.3601994271556,33060.365063660676,48,0.0953,0,0,1,Very High
30.569438030171618,44187.982903169905,Salaried,598.0366777626605,75367.55280271123,24,0.2331,0,1,1,Very High
21.838734056727404,23266.521454056867,Student,684.8757213868922,13021.30549339832,24,0.056,1,0,1,Very High
46.06138617606409,63587.65810909847,Salaried,677.0409898900978,46293.390157900016,60,0.0728,1,0,1,Very High
51.30420959863547,16979.643078156667,Self-Employed,655.8435506308308,4000.8115514621795,60,0.2111,1,3,1,Very High
42.71958243339301,57930.50575942161,Self-Employed,642.0732583690547,48384.994576374505,48,0.1335,0,2,0,Very High
53.95159151786078,17897.22292730009,Unemployed,617.8587218232852,18088.457991840136,36,0.2261,1,2,1,Very High
44.49308375030332,79258.36026332437,Self-Employed,669.2143032318362,26583.820792961014,24,0.2835,1,4,1,Very High
23.4338924845735,29766.088754860783,Student,557.5044458600262,8063.782733067962,48,0.0271,0,0,1,Very High
44.26009771434514,64815.62858002154,Self-Employed,707.6728366026699,32592.73081156996,24,0.0503,1,0,0,High
39.38229522555829,29413.069697801002,Self-Employed,636.2226789502337,1000.0,24,0.0034,1,0,0,Very High
24.432526922305954,27438.503932281485,Student,631.1225172097057,28840.633820455805,24,0.2926,1,3,1,Very High
38.30519833086286,39841.61109603105,Salaried,655.0792240396745,7101.4213630317845,72,0.0178,1,0,0,High
46.46288861080968,60610.43862022749,Salaried,614.7444886463655,32724.78268768624,24,0.179,2,2,1,Very High
22.674634646667077,19894.311848252946,Student,581.4840519568328,6685.435422540072,12,0.0336,1,0,1,Very High
51.5680057177798,63587.30814271001,Self-Employed,676.991540718536,70391.3593425603,12,0.3107,0,2,1,Very High
46.03602842719983,70955.04883165297,Salaried,629.1448931679543,49819.94407341308,72,0.1952,0,2,1,Very High
52.86578777111596,70133.88998086171,Salaried,690.2154956313428,42488.7072580302,72,0.1856,0,2,1,Very High
36.0142529600139,25103.72940495151,Unemployed,610.433229116739,11648.031532462774,60,0.1464,1,1,1,Very High
27.107123476806976,6424.261436892111,Unemployed,542.0468449639021,1992.3557304093483,24,0.231,1,2,1,Very High
24.268020897703316,7772.654020804687,Unemployed,599.8006764647519,1371.8401369274275,24,0.0176,1,0,1,Very High
24.81050113704581,19859.988998886023,Unemployed,624.2927015596838,9972.15628776493,24,0.1002,0,2,1,Very High
44.03894230340455,102079.98646175655,Salaried,641.5894712662243,1000.0,36,0.001,1,0,1,High
35.2865224962529,16122.090776682546,Unemployed,603.4786093484947,14323.004571230953,36,0.0888,0,0,1,Very High
33.1042074782304,73491.20814035292,Salaried,694.0271224931926,16819.464843820428,84,0.0229,2,0,0,High
30.572574762711504,9964.128944350297,Student,646.9462347365608,6582.082286428782,36,0.0661,0,0,1,Very High
59.97017013365715,15926.425544818709,Unemployed,619.3503032667479,13918.124160430953,60,0.1499,1,1,0,Very High
35.10683005012551,45689.07663014566,Self-Employed,718.4212338306769,49733.832903356415,60,0.2089,0,1,1,Very High
20.71886663275054,17682.548493707196,Student,638.7641888635034,7614.648171337315,36,0.0431,0,0,1,Very High
23.620423837138375,11337.009307820057,Student,568.6410737131272,7301.624789223837,36,0.0644,0,0,1,Very High
29.18092860678624,16435.021353538494,Student,626.679043862053,8845.851981317483,48,0.0538,0,0,1,Very High
39.65399655673135,38483.767475409484,Salaried,650.0190599277098,20306.597648713338,60,0.1028,0,2,1,Medium
39.99981526246448,84383.17276646296,Salaried,714.1954992820752,63034.80489172599,24,0.0747,0,0,0,Medium
45.95153573100044,55851.44054001065,Self-Employed,647.1371906859931,38803.7040379446,84,0.0695,1,0,1,Very High
29.875883646330383,55406.13706137418,Salaried,685.375619360977,52958.2815261829,36,0.1956,1,1,1,Very High
36.14147323823357,85160.98224106713,Self-Employed,653.1946958950623,73700.5417160458,24,0.2115,0,2,1,Very High
37.427442613990316,68125.28863076422,Salaried,698.3828858580587,99660.26966378576,72,0.1463,0,0,1,High
50.88683583166464,75509.27371709613,Salaried,677.686944121183,64512.46958464654,36,0.2729,2,3,1,Very High
40.567883506727064,83555.74213479261,Salaried,667.7915518709694,63976.0053637606,48,0.2016,0,2,1,High
26.975538413911696,19669.32719171186,Student,646.1092016917192,8810.050834415017,60,0.0448,2,0,1,Very High
43.59063180384352,79039.03809009909,Salaried,681.3625095899687,43284.898757493705,36,0.2548,1,2,1,Very High
23.0,47443.370183163075,Self-Employed,651.8485976306574,25739.101916999185,60,0.2418,2,3,1,Very High
29.977574515466102,62810.381807858656,Salaried,698.366144300692,88679.25111191299,84,0.1412,0,0,1,High
25.47648483926344,24097.406565206846,Unemployed,555.4790256404552,14840.106316866362,48,0.1116,2,2,1,Very High
37.358371051083715,32071.52463767084,Salaried,698.0562064280105,30967.582820539283,84,0.3466,1,4,1,Very High
37.203536925249495,16991.254563655046,Unemployed,572.5987839019806,14417.357589911495,12,0.1099,0,1,1,Very High
47.42224115737744,3000.0,Unemployed,621.1009012498105,1794.205296441679,60,0.1223,0,1,1,Very High
21.75606850908113,21713.38921303908,Student,661.9161089066353,14651.530714217954,48,0.0675,1,0,0,Very High
42.14750207907094,52178.325484072586,Salaried,627.2856205182246,53405.85596445136,24,0.1649,2,1,1,Very High
40.617144361656365,6490.302491375971,Unemployed,661.6576147083688,7997.336724320205,48,0.1232,0,0,1,Very High
54.15167335610471,51071.802226395164,Salaried,595.8146487003839,35320.964929630245,48,0.0942,0,1,1,High
25.816052531393957,10543.638811793615,Student,617.7956720976954,6511.027432093649,24,0.0618,0,0,1,Very High
49.41968942967124,69524.1844531092,Salaried,641.5095099021835,21102.878400889727,48,0.0804,0,2,1,High
41.68440597987142,20586.49201092115,Self-Employed,617.7587566748864,20287.06661229649,36,0.3485,0,4,1,Very High
20.0,14309.047296671522,Unemployed,635.4238209452777,24898.7595680211,24,0.199,0,1,1,Very High
24.221981472794933,7073.4051228212975,Student,595.7288597994802,2437.907619730657,48,0.0595,0,1,1,Very High
46.08407912387653,53359.34427958617,Self-Employed,688.0582242736336,46880.45018709243,36,0.3879,0,3,0,Very High
47.5667985978226,43618.5208116601,Self-Employed,683.9972459290739,34996.9115811913,36,0.0802,1,0,1,Very High
26.91409087032175,22778.429079453337,Student,560.075842409793,9572.830651789704,72,0.642,0,6,1,Very High
52.020970023608626,7690.556943841848,Unemployed,574.7811518359972,3643.8998186526906,84,0.1724,1,2,1,Very High
34.25984931240571,68137.08853969925,Salaried,640.5566844109559,39506.338467213485,60,0.058,0,0,0,Medium
42.76623714618368,13340.339128172294,Salaried,647.712069707435,9297.792915071046,72,0.0697,0,0,1,Very High
42.242972606456426,77452.04339048584,Self-Employed,706.8093083669465,44525.153360596196,48,0.1575,0,1,1,Medium
34.030421582516055,52155.75868680717,Salaried,731.5358605002675,84970.66598620304,48,0.1879,0,1,1,Very High
27.87918137538074,30797.044633424495,Self-Employed,682.9904928969822,1000.0,48,0.0032,0,0,1,High
20.180813166992472,24906.555124120026,Student,639.4077015201404,4908.765937218531,36,0.2072,2,3,1,Very High
61.68588180465048,3000.0,Unemployed,590.6576480689783,2584.3302888905955,72,0.1861,2,4,1,Very High
19.01988615561772,25067.539208083726,Student,621.63721767317,14817.897779428948,60,0.1841,0,2,1,Very High
41.60905280824119,21098.336398801755,Unemployed,683.9716733190402,14222.85601945339,60,0.1299,0,1,1,Very High
49.34556139638488,45803.72705978519,Self-Employed,693.217755843783,23003.20851428304,24,0.1502,1,4,1,Very High
46.146634291605686,24360.284240512392,Self-Employed,694.27984686044,26887.258116746496,84,0.1104,1,0,1,Very High
27.320695835695012,82262.49576551163,Self-Employed,711.120760434676,66412.0266785098,24,0.2057,0,2,1,Very High
34.805478875591795,60137.190928246106,Salaried,619.9669725860888,61385.59515870098,48,0.2021,0,1,1,Very High
27.245119562379095,18768.736494630193,Student,649.8490891962374,4861.504701526295,24,0.1509,1,2,1,Very High
34.51475024647359,26833.80052413779,Self-Employed,624.4041557527838,22627.898561051214,72,0.1343,1,2,1,Very High
25.438746171135847,26215.894795375632,Student,618.8249004921744,9431.200452157143,60,0.061,2,1,1,Very High
39.44421234523776,68386.22784785088,Salaried,658.4626512563774,82539.01698915692,36,0.1707,2,2,1,Very High
45.47860923454973,83698.52965687301,Salaried,644.2704912065416,86704.3388196788,84,0.1036,1,0,1,Very High
57.39793537420716,42546.864749524175,Self-Employed,709.4442757949962,41888.2013731473,36,0.161,0,1,1,Very High
28.240218043559395,18335.0702986001,Student,640.5688182089756,9201.724658136965,24,0.1752,1,2,1,Very High
41.50015697132317,61527.250135444454,Self-Employed,694.8012736709825,35445.70713748993,48,0.0576,0,0,0,Low
21.86351705309613,17378.776217261744,Student,659.0037325339578,6896.926927719655,60,0.0647,0,1,1,Very High
28.06363477185066,90622.88451588342,Salaried,686.1105607338795,44475.832261374875,12,0.1116,1,1,0,Medium
33.17039526069137,61292.18477584966,Self-Employed,731.2258415122925,25636.78450841805,60,0.1168,1,3,1,Very High
27.38898496782887,10814.163933484153,Student,605.123448319054,6675.474295221271,60,0.1117,0,2,1,Very High
48.01758473403675,19402.118250531097,Self-Employed,638.6602545126129,4936.544381593436,36,0.1504,0,2,1,Very High
48.11525577802058,5420.651315406783,Unemployed,616.2250205278889,2041.8668177469394,72,0.3377,1,3,1,Very High
21.027310055009572,18246.71065061107,Student,600.3859058241359,7230.152774415408,36,0.1396,0,1,1,Very High
46.96807195968538,56448.85099519911,Salaried,680.5644933951652,20728.636379779844,84,0.2367,1,2,0,Very High
43.36398236005843,28466.341318578176,Unemployed,500.6766607294909,14178.625030558182,84,0.0748,0,1,1,Very High
22.0,59973.373574971156,Salaried,648.7442581059079,17463.466092693037,84,0.0291,0,0,1,High
52.995283447187944,5120.427821465595,Unemployed,704.9512038956866,1000.0,84,0.1445,0,2,1,Very High
23.75282358716876,84629.9286525432,Salaried,626.7418687035689,46595.092153155354,60,0.1051,0,2,1,Very High
29.949500033113296,22434.887943941852,Student,553.6655097706335,16400.60422017762,84,0.0731,2,0,1,Very High
23.46713409001484,16176.100076639199,Student,609.7797522376512,14256.084741864137,84,0.1506,0,1,1,Very High
46.0788730179074,72046.33217676078,Salaried,669.9618622298302,52703.22016226212,36,0.0732,0,0,1,Low
24.4069029160398,3000.0,Unemployed,667.8961076331775,1000.0,36,0.0333,0,0,0,Very High
30.14629472060094,90179.27831286976,Salaried,683.7961715279381,71753.41566904102,84,0.0796,0,0,1,Medium
53.94312250469689,43559.156830671986,Salaried,627.0049405693314,36492.7306107353,36,0.2713,1,3,1,Very High
53.345676482036964,19646.923053183935,Unemployed,610.3280858474888,10536.532556288978,60,0.0536,0,0,1,Very High
25.354042433369976,24262.973116829646,Unemployed,665.9742309498146,38513.07633519263,72,0.2837,0,2,1,Very High
51.152656599486505,8481.164705503576,Unemployed,609.1454352123566,4786.437952429126,24,0.1564,2,1,1,Very High
43.88834559364416,16002.58699035754,Unemployed,588.2790582518784,18100.147378490656,60,0.1131,1,0,1,Very High
48.23181441018886,94487.32255474641,Salaried,708.2491698961707,81795.48443607724,60,0.1366,0,2,1,Low
34.05551661710598,89129.81404237513,Self-Employed,728.0393451911316,58697.876409052245,48,0.0909,2,1,1,Very High
24.886643919017718,93032.4679969027,Self-Employed,563.0899360270499,66073.0517489527,48,0.071,1,0,1,Very High
52.855044756375214,62296.92785935168,Salaried,685.2857732193138,25466.29289988475,60,0.0409,0,0,0,Medium
35.80530943555407,73647.06834302262,Salaried,653.4366072794325,47590.867786306095,60,0.1896,0,2,1,High
44.826609084224714,94363.17671544036,Salaried,656.0536673618547,95866.78657277476,36,0.1016,0,0,0,Low
22.177655004857495,5000.0,Student,656.0890037942028,3505.156950735521,60,0.1326,0,1,1,Very High
39.460323621125696,63087.4478047269,Self-Employed,673.5124799280176,67653.52923104227,60,0.1697,0,1,1,High
27.065594573320826,14502.477827458815,Unemployed,641.5853834186611,8571.535041139436,36,0.1091,0,2,1,Very High
42.40434778227112,71761.76456004905,Salaried,634.4639489087648,63878.551752120424,24,0.289,0,2,1,Very High
55.524337907962305,54533.63998267835,Salaried,670.7954701110573,24924.287630228588,72,0.0457,0,0,0,Low
40.747426755978594,44068.71606424064,Salaried,677.7753162836183,46939.53950386794,72,0.294,0,3,1,Very High
43.400851497210716,58866.35530005829,Self-Employed,703.8121843136529,30620.47021284711,24,0.052,0,0,1,High
24.68497961041564,49032.19249847531,Self-Employed,591.2802569623033,12614.58192070364,12,0.0882,1,1,1,Very High
38.28570483823797,69342.1081970613,Self-Employed,654.7055280933848,56813.45601540365,48,0.3819,0,3,1,Very High
21.80142732637895,18049.019261761827,Student,571.5269853667352,17206.726154470787,84,0.1578,0,1,1,Very High
22.6046638753025,23036.694444933823,Student,594.0686521748767,21968.874978739666,48,0.0954,0,0,1,Very High
56.70339333828697,90466.1428328564,Salaried,612.9317030854868,130892.36413394738,60,0.2072,1,1,1,Very High
23.38256586638937,25864.32416486274,Student,666.5078215892378,24469.566149908813,48,0.0946,2,0,1,Very High
26.050386454691694,5000.0,Student,612.0188471810853,1382.7534025114235,72,0.0902,0,1,1,Very High
46.52791656831963,76506.94663615139,Salaried,674.543864983084,34299.09221143263,60,0.1698,0,2,1,Very High
48.18392585524354,41611.757084927885,Self-Employed,650.5945222823065,12847.883925870508,84,0.0559,0,1,0,Very High
34.554949791277025,69729.76418666344,Salaried,633.9832328051381,88018.33060612142,60,0.1262,1,0,1,Very High
32.82887251807232,18748.76200401727,Self-Employed,612.0554695272702,14212.45604756995,24,0.0758,0,0,1,Very High
53.926529047160074,18057.028500958106,Unemployed,570.833171843674,6491.51727466038,12,0.036,0,0,1,Very High
20.267053322828026,9057.582597561368,Student,624.2822882426898,8063.537684837727,24,0.214,0,2,1,Very High
24.803038719314284,20894.786472552027,Student,611.9809628636162,20802.215154453337,24,0.0996,1,0,1,Very High
30.726563628082502,93697.32077648942,Salaried,679.4241858566659,79411.7657254262,60,0.1098,0,1,1,Medium
28.279473091642274,18837.11659403319,Student,577.702378504679,10680.446131910508,24,0.0567,0,0,1,Very High
62.36683363081946,11206.781176288176,Unemployed,627.4549210262654,11589.077022724714,72,0.1534,0,2,1,Very High
44.94091629503179,50376.867057375595,Self-Employed,618.094397672517,40816.57713491059,48,0.081,0,0,1,Very High
23.31523618202459,65014.71217183282,Self-Employed,664.657984708782,10504.461443956036,36,0.2037,2,3,1,Very High
59.06518881320103,10884.806408537235,Unemployed,591.3266779638669,8346.653287427991,60,0.0767,0,0,1,Very High
33.81724465391859,66536.68035796918,Salaried,591.9273701047239,101055.27689069184,24,0.4019,1,4,1,Very High
44.55162086167333,52896.62345632952,Salaried,666.9632901660002,46009.2325876683,72,0.287,0,2,1,Very High
27.246283005501233,11245.703331618646,Student,645.9228181617543,4587.0215196710615,36,0.1408,3,1,1,Very High
39.5412103989979,60094.51095266599,Self-Employed,650.3710853481167,60425.8789495497,60,0.1506,0,2,1,Very High
35.76223328869511,3000.0,Unemployed,633.5363681214892,1430.5638182221635,36,0.0477,2,0,1,Very High
46.53146567068469,71432.41404041662,Salaried,654.3586088350477,61338.41468982599,60,0.2734,0,3,0,Very High
64.67817319524349,50028.31396497122,Salaried,703.6346727285761,14335.378350955776,48,0.0787,1,2,1,Medium
35.72404828673931,24208.75161915509,Unemployed,612.0609861918978,5666.028358020663,36,0.1484,1,2,1,Very High
45.4069225227245,73125.66558523184,Salaried,708.7290552090509,28466.682955390366,48,0.1014,1,1,0,High
32.407945106979334,19704.800205675056,Unemployed,635.2442888042993,11977.307857415612,48,0.1233,0,1,1,Very High
20.28565756647328,20924.075451267945,Student,696.5122099394943,16120.556690994244,84,0.177,1,1,1,Very High
18.0,8503.43658900504,Student,602.1409216800525,1000.0,12,0.1368,0,2,1,Very High
29.074424494715686,27641.312818064966,Student,570.0296841339361,4210.685692400548,36,0.0652,1,2,1,Very High
49.94677187118701,73277.09474424939,Self-Employed,660.1679711747618,52914.099374241945,36,0.0972,1,1,0,Very High
49.22484164009701,99691.65441633851,Salaried,746.8460890340741,80820.83256275844,60,0.1061,3,1,1,Very High
40.14085554446832,10783.265640496802,Unemployed,618.7219664879794,10141.532919213132,60,0.144,0,2,0,Very High
48.420800176815185,46292.864039265056,Salaried,673.9790176623337,40105.76845576845,48,0.0866,2,0,1,Very High
52.23949070328546,27213.517622656138,Self-Employed,644.4029557509275,24665.388602189185,72,0.1531,0,1,1,Very High
37.10314199056428,86035.76149018147,Salaried,620.6154539850814,71414.15012644193,12,0.2705,0,3,1,Very High
36.26297783621369,88129.39502394653,Salaried,656.8824671994263,47076.02393719382,24,0.0784,1,1,0,Medium
48.42829682885329,27322.079185990755,Salaried,595.8864007165529,21067.3224943475,36,0.0771,0,0,1,Very High
38.89845613786977,47154.47756643386,Salaried,697.570107903108,40014.26686323349,48,0.3349,1,4,1,Very High
29.47286173450051,54517.50223183372,Salaried,645.4707933071734,31790.842700719604,48,0.1208,2,1,1,Very High
21.940912916381066,14652.919443072613,Student,647.474947902557,6187.535130550787,24,0.2922,0,4,1,Very High
33.21047337300086,88760.09119332074,Self-Employed,641.158380479015,112859.47348081226,48,0.1272,1,0,1,Very High
26.27670840504303,54143.65284084009,Salaried,625.2679426454831,53821.73733733737,84,0.0994,0,0,1,Very High
32.11313457507113,68930.92508559952,Salaried,653.7580322877662,94777.39319412516,12,0.1375,0,0,1,Medium
42.038065605361375,102205.6651915148,Self-Employed,631.479015865352,89883.00675759911,36,0.1129,0,1,1,Very High
38.12664179792739,51547.023074515426,Salaried,660.9854180296926,50254.4032762681,12,0.285,0,3,1,Very High
25.517810767538624,10588.492105613514,Student,606.3939896308121,3701.607131709361,60,0.06,1,1,1,Very High
38.565690706599234,64680.40208615484,Salaried,645.8358529336729,22117.754676606783,48,0.0342,1,0,1,Very High
39.59510561340764,13236.149667806352,Unemployed,580.0500121998774,9899.822922089275,24,0.1748,2,1,1,Very High
39.12238816734217,18375.97295425614,Salaried,678.8844071583673,20068.21886506171,36,0.1342,1,1,1,Very High
31.055000542795064,87516.5763539111,Salaried,628.8820277043747,94475.40753109871,84,0.108,0,0,1,Very High
26.988797877260946,11725.261422567204,Student,567.9703956150273,5834.252208121455,36,0.0498,1,0,1,Very High
43.475873616567185,8906.997110317721,Unemployed,639.4665676109695,6909.964470717728,24,0.2651,1,3,1,Very High
34.265796910611,61715.457766609645,Salaried,660.7799957584833,1937.216056577694,24,0.1281,1,2,0,Medium
37.85610980177954,57703.21280900054,Self-Employed,655.9267381716014,55882.78108977027,60,0.1468,0,2,1,Very High
18.0,17219.905268092414,Student,551.803347476788,13624.590731795148,84,0.2791,3,2,1,Very High
37.71001944827313,88007.36831623288,Salaried,603.0177453213915,27924.330805756297,72,0.0317,0,0,1,High
39.106796366722044,37695.50389968299,Self-Employed,635.2738434045574,18800.554247799595,48,0.1499,1,1,1,Very High
29.122962016324525,17490.78886445638,Student,665.1179243754424,8753.022744926699,60,0.05,0,0,1,Very High
24.11694508706754,20532.211724800574,Student,530.0839044464208,20998.018007521943,72,0.2023,0,1,1,Very High
22.030922482461698,56178.759735808475,Salaried,623.7222786595374,17226.06790244831,72,0.1307,0,1,0,Medium
51.835666246453414,26197.385261981166,Unemployed,688.4876073390049,18589.536468294536,24,0.121,0,2,1,Very High
38.031295375765495,3896.165895229755,Unemployed,625.8720975501092,2310.988651174016,36,0.1218,2,1,1,Very High
27.24008365240948,72450.06179747666,Salaried,739.9140809942628,75454.55974567062,36,0.2291,2,2,1,Very High
47.709681787827314,33284.293096802954,Self-Employed,677.225939661063,19949.709251337004,72,0.1849,0,2,0,Very High
18.0,24724.80782780073,Student,619.8504433357201,30080.972790417276,24,0.1842,0,1,1,Very High
36.73198564322503,14766.68482769494,Unemployed,638.510682411371,19764.097820394814,60,0.1838,1,2,1,Very High
28.850569371105596,22119.55277657526,Student,584.580213782645,1000.0,84,0.0045,1,0,1,Very High
49.85616674021263,21038.548662474208,Self-Employed,661.8152962541686,22983.490159060908,36,0.1342,1,1,1,Very High
22.45065582813422,7548.056504811226,Student,609.6825991177601,7842.073800175993,24,0.1039,1,0,1,Very High
39.29141340006522,49981.57258988518,Salaried,589.6514832571318,12972.32056041889,84,0.051,0,1,0,High
32.49854091820821,84990.13690628242,Salaried,716.5067245099149,75428.86594579447,60,0.1513,0,1,1,Very High
25.498413110952384,22370.664672989853,Student,630.6302403412517,4761.865022023149,24,0.0838,0,1,1,Very High
29.178694995387033,14539.376752494709,Unemployed,619.168368472684,12295.100740619051,24,0.1471,1,1,1,Very High
30.825687092938303,22473.267837366635,Student,638.1350282099015,19248.437601556136,24,0.0857,1,0,1,Very High
47.64977849574,58236.01526390125,Salaried,589.774794823277,12262.255689761183,84,0.0711,0,2,0,Very High
41.660805877144526,15749.560435557589,Unemployed,601.7918995019522,2598.1081013992707,12,0.0915,0,3,1,Very High
45.17238867310223,20222.498960437897,Self-Employed,686.3655714251805,10411.412325916197,24,0.1015,0,2,1,Very High
26.838950265333608,29526.987103359035,Student,595.7914436799585,26930.368071202927,60,0.2162,0,2,1,Very High
23.173358744629496,11775.736341249682,Student,669.0088091596712,3307.525629145443,36,0.1531,0,2,1,Very High
36.91835205928554,67081.84650999452,Salaried,581.4074218677954,28640.553314983386,60,0.1677,0,2,1,Very High
36.20654756820902,104165.5464386022,Salaried,631.759634083794,82785.63547263676,36,0.142,0,1,1,High
33.888101776334295,78161.1616151349,Salaried,607.5364033823265,91319.78182726014,36,0.1793,2,1,1,Very High
46.433114598965474,37174.08320251776,Salaried,660.6595471312255,27589.549306594687,60,0.2617,0,3,1,Very High
44.924439949402576,21460.748402805686,Salaried,677.0322776056655,20974.567769214253,48,0.2227,0,2,1,Very High
21.271841841956878,34554.96921303111,Student,699.4829461860154,27234.509182029833,12,0.2663,0,3,1,Very High
45.091741543423396,50108.215614936606,Salaried,646.2006166126754,38541.86268174174,60,0.1769,0,1,1,Very High
35.167138305426846,21842.1938605202,Unemployed,582.3850147937718,7209.034531772746,48,0.033,0,0,1,Very High
18.03927561618134,5000.0,Student,614.1967388577201,3641.609646082065,72,0.2728,1,2,1,Very High
20.0,12426.79781435553,Unemployed,617.711165514436,9066.24863573995,84,0.173,0,1,1,Very High
22.5726910563016,28963.75717925062,Student,654.5310640338834,14268.837633618996,48,0.1493,1,1,1,Very High
45.806909557932194,87501.06979375231,Salaried,730.2931805000328,21938.60872622601,24,0.1251,0,1,1,Medium
28.26732750460237,51668.648517980415,Salaried,651.2081568759079,35947.93660054514,36,0.1696,0,1,1,Very High
40.84238872214421,14010.782132018096,Unemployed,550.7819079724879,11301.010467900574,24,0.0807,1,0,1,Very High
21.698584812038963,20837.763328288598,Student,647.2729843092379,14878.016208219495,36,0.0714,1,0,1,Very High
18.0,26427.97501249198,Student,606.6179480419934,14053.72629802479,24,0.1157,0,1,1,Very High
48.596066054764734,53872.87944193032,Salaried,646.5567059523988,37261.927463162916,24,0.1692,0,1,1,Very High
22.0,42664.62101813166,Salaried,787.5750400791187,1000.0,36,0.0273,1,1,0,Low
41.415361705544534,63579.09434769625,Self-Employed,638.9374638817008,52110.458312594565,48,0.132,0,2,1,Very High
19.425241960239678,5000.0,Student,702.0090200893711,6791.755088072397,60,0.1983,1,1,1,Very High
18.29097204220907,20979.37616492784,Student,671.9033235915081,11348.547030511734,24,0.0541,1,0,1,Very High
48.73531750033303,14759.741265079632,Self-Employed,704.7534011398586,5975.165034967256,60,0.103,1,1,1,High
41.98525989476293,17819.56758409203,Unemployed,576.9630106795599,12956.60481440062,48,0.0977,0,1,1,Very High
40.70958191944463,66700.41692063319,Salaried,705.2209731634985,11345.792666705653,12,0.017,0,0,0,Medium
25.44119346234197,77981.23761117784,Salaried,711.787451136991,72688.9676079524,36,0.1557,2,1,1,Very High
48.89076585849676,57741.71488642485,Self-Employed,640.0287052378645,34345.85097935837,24,0.1845,2,2,1,Very High
46.78129170738242,12091.227040390382,Unemployed,674.3113041097336,5214.1915124459365,24,0.0431,0,0,1,Very High
44.89856750084357,31683.477084671234,Unemployed,586.2136853787532,26901.42309543246,24,0.1099,0,1,1,Very High
46.877980079159556,74077.54434884092,Salaried,683.0445970175119,56290.07873801364,84,0.1385,1,1,1,Very High
59.108591196652846,56412.57880702457,Self-Employed,651.2900034957454,42212.13017428691,36,0.0748,0,0,1,High
50.48775314553403,51074.58145204509,Salaried,705.1725364770251,66016.8669143934,72,0.3293,1,2,1,Very High
39.525979537776266,49713.46560597623,Salaried,647.6563581948229,16448.85902020885,48,0.1581,0,2,1,Very High
31.555016857639185,22965.601359285745,Student,589.7616002379128,32749.671044786173,60,0.1426,0,0,1,Very High
48.19727313564937,44794.88870917952,Self-Employed,670.8266836212044,1000.0,36,0.0647,0,1,0,Medium
30.665343595112912,79148.66552854168,Salaried,615.8314344420769,45423.093674809454,12,0.0824,0,1,1,High
31.119724246821534,35017.89612057491,Self-Employed,727.4356249699038,25741.713203956355,24,0.0735,0,0,1,High
19.22441537165248,26669.09894675146,Student,665.3755511403565,17563.754534786036,60,0.0659,0,0,1,Very High
24.67160013444741,20577.486904474776,Unemployed,608.5579682768292,10926.396078354013,36,0.1781,0,2,1,Very High
27.19270463863468,38979.4165540394,Salaried,703.9922118011369,16973.893122537447,60,0.1685,1,2,1,Very High
41.01357760849813,21727.53727544471,Unemployed,616.3201390884428,5648.032448718451,72,0.051,0,1,1,Very High
38.965595766217284,66961.00612031852,Salaried,655.7328454656473,95804.74181576827,72,0.2056,0,1,1,Very High
22.0,79037.4128159676,Salaried,584.437510540855,44184.67676528648,60,0.0809,0,1,1,High
19.286806085874336,10638.097121848885,Student,615.6231427623483,5575.863886281655,72,0.1524,0,1,1,Very High
44.15613656412304,83556.34453019466,Salaried,687.3744763264791,32794.83152538366,72,0.1642,0,2,0,Very High
18.14921189310671,5000.0,Student,597.0698861062147,1360.8216277280621,48,0.0272,0,0,1,Very High
52.428701902291806,3000.0,Unemployed,635.9484486841861,2149.7290179433844,24,0.1342,0,1,1,Very High
22.170420919147652,15249.399862329194,Student,599.2575713502514,3712.5953739944457,24,0.0243,0,0,1,Very High
51.1383320265431,85801.27280197325,Salaried,619.6110414657481,1000.0,84,0.0637,1,1,1,Very High
32.646626810647945,103529.00817531391,Salaried,705.0153354639789,1000.0,48,0.026,0,1,0,Low
39.52944859967297,58608.64025131214,Self-Employed,650.1019725660269,65981.83299530737,48,0.1751,1,1,1,Very High
50.488746131008675,88328.33920451101,Salaried,652.2237199443291,96910.33056417736,72,0.1722,0,1,1,Very High
22.636684663143328,25078.696817625816,Student,592.8283442514044,18660.91815011127,84,0.1744,0,1,1,Very High
42.7450234359942,52368.92887405589,Salaried,692.7620168899897,53118.05112611953,24,0.2014,1,1,1,Very High
50.58262857140913,62524.42924146749,Salaried,633.5527784490702,26779.71871899113,60,0.1678,0,2,1,Very High
40.26357496713949,24931.40203416789,Unemployed,606.2235030085246,33413.92748392121,48,0.134,2,0,1,Very High
44.1352382601119,42963.112429161396,Self-Employed,671.1663592038107,17956.4369500422,24,0.1043,0,1,1,High
39.84703794980174,15599.642391501937,Unemployed,559.5672441141855,6295.044655526402,60,0.0904,0,2,1,Very High
35.82797880287019,52461.48487385219,Salaried,745.7328634638541,34388.05531747642,48,0.128,0,1,0,Medium
22.892136323117146,10452.122047370212,Unemployed,629.9118259884228,9377.51082816559,84,0.0897,0,0,1,Very High
44.25879363801606,63548.503206784095,Self-Employed,669.6199572083601,38777.99756313611,24,0.1235,0,1,1,Medium
24.161175877983418,50770.061982247185,Salaried,621.556632428445,67530.49666805725,72,0.133,1,0,1,Very High
28.85116493843517,55125.666171374476,Salaried,656.6014803815724,23695.64966871912,24,0.143,0,1,0,Low
32.36467439429079,58158.08645231011,Salaried,654.1108129185959,18938.003164556576,60,0.0951,0,1,0,Low
45.096292009191785,17861.449489626884,Unemployed,551.5314699413002,9212.441112875522,60,0.1266,0,3,1,Very High
25.668241179681058,13013.3992162192,Student,626.8708635665746,8902.088540364763,60,0.2684,1,2,1,Very High
44.193401339354544,76813.14552173177,Salaried,744.345316545915,18308.239353973575,24,0.0488,0,1,0,Low
37.885668350379106,64637.489997520206,Salaried,680.3617928633861,50857.515702481876,48,0.0787,0,0,1,High
29.625446738762285,21691.40242933674,Unemployed,628.0214555337527,4064.197372313717,60,0.0687,0,2,1,Very High
57.26809028116382,88917.28421438343,Salaried,621.3686056090503,68725.82350448397,72,0.1398,2,1,1,Very High
38.36845995481516,87111.3635457821,Salaried,691.955175405514,64920.605919650465,24,0.0745,0,0,0,High
26.071817130947096,23838.73907865432,Unemployed,629.7043372284858,18631.004901536548,12,0.2657,0,3,1,Very High
50.204728235536365,77675.18256817518,Salaried,616.542337258542,20931.15309432012,24,0.2769,0,4,1,Very High
21.22538227881528,8814.773778614428,Student,625.5931123446543,7836.774345546036,60,0.1889,0,1,1,Very High
46.902465197138056,70136.02403981866,Salaried,665.4104788466983,62570.03846180197,84,0.0892,0,0,1,Very High
52.149252374187114,86390.14250778928,Self-Employed,672.6806349172609,24094.2543420219,60,0.1029,0,3,1,High
22.0,55336.43184592102,Salaried,631.3415216809068,54281.046486862506,48,0.1606,0,1,1,Very High
40.57495802952998,98674.96245249969,Salaried,683.1082494619523,83074.66607957552,36,0.2842,0,2,1,Very High
18.0,22020.601829687315,Student,601.8184468868232,21896.293683048934,12,0.2244,1,2,1,Very High
62.77555388245794,74578.64662425352,Salaried,695.6732325971773,42446.44522639047,60,0.2569,0,2,1,High
20.31165240234932,17592.54099132215,Student,628.0231594116273,19002.574327840724,24,0.1705,0,1,1,Very High
38.3484735302726,21323.019398130957,Unemployed,649.6773963579964,4817.4324094686235,72,0.0476,1,1,1,Very High
39.59698521905695,4377.6400569667785,Unemployed,668.4012271249898,3045.8260773589186,48,0.1321,1,1,1,Very High
27.134234028751543,29945.50110623007,Salaried,692.7158713446952,17006.311832024254,48,0.4318,1,6,1,Very High
35.32283984937964,4484.7540200707335,Unemployed,630.5616736778746,3419.4363355838977,12,0.0762,1,0,1,Very High
57.68041352140692,104194.96736561757,Self-Employed,731.8388230469295,61939.84475916588,48,0.0844,0,1,0,Low
46.92260398992455,12000.0,Salaried,653.8296944013878,2876.0084102971878,60,0.024,1,0,1,Very High
50.397808324960266,77175.2294444888,Salaried,571.5060241671042,51553.70102440036,24,0.2668,0,2,1,Very High
28.856093218515642,57216.3065170136,Salaried,590.3864319747776,21131.468030891607,60,0.0619,0,1,1,Very High
20.445680594095855,12605.129068538736,Student,602.5382629524304,6736.796059702321,72,0.1284,0,3,1,Very High
28.758964950853706,15611.74456586726,Unemployed,540.8642757266294,15241.04803770537,48,0.1726,0,3,1,Very High
44.60116423386711,99271.09576460166,Salaried,692.475362404295,67705.01255124764,36,0.2682,0,2,1,Very High
45.785153452689855,61427.92028309064,Self-Employed,689.4819467213651,107554.03919273228,12,0.3626,0,3,1,Very High
39.2481288848836,71667.20524247577,Salaried,668.1056994665176,77598.64876722208,60,0.2333,0,2,1,Very High
38.1666677630037,85599.90971099872,Salaried,611.5640360083812,78428.12697051222,60,0.1166,0,1,1,Very High
28.797952941446304,10090.24913901998,Unemployed,565.7721153920393,1000.0,24,0.0849,0,3,1,Very High
38.797762630233585,89394.0091411187,Salaried,694.4697612471563,7136.955896351186,36,0.308,1,3,1,Very High
38.35919787731661,65547.15979786853,Salaried,646.3778062701241,76530.25543333554,84,0.1668,0,2,1,Very High
38.50915569324078,3223.2585669859345,Unemployed,633.5499126455559,2218.0727717775453,84,0.3688,3,3,1,Very High
25.474398882658434,51994.14849979279,Salaried,660.9754858717894,39409.98169682154,24,0.1383,0,1,1,Medium
21.39947325414927,16224.458517586174,Student,609.0413731007461,19744.28800285639,60,0.2217,0,1,1,Very High
30.4824827437794,7219.306900841663,Unemployed,586.1834966575265,3599.8024132983405,60,0.2374,0,3,1,Very High
33.98461340666691,60925.89587399048,Self-Employed,667.3911449167296,80268.52543860229,60,0.2317,1,4,1,Very High
54.01628413440637,42781.78894640871,Self-Employed,638.157479846212,7085.02718659353,48,0.0166,0,0,0,Very High
32.65662872867143,61751.99960188553,Salaried,628.3782761138922,36658.575154653794,48,0.1844,0,2,1,Very High
46.30045111768203,73664.59968518122,Self-Employed,711.5786184748129,27685.055664171246,24,0.1376,0,1,1,Medium
21.166575255643014,22898.60028861722,Student,637.8422101978704,27341.619945820035,24,0.2444,0,2,1,Very High
26.118916668427477,9457.375348885289,Student,633.2026504526425,3193.5756479463926,72,0.1338,1,1,1,Very High
42.13628422069506,90216.30868125925,Salaried,672.9112802446178,22336.50711588051,60,0.0248,1,0,0,Low
47.351267623834666,33959.7532287551,Salaried,638.2347883524658,18046.87842248647,48,0.1156,1,1,0,Very High
42.120935126307856,28734.434134273102,Self-Employed,616.8329198143815,17553.711514870345,36,0.0611,2,0,1,Very High
45.15545311048889,55447.493932908525,Salaried,635.8909882583849,39205.24413214496,48,0.0957,0,1,0,Very High
50.88241145714506,88297.00663040005,Salaried,662.1427259909806,26322.933187480896,36,0.0298,0,0,1,Low
18.0,8587.700769596047,Student,585.3417732918596,7877.763898737722,36,0.1542,0,1,1,Very High
23.097318614768454,12404.029287765847,Student,610.9444261262253,1000.0,12,0.1956,0,3,1,Very High
32.97969731509749,54628.52406738574,Salaried,712.966161572325,50974.13305898025,12,0.0933,2,0,1,Very High
41.37729456687332,78202.84369713938,Salaried,560.8538119977837,47303.14530720915,48,0.3105,0,4,1,Very High
55.02431117387462,75746.34501723747,Salaried,698.370041738723,92720.859765523,12,0.2224,0,1,0,Very High
54.00761833657884,40300.66924476245,Self-Employed,657.7005703065997,37225.16899228258,36,0.0924,0,0,1,High
43.8701085412575,22740.8219716574,Self-Employed,654.1079512472994,1000.0,84,0.0669,1,1,1,Very High
53.12992851249234,63353.511072257956,Salaried,622.7086523360443,55904.413269035955,36,0.0882,0,0,0,High
46.8705717980145,59921.55203175888,Self-Employed,715.8853218221028,17109.15477942155,84,0.0286,0,0,0,Medium
37.66861615299691,64563.64804395882,Self-Employed,600.2306592627937,74745.4266736617,60,0.1783,0,1,1,Very High
22.770881241169064,18079.362459658994,Unemployed,616.981804826082,12423.141623984186,24,0.0687,0,0,1,Very High
37.275467183658115,57280.017950223955,Salaried,689.8324654685503,29887.314777254775,48,0.1022,0,2,0,High
18.0,25426.375932547875,Student,594.8351257946624,4641.887428596238,84,0.1433,0,2,1,Very High
20.71835713832615,10966.879421801543,Student,590.9293484023706,6802.322831312681,48,0.362,0,3,1,Very High
35.6489118006967,54139.893115306164,Salaried,701.7182398201414,39497.46056251607,24,0.123,0,2,1,High
25.128084352301684,33636.99790493518,Student,707.9505901663005,1000.0,24,0.0655,2,1,1,Very High
44.343408126388844,65533.2910911256,Salaried,619.1772165992129,68850.33825656994,24,0.1051,0,0,1,Very High
22.536408298548576,24488.806534715615,Student,555.8071765138029,16419.467084325897,12,0.167,1,1,1,Very High
41.261625342678904,22507.047705250065,Unemployed,649.8941102886706,25396.42717900766,24,0.2128,0,1,1,Very High
43.795903591753415,58045.724045531504,Salaried,709.1557465418146,35502.65274948664,60,0.1237,1,1,1,High
41.93510029375598,25520.925383233644,Self-Employed,664.2733314223267,22050.143793883828,72,0.1614,1,3,1,Very High
48.507582350846434,57801.7275008491,Self-Employed,629.9272376811045,71222.22975370617,84,0.2232,0,1,1,Very High
25.845525082705826,68230.34278443863,Salaried,677.0302464912902,26701.98505871434,72,0.0391,1,0,0,Low
42.04592005082589,56658.125105914376,Self-Employed,620.9378277474973,47403.76854713856,24,0.1462,1,1,1,Very High
23.904844842229988,62800.495971599084,Salaried,614.4759551763797,41449.07415837466,48,0.1285,0,1,1,Very High
43.97451822809926,79928.36208438486,Salaried,767.9954339821452,39082.77043819469,24,0.0489,1,0,0,Low
41.91046770039776,83553.60180940565,Salaried,642.9557075908504,74149.65608784706,72,0.1637,0,3,1,Very High
26.56450813332547,13671.836111676468,Unemployed,602.5799914616173,15774.965048998078,72,0.1404,2,1,1,Very High
27.33140998032229,84618.46997985459,Salaried,640.5035007564167,56484.83179610397,24,0.3668,1,3,1,Very High
45.13314189160513,50144.36930972049,Salaried,623.6594407672962,64587.06910216712,84,0.2538,0,2,1,Very High
53.5527672196975,70261.49134397738,Salaried,596.3317529521827,67955.64950868636,48,0.1217,0,1,1,Very High
25.8518134080949,5000.0,Student,588.1070912333021,1649.6249853443892,60,0.083,0,2,1,Very High
22.61128425573183,16320.332511181334,Student,577.7278946379714,12755.236505767887,84,0.1282,1,2,1,Very High
53.206004308697324,33481.532836261635,Salaried,589.5001031331872,35706.44108498337,60,0.2066,3,1,1,Very High
27.79501865343874,13870.187338109834,Student,700.481809837263,8393.280137958373,12,0.123,0,1,1,Very High
42.976955132999194,57372.7276253724,Salaried,693.4334549702907,36851.34608423429,60,0.2517,0,3,1,Very High
44.99928537087362,58414.18084451019,Salaried,644.0133069927092,41780.18551032575,36,0.134,1,1,1,Very High
34.341327245498064,67740.62071840631,Salaried,671.3167018266188,64830.72994986655,60,0.0957,0,0,1,Low
22.0,65538.20851162037,Salaried,671.853367016204,25482.73167433067,48,0.1014,0,1,0,Medium
30.75369935158136,71959.52921562502,Salaried,654.8959810356129,58207.259191107,24,0.0809,2,0,1,Very High
40.83243170188546,48719.794102425105,Salaried,638.0078336853983,28973.008908652235,36,0.0595,0,0,0,Medium
49.91403794166878,15843.442507447417,Unemployed,618.2128091240746,16711.206610775385,36,0.1305,0,1,1,Very High
20.74169497319753,9376.987302865626,Student,630.7924543968545,5361.256124507364,36,0.0572,1,0,1,Very High
26.368526167848238,29528.317970924,Student,592.0718387753952,19043.046602149523,36,0.0895,0,1,1,Very High
24.82097374346655,28924.716208962094,Student,619.9101563227816,23356.562320750087,60,0.1807,0,1,1,Very High
54.13730973745588,54842.21851804633,Salaried,643.1229065052601,38979.032549545904,24,0.0711,2,0,1,Very High
42.80819890850041,62099.04862301301,Self-Employed,631.3381528890992,66087.82135383815,12,0.1064,0,0,1,Very High
50.20050202797246,64645.96213365865,Salaried,650.3535624638641,9413.206737899225,24,0.1146,1,1,0,High
18.0,16347.912387439983,Student,650.8415733962316,6891.233290303794,48,0.0922,1,2,1,Very High
59.75142909138003,30831.89998848486,Self-Employed,715.8851442970489,33784.54519278252,24,0.1096,1,0,1,Very High
30.923998378394995,14779.375439801584,Unemployed,626.4023670770648,11231.297655800357,36,0.176,1,1,1,Very High
21.28836485389129,7593.188945896316,Student,605.3222496115529,3347.0371024435863,60,0.1066,0,1,1,Very High
38.4442682520284,14784.870448223883,Unemployed,585.187350642862,9947.219048011724,60,0.0673,0,0,1,Very High
40.23422397421517,68110.29648556614,Salaried,655.9383913807635,54306.48479468959,72,0.1047,0,1,0,High
22.543836200092986,26118.328552041494,Student,630.1786118793544,20040.090544275423,84,0.1267,1,2,1,Very High
32.73163690493051,65100.70647059648,Salaried,656.2475568050749,30875.14987014779,48,0.0474,0,0,0,Low
19.477128317154232,20801.69998286821,Student,649.4658915931553,20666.043931411048,36,0.1243,1,1,1,Very High
50.33658269988946,28206.923733063217,Unemployed,643.8724531660342,29196.544417195262,36,0.1535,0,2,1,Very High
34.533333134438294,62008.84099641635,Salaried,674.6215647966751,4087.0270462596527,24,0.0066,2,0,1,High
41.06885020504624,47668.35332953382,Salaried,658.7640558446817,11987.195561299273,24,0.0501,0,1,0,Low
37.656839588789566,50381.85427974508,Salaried,652.3877643695947,1000.0,72,0.302,2,3,1,Very High
35.12304181321503,11392.447153901943,Unemployed,606.063005578771,11648.660772092138,36,0.1272,1,1,1,Very High
24.31593306429073,11037.987615061,Student,636.6255002456063,7562.868125657286,36,0.0685,0,0,1,Very High
32.595516101636576,43032.17094798079,Salaried,661.845447733253,19025.251491698804,12,0.1067,1,1,0,Medium
61.1412503953614,88649.23776205126,Self-Employed,611.8925773154588,79093.57190761264,12,0.2142,0,2,1,Very High
18.459423952146356,11483.261465067051,Student,627.2051239014562,13761.395533313551,48,0.1448,0,1,1,Very High
20.0,20944.781999150007,Unemployed,600.4736782368692,1000.0,72,0.0298,1,1,1,Very High
36.71236287530486,35793.631833778585,Self-Employed,625.3127805522847,40183.51968763916,48,0.1748,0,1,1,Very High
44.625447642675496,74009.2348638414,Salaried,638.374027163679,23143.470981802475,24,0.2813,0,4,1,Very High
38.60431281286123,7201.2551077864955,Unemployed,619.7364110513993,7656.239232457072,48,0.1688,1,1,1,Very High
28.826648495581424,40169.83180205512,Salaried,713.4035100852216,35847.378022849865,60,0.0892,2,0,1,Very High
55.43776392627807,39997.133363188615,Self-Employed,651.1653278795644,9600.9860862237,36,0.124,3,1,1,Very High
41.32184490756305,52458.73676131901,Salaried,650.8502487683329,35997.43652557917,36,0.0936,1,1,1,Very High
32.70099830247013,10000.0,Self-Employed,700.8536947425044,5525.651256884383,24,0.0553,2,0,1,Very High
19.10724906571107,21987.080013701987,Student,653.5249219286085,26255.43196033353,24,0.3194,1,2,1,Very High
52.91436093317513,32152.81975487342,Self-Employed,653.389057381808,5337.3590034993595,60,0.2041,1,3,1,Very High
26.333020628621338,11371.168907860882,Student,596.5043659996555,6643.961656687798,72,0.0584,1,0,1,Very High
51.96098946235488,101943.19987514088,Salaried,666.370548610342,40362.69337128017,48,0.1396,1,1,0,Low
44.087064414036114,12000.0,Salaried,695.0784192056668,1000.0,36,0.2083,2,2,1,Very High
46.108715508847176,20618.93217455057,Unemployed,628.7928303516314,9042.518117651392,12,0.1064,0,1,1,Very High
26.449292674377425,7161.87306187114,Student,563.5701046371785,2358.5755717940683,60,0.0579,0,1,1,Very High
35.3198147141574,83977.81209326316,Salaried,649.3472853206384,1822.3933385670098,48,0.0647,0,1,1,High
41.70105936645149,71185.9923899395,Self-Employed,688.3852345231544,50592.087150396226,60,0.0711,0,0,1,High
38.025412512575585,72921.49955538896,Salaried,669.8333225574265,83732.97805756662,60,0.1773,2,1,1,Very High
23.408377412298737,21979.35595805232,Student,566.7462629397622,29818.300565892605,24,0.2357,2,4,1,Very High
44.59631517671856,47507.42434316079,Self-Employed,633.6701471312108,30651.628110270278,24,0.2645,1,2,1,Very High
39.52621443853503,78977.98007024043,Self-Employed,601.6943548059223,37413.18384556344,72,0.0474,2,0,1,Very High
48.887331075604855,36131.59119907326,Self-Employed,678.260769860852,11266.204448456654,84,0.0812,1,2,0,Very High
42.38003761977136,120207.02971446211,Salaried,696.9395785329234,118371.30571433686,84,0.286,0,3,1,Very High
38.76940825183751,66044.78369732753,Salaried,655.6814813664067,71658.1577415556,36,0.171,1,1,1,Very High
28.471939901413172,53191.95572009025,Salaried,665.7444140779303,44022.71212360535,72,0.2078,0,2,0,High
43.781096686387144,9660.742049479646,Unemployed,568.3891997976721,8133.296930277518,48,0.1092,2,1,1,Very High
19.900589510716795,16768.155859596634,Student,582.282487685297,9439.074361178198,36,0.3563,0,3,1,Very High
50.958143438238935,72138.5744454235,Self-Employed,647.5227707449583,83811.36408468749,60,0.1662,0,2,1,Very High
25.219186086901253,23412.916414212203,Student,593.0967435049162,20626.4313038583,36,0.1131,0,1,1,Very High
31.867034247054697,3000.0,Unemployed,589.874658839724,1000.0,36,0.0833,1,2,1,Very High
24.059019959022955,29067.864765102582,Student,601.1823015161124,16130.74697209983,24,0.118,1,1,1,Very High
18.0,28865.814254081182,Student,628.3562449441854,21067.811500388503,12,0.1355,1,1,1,Very High
49.32898752026455,78656.66990522246,Self-Employed,663.2492559048807,58279.72519652976,48,0.1241,0,2,0,Very High
47.39116581147875,97614.95475846872,Salaried,668.7636963850822,98397.69896383249,60,0.1633,0,1,1,High
29.108071463423478,16405.60434887288,Student,563.0617789799987,6367.895809532485,24,0.0638,0,1,1,Very High
24.952275119696342,55459.82382991148,Salaried,704.6974813871825,53596.52054665384,48,0.4716,1,6,0,Very High
28.73114575998301,14093.799697283806,Student,607.2865985030111,5254.73859080249,24,0.0373,1,0,1,Very High
35.60943566386023,15691.076540218142,Self-Employed,653.7416798311062,14161.177967052032,36,0.0902,1,0,1,Very High
41.27946102876892,13761.278358361751,Unemployed,569.790376281114,7193.6593275539435,36,0.0523,0,0,1,Very High
47.56638995653116,18344.127907889917,Self-Employed,674.1477762883072,22379.518785113214,48,0.122,0,0,1,Very High
27.978719639015395,83312.6037660259,Salaried,642.9423449743299,20156.464133722882,84,0.1242,0,1,1,High
54.82913224846237,41267.94065223175,Salaried,599.2555456368029,28075.780307166704,60,0.1305,0,1,1,Very High
30.36306320893918,12452.498351057897,Student,612.0613679177984,10341.348471851197,84,0.133,1,2,1,Very High
30.227818713340852,16856.387004049957,Unemployed,629.215536977109,8961.223523521574,24,0.0532,1,0,1,Very High
37.60659887458374,57528.832459353325,Self-Employed,664.8751340701272,52342.49635112963,72,0.2785,1,3,1,Very High
20.33548718376234,28744.583086351868,Student,601.1806481710597,16776.72353013302,24,0.1834,2,2,1,Very High
41.49468357940842,64491.23306288237,Salaried,692.5440422065659,49030.33795435041,60,0.276,1,2,1,Very High
34.6266033948298,44926.43336166447,Salaried,695.0104278196263,48523.73662196905,24,0.108,1,0,1,Very High
43.29443017749261,43821.16623537017,Salaried,652.7041918794894,33910.023971917995,48,0.1399,0,1,1,Very High
52.8763536565968,79713.60807415831,Salaried,632.9660505181573,1000.0,84,0.1013,0,1,0,Very High
49.78025332091317,74308.05654623173,Salaried,686.6389782005978,10592.700327407874,36,0.1393,1,2,1,High
31.729061643178788,62663.1759045446,Salaried,687.5734581941947,22304.7130944178,12,0.0981,0,1,0,Low
21.0495458084938,26647.669773678303,Student,646.3768323015485,14332.407953157706,60,0.0538,1,0,1,Very High
29.76996931343932,16792.023375592413,Unemployed,674.254613456176,6759.106875012054,48,0.0653,0,1,0,Very High
22.704586028154296,12667.11551285307,Student,663.6544523215285,1000.0,72,0.3079,0,3,1,Very High
18.563378879208383,34820.82093880266,Student,628.4726128079601,15788.08090005174,12,0.1078,0,1,1,Very High
44.25128725747769,57015.88116397777,Self-Employed,677.8097893845659,16671.800726198366,84,0.0292,1,0,1,High
38.59966216762857,65960.16276416232,Salaried,746.7728538793638,52849.71670333144,60,0.0801,1,0,0,High
30.270696758429025,13085.106527174452,Salaried,682.9756709221903,10474.283463391916,36,0.28,2,2,1,Very High
36.582871659726806,57926.28745548926,Salaried,662.612322338267,44530.437758608256,72,0.0769,2,0,1,High
22.507882053605748,23685.21882209218,Student,613.5750682378299,11941.9403752722,36,0.0504,0,0,1,Very High
27.52575364649331,4854.201107339617,Unemployed,595.2188261377088,2778.5567236125735,48,0.1197,0,1,1,Very High
45.4316879039575,78358.28104427598,Self-Employed,662.9428846691487,44223.81783341197,48,0.0564,2,0,0,High
49.442562592972145,45480.823677701905,Salaried,620.451579264063,17947.459400516982,48,0.0645,1,1,1,High
27.60585552080248,41378.50622979591,Salaried,640.8398806830667,10525.195746537214,36,0.0504,0,1,1,High
19.961500041665563,25485.22392468553,Student,672.8321548808959,8017.935482743269,36,0.0315,0,0,1,High
65.31384323414851,30815.47792179689,Salaried,625.3656319179807,7312.361742567241,60,0.0487,1,1,1,Very High
26.519398557703475,5000.0,Student,600.630598488668,3938.68345455049,36,0.1413,1,1,1,Very High
25.26204448661789,13292.342256471187,Student,606.1340668801153,4391.999270086622,36,0.033,0,0,1,Very High
57.148119440205576,31329.661507787103,Salaried,652.1390139657575,31100.350039732963,60,0.0993,0,0,1,Very High
38.29826479658552,37589.5853854226,Salaried,668.3064093411124,39451.60122538302,72,0.13,0,1,1,High
29.873018538212342,24820.090787828936,Unemployed,637.8304854560655,23571.663871006393,60,0.1575,0,1,1,Very High
51.185200994120684,35107.65016391482,Self-Employed,725.8240134522994,15565.554818137676,12,0.3443,0,3,1,Very High
42.62730348994427,87976.22386212664,Self-Employed,737.7741414749916,51690.49697700737,60,0.0588,0,0,1,Medium
19.267726486799898,23375.613809663057,Student,571.1272528766522,23989.133471316298,72,0.2276,1,2,1,Very High
59.10819894035681,31711.416591658377,Self-Employed,671.5809582600583,34129.22471301667,12,0.1076,0,0,1,High
50.68202210139172,65513.48907315999,Salaried,649.0449329095595,56898.04753409405,36,0.1118,2,1,1,Very High
36.59511940950511,49047.024629430256,Salaried,658.6762525920831,14405.267893912784,36,0.1044,1,3,1,Medium
44.55218553716683,81814.11473727167,Self-Employed,638.2251229332461,53907.41595701355,24,0.1659,1,1,1,Very High
18.0,13123.047739705988,Student,671.6316958394068,3227.080386116765,36,0.0246,2,0,1,Very High
28.05611011742053,25126.584007919308,Unemployed,617.0222692712197,2562.059902775254,84,0.0727,1,1,1,Very High
26.143160217623695,91780.8653345157,Salaried,630.1899441931467,75044.70837144922,24,0.1568,0,3,1,Very High
22.213509168559952,58901.275243649005,Salaried,647.3746507497076,44488.41714331158,60,0.1005,0,1,1,Very High
23.723716149723966,18790.335972448083,Student,569.7321906704713,8062.253507341156,60,0.0429,2,0,1,Very High
39.07548401159084,96454.71899588479,Salaried,699.0955021585644,63584.24849475414,36,0.1284,0,1,0,Low
41.87700323414462,55731.571025014004,Salaried,693.8182616667627,79764.80240661526,36,0.1431,0,0,1,High
26.352451160214052,14832.446404105036,Student,554.9409086091322,3357.6110826472,72,0.0476,1,1,1,Very High
44.134681299590525,17338.988539270118,Self-Employed,605.8962965603823,24276.032625433203,36,0.54,1,4,0,Very High
47.84704109385504,75853.10210669776,Salaried,672.5091371093946,77580.77939326901,48,0.1023,0,0,0,High
20.0,13195.312526956253,Unemployed,539.6018724648035,9954.370105916587,36,0.0754,0,0,1,Very High
40.4863953778477,33665.536415035065,Self-Employed,584.8966407735926,28957.538727140774,24,0.086,2,0,1,Very High
38.81332421777108,36362.831004405874,Self-Employed,594.7019279095962,22470.87181969974,84,0.1243,0,1,1,Very High
18.0,21673.575625299636,Student,657.7756963025682,23567.103435482124,72,0.1712,0,1,1,Very High
44.624616694290104,56733.900979016704,Self-Employed,598.9143754866421,27286.790907330713,48,0.0481,0,0,1,High
30.631279318971938,22777.232695747116,Self-Employed,715.7137574297874,20820.584213984886,12,0.0914,0,0,1,Very High
46.9502566964496,25790.8959318805,Unemployed,571.0688640453624,15194.10940995854,24,0.0589,1,0,1,Very High
35.52779612644592,55256.15467119467,Salaried,674.879876394301,39712.20104194466,36,0.2594,1,3,1,Very High
48.16770550543948,106263.59401785964,Salaried,687.8660037657082,138151.3463095088,24,0.13,0,0,0,Low
58.63604316286552,10313.52713049863,Self-Employed,673.2591763096887,7888.997912517187,48,0.1015,0,1,1,Very High
42.974981632168614,79875.85176121502,Salaried,635.4323158471917,77837.60907206309,84,0.1224,0,1,1,Very High
25.65023917954567,63994.91450309917,Self-Employed,593.3043498061987,63456.91749375006,72,0.2242,0,2,1,Very High
40.390847720625125,59758.123311184405,Salaried,676.6040608663279,52709.92025096122,36,0.1882,0,1,1,Very High
54.74765124332501,52062.96552753359,Self-Employed,744.0606550372843,32275.602806657764,60,0.262,0,2,1,Very High
53.11270394359468,40954.840430980315,Salaried,667.533482423905,65066.91989709043,60,0.1589,2,0,1,Very High
35.822407759621434,80408.25896609349,Self-Employed,678.1648719905232,110115.33427404692,12,0.1369,3,0,1,Very High
37.24441995050461,63340.46323520467,Self-Employed,660.053895557019,25686.6833330503,60,0.0406,0,0,0,Low
45.237885096843065,77699.69550749668,Salaried,664.0112729350849,63444.328240579365,12,0.0817,0,0,1,High
44.41331739461694,95042.30295989226,Salaried,620.4762471803266,46521.623628805886,36,0.0489,3,0,1,Very High
39.68514279316515,50580.0637485237,Self-Employed,590.0537825150677,58810.332137699545,60,0.2413,0,2,1,Very High
39.735505038436585,72103.49439056788,Salaried,726.4096857703399,84011.87640229972,36,0.1915,0,3,1,Very High
42.313887221284595,77566.51857635046,Salaried,699.9918461321857,72424.9472959407,48,0.0934,2,0,1,Very High
35.0073208729612,80008.20959059127,Salaried,668.6383005240983,25799.45031904064,36,0.1322,1,4,1,Very High
29.76363150421285,25340.720595129933,Student,610.8150087197374,15488.979720434592,48,0.0611,1,0,1,Very High
32.385080774404024,69726.48564056402,Salaried,621.9073101673591,90160.03232639495,48,0.1543,0,1,1,Very High
32.43139425981245,62626.62757546113,Salaried,628.3501160497709,26270.26040193073,60,0.0419,0,0,1,High
38.53759392275494,51337.27749534395,Salaried,711.0020610282629,20413.887562761018,36,0.1648,1,2,1,Very High
37.408871844269186,114503.54770728046,Salaried,613.5866720163879,81470.17437433834,12,0.3712,1,3,1,Very High
26.856471914825818,15797.557272710583,Student,536.6311266133907,13118.550476843431,36,0.083,0,0,1,Very High
42.59384354363542,88612.5275701258,Salaried,661.8209330311963,60812.11771768953,24,0.0686,4,0,1,Very High
35.49683876659223,13377.723149956859,Salaried,653.1632308551706,1000.0,72,0.0075,0,0,1,Very High
29.170996006057855,34553.58503645593,Student,684.5777305685431,45350.6985238171,36,0.2062,0,3,1,Very High
56.38581541882121,79615.4938227729,Salaried,599.108636265485,12499.489369678315,48,0.3157,0,3,1,Very High
50.18642502967648,101007.87527503943,Salaried,709.6284829279058,65113.86842125142,48,0.1145,0,2,1,Low
22.0612184011477,27583.898864563627,Unemployed,639.0246882409339,16391.56617970218,84,0.2469,0,3,1,Very High
35.25429240360528,10000.0,Self-Employed,595.8820813654537,8231.263821030245,72,0.0823,0,0,1,Very High
22.0,12000.0,Salaried,649.555800176854,9578.878569521166,84,0.0798,1,0,1,Very High
40.73993374317901,30325.729699856704,Unemployed,657.9638104049529,21962.132726425345,84,0.0724,1,0,1,Very High
41.07851614189291,50028.05841337405,Salaried,621.31258925216,39012.82683190006,60,0.128,0,2,1,Very High
37.17008198016748,71289.68545807939,Salaried,620.1275784197328,60288.88950990858,12,0.2096,2,2,1,Very High
43.5774960393454,95068.70432179047,Salaried,642.4575308410558,1000.0,72,0.0011,1,0,0,Medium
49.43212163302807,76439.44141106012,Self-Employed,661.2341892681695,39330.57295054048,48,0.114,1,1,0,High
25.371442002602432,10000.0,Self-Employed,720.5180930000051,5051.416753352371,24,0.0505,0,0,1,High
43.454607577213295,37175.212101265715,Salaried,678.0525833849737,30417.66089511609,48,0.2693,1,3,1,Very High
42.45657757207784,18313.163781376155,Self-Employed,636.3370512732567,17123.34989507063,36,0.1935,2,1,1,Very High
19.69434822845439,14451.917030580096,Student,629.5423107836897,11153.01565346324,48,0.1397,0,1,1,Very High
29.58564676724046,19578.067481045357,Unemployed,566.6661538228246,15520.586516366413,84,0.1418,2,1,1,Very High
40.707538795433386,37412.621139874784,Self-Employed,622.8792352068137,23756.979114428526,24,0.126,0,1,1,Very High
35.17478301310235,58694.37496760283,Salaried,689.922523340393,58184.54297444794,48,0.1241,0,1,0,High
58.651133475640904,64301.40864339206,Self-Employed,627.6848098895921,18539.081322104925,60,0.0788,1,2,1,Very High
30.424155680857957,95605.52444121662,Salaried,605.5075645970339,29375.24289859128,48,0.2307,1,2,1,Very High
21.500819700839667,18567.957723399584,Student,600.1073063685151,11811.307584758413,60,0.0886,2,1,1,Very High
22.65428695443272,25285.88403010245,Student,612.7634899537574,16520.834072354402,24,0.0903,0,1,1,Very High
24.29081057618746,11228.957376949056,Student,628.4888158927469,1049.450211495127,60,0.0843,0,3,1,Very High
18.0,20539.005762497778,Student,602.7776758097963,9294.05077745008,84,0.0453,0,0,1,Very High
35.415580570083115,45018.36162037063,Salaried,691.0088362755608,34625.79041723076,48,0.0769,1,0,1,High
22.0,85133.94744533351,Salaried,590.2703977012525,5776.28220291777,72,0.0068,1,0,1,Very High
25.75306870013534,17293.026868962053,Unemployed,627.4094673726646,6547.30645345924,24,0.0379,0,0,1,Very High
46.15448903277387,36853.72492487726,Salaried,719.2361613448728,37953.60155603666,36,0.103,0,0,1,High
35.968284973228094,97470.17017826173,Salaried,588.8269386186535,98771.95575947272,36,0.1638,0,1,1,Very High
30.7656358685835,68396.29817492195,Salaried,603.5688639344568,31028.0484488074,60,0.2329,1,3,1,Very High
34.182737843387876,14563.098625323908,Unemployed,635.2985297802326,11970.398760850594,60,0.0822,0,0,1,Very High
32.00410970410853,53337.84697680625,Salaried,701.6511914881359,26717.15418730674,60,0.0751,2,1,0,Medium
32.692513744134416,59713.66957570903,Salaried,645.4814204877578,59936.057184611775,24,0.1629,0,1,1,Very High
21.59289053580833,17954.23855862434,Student,597.2095707402532,10132.649656754958,60,0.0564,1,0,0,Very High
40.97254166599421,87669.29429861055,Salaried,678.9057366630864,59959.1465465878,60,0.0684,0,0,0,High
38.0356364206966,99751.10068542862,Salaried,682.2434757464823,56981.85570307109,24,0.1071,1,2,0,High
32.949305126790875,9622.870773009401,Unemployed,589.3769146544657,1333.5257102574014,72,0.1639,1,6,1,Very High
32.65082403289983,42063.35835665118,Salaried,618.9453005448951,6693.6074156838,36,0.0159,0,0,0,High
22.375963659862762,18201.65335748923,Student,646.3404319733606,6997.2378323995845,36,0.0384,0,0,1,Very High
37.61708322849332,52540.92235712614,Salaried,674.4037551896275,21778.626040095893,24,0.0415,0,0,0,Medium
50.01952745272204,34607.001032359214,Salaried,665.0816018120667,35886.58038385483,36,0.2912,0,3,1,Very High
21.155135111602505,5000.0,Student,549.320828619777,7068.144234903515,72,0.2039,1,1,1,Very High
30.891302595989018,16047.493821081192,Unemployed,574.0849981424535,5344.2531467429535,24,0.0958,1,1,1,Very High
34.348148173532664,73010.8469603894,Salaried,680.9073501850753,106256.36858501955,24,0.208,1,1,1,Very High
53.96988177609835,61913.93590937185,Salaried,653.0651685633178,1978.7661994827504,36,0.4032,0,4,1,Very High
19.06552006483182,11880.568011682884,Student,644.0410765542646,11721.79774856391,36,0.1237,0,1,1,Very High
44.027845274290954,57357.4121788694,Salaried,638.3399849055953,15036.071711269182,48,0.1512,0,2,1,Very High
45.32376725790202,39481.72829881983,Salaried,684.2146865048453,24193.276175748113,24,0.1238,0,1,0,Low
22.774710613637378,20616.525752345624,Student,649.2911830841947,23215.568660196936,36,0.2376,1,2,1,Very High
35.31962964354658,11063.357752928994,Unemployed,654.5936742899025,8890.70957851378,36,0.0804,0,0,1,Very High
37.07562369889082,67381.51635825641,Salaried,633.3298680174439,64482.66341397326,36,0.0957,0,0,0,Very High
30.72723339270324,6050.770315978882,Unemployed,621.9408068275353,5477.34273477481,24,0.1905,0,1,1,Very High
37.93378676970869,86915.71631245979,Salaried,650.9723540475438,35254.65289053804,24,0.2406,1,2,1,Very High
34.01889228790522,19955.265045345557,Unemployed,598.7063244566206,20471.390190538532,48,0.2901,1,3,0,Very High
36.326381909964155,26027.227471338138,Self-Employed,626.2737190896876,8772.821736752396,48,0.0962,0,1,1,High
18.0,12979.19859124639,Student,630.5700507891522,9576.830217843903,36,0.1238,1,2,1,Very High
28.996225148106745,60281.43364886532,Salaried,687.5418512812979,85539.04583203213,60,0.2044,0,1,1,High
30.29079066534732,24873.883095730424,Student,598.2070224925541,1967.0856745437595,84,0.0079,1,0,1,Very High
32.37865774915667,110416.93229443318,Self-Employed,663.1328514364806,32934.7662572962,48,0.0923,1,1,0,Low
57.897222522103725,40962.932422311475,Self-Employed,670.5448396833624,44227.06532833137,36,0.308,0,2,1,Very High
18.0,21885.74501276079,Student,627.2108066860735,14555.026675781786,60,0.3665,2,3,1,Very High
36.69328399808046,71761.57981433159,Salaried,738.3499368358965,77974.73138745264,60,0.2087,1,1,1,Very High
51.415003046267,61499.97055945615,Salaried,698.3665846980972,41361.91134551258,36,0.0673,0,0,1,High
45.802865048556534,56687.988851507966,Salaried,658.3590099435654,48346.89314990448,72,0.2853,0,2,1,Very High
61.78499617907872,77053.5059422566,Salaried,607.2841358068217,71249.04520690368,24,0.3425,1,4,1,Very High
50.99028696211811,24351.31442444432,Unemployed,649.6721912827619,1000.0,36,0.0041,0,0,1,Very High
30.22283091754722,12000.0,Salaried,717.2196997839628,8864.17684175312,60,0.0739,3,0,1,Very High
25.22629931024753,13038.058049139245,Student,659.1101235866147,7353.937607053835,48,0.1189,0,1,1,Very High
40.14831213568571,92218.50753765239,Self-Employed,706.9836554613587,82946.20406277168,48,0.0899,0,0,1,Medium
35.82188259539895,67735.00624429184,Salaried,659.6895550536734,36459.53059734333,24,0.1038,0,2,0,Medium
39.957809387709354,92821.16927542811,Self-Employed,632.4919970795478,55885.61269767402,48,0.0852,2,1,1,Very High
22.929596448294816,9097.676465246877,Student,585.2646202523416,4354.026907473126,36,0.1729,3,2,1,Very High
56.20891540619863,73962.84289253413,Salaried,643.9074941798335,54962.63022601045,36,0.0993,0,1,1,High
27.69802109919817,7247.439768018345,Unemployed,672.0329678078107,5641.143122135243,72,0.0778,0,0,1,Very High
20.263407178765622,20890.70050613799,Student,563.2069237091048,8037.763389924743,36,0.0885,1,2,1,Very High
35.4798316520235,52242.95960551346,Self-Employed,692.2808589789296,7006.533519977722,24,0.2134,0,2,1,Very High
28.870044919415285,77391.92660689112,Salaried,724.5332299220021,65038.8459418525,36,0.1465,0,1,0,Medium
20.0,26907.590143527297,Unemployed,655.2748365017223,17702.148577855565,36,0.3158,1,4,1,Very High
49.05674552009536,9489.391397525003,Unemployed,592.3966378954523,11682.239427399889,60,0.1481,1,1,1,Very High
56.60628685752695,47344.80261399267,Self-Employed,611.7184588659653,55515.309015488514,60,0.1673,0,2,1,Very High
60.94563028382055,48158.08074212753,Self-Employed,634.4968792929462,46014.32690968413,24,0.158,1,1,1,Very High
20.663410743413664,5000.0,Student,575.707118054009,2736.8202496624954,72,0.0547,0,0,1,Very High
44.66895682393316,21527.660037097157,Unemployed,713.5664240127643,29247.94539948203,24,0.3359,2,2,1,Very High
30.35957301928414,11381.443574899735,Unemployed,618.6480376520263,1000.0,72,0.1963,0,3,1,Very High
42.6373325153408,43163.773120486585,Salaried,639.7491171545781,52710.84459298799,24,0.1471,2,1,1,Very High
23.0,10000.0,Self-Employed,730.7453652213144,3100.0203668262666,36,0.056,1,1,1,Very High
27.142786881073352,34855.726406132155,Student,595.1460271803032,26826.61205191217,24,0.202,2,2,1,Very High
28.554118086025653,101584.0459573046,Salaried,689.3061097700102,4575.89667010909,60,0.067,1,1,0,Low
44.61699831556311,72961.45225751262,Salaried,714.7846531123956,82993.20947709077,60,0.1137,0,0,0,High
46.83803565118246,72576.93904229475,Salaried,675.5342445617237,30566.31303210197,36,0.0671,1,1,1,Medium
18.0,23618.89556184245,Student,670.5833641298271,10735.807310245247,60,0.0455,0,0,1,Very High
46.89714947814871,70929.33983928512,Self-Employed,704.2285686316139,49506.04569598452,36,0.3198,1,4,1,Very High
50.037773417029115,9559.833875793876,Unemployed,640.0940772049514,7590.213264341821,48,0.1044,1,1,1,Very High
38.0064866225004,73715.04887168156,Salaried,658.02527621067,28136.72393933702,36,0.1632,0,2,1,Very High
46.53283960071344,68310.05346048735,Salaried,629.3529111567495,41069.5272693968,48,0.1851,0,2,1,Very High
21.859229327327846,20092.457322907245,Student,659.8060290080098,2155.0835797643686,84,0.0357,0,1,1,Very High
49.213170284965216,69785.51886508023,Self-Employed,578.4720127960217,37425.451140027006,24,0.0536,1,0,1,Very High
18.0,9856.09020985855,Student,661.7110963310164,4897.165166527504,36,0.0747,0,1,1,Very High
57.253289434703056,12973.972272963605,Self-Employed,678.9860299939094,6951.421971397227,60,0.0536,1,0,1,Very High
28.5655320306316,28896.86859793717,Self-Employed,647.5360241688317,14692.690319361469,36,0.0508,0,0,1,Very High
38.4026121552409,80939.93560717025,Salaried,669.2297800295956,41256.58914303712,36,0.051,2,0,1,High
22.787036805443687,6158.298711001524,Student,677.1029620477551,3840.9693080576226,72,0.0874,0,1,1,Very High
60.51709236579326,43201.18585087141,Self-Employed,752.258021178672,35332.07199484331,60,0.0818,1,0,1,Very High
31.789615581795175,57183.909465305,Salaried,624.1119399564164,30445.56731698357,48,0.0782,2,1,1,Very High
51.90676226469937,17437.052353426683,Unemployed,686.4065981665129,19478.174766949884,24,0.1742,1,1,1,Very High
40.17441126192479,68398.3177678574,Salaried,546.7772831940331,64092.06663678218,72,0.1562,0,1,1,Very High
18.0,26650.183785142148,Student,645.1611704006951,16328.321888390274,72,0.1113,0,2,1,Very High
23.85397927318478,22302.66220362788,Student,649.7012525641798,9914.77580373768,48,0.1445,1,1,1,Very High
18.0,26523.955650904558,Student,662.0516845156925,9088.595517040983,84,0.2218,0,3,1,Very High
36.6799804177533,65218.398947630776,Salaried,659.8055570020338,52136.495561081436,24,0.1049,2,1,1,Very High
33.89353998604292,24036.1064945843,Self-Employed,688.2994933696095,9783.098587823155,48,0.2282,0,3,0,Very High
44.606319618283564,64741.367107930906,Salaried,573.4977551637572,78235.38411530398,12,0.1208,0,0,1,Very High
22.694542104568065,18097.30068782735,Student,641.009151994749,22862.937917633833,36,0.1513,2,1,1,Very High
43.143887572307484,74535.11642743264,Salaried,573.6983339053882,70306.05403891529,48,0.2193,2,2,1,Very High
25.000262180410083,6120.26302671502,Student,640.643781023302,6974.223324727032,48,0.314,1,2,1,Very High
23.039569596217337,16664.21323630491,Student,566.9346646548205,23031.95488105758,12,0.2632,0,2,1,Very High
49.6559249635785,59665.04044418479,Salaried,552.0018740632883,41664.932732806476,60,0.0698,0,0,0,Very High
37.05855175289056,12075.857180180676,Unemployed,624.4154235425666,17882.92656740633,48,0.1481,1,0,1,Very High
22.070617321752895,27507.576473821282,Student,597.7581632587332,3677.470309014492,72,0.3134,1,3,1,Very High
60.965324831158014,48816.773986298256,Self-Employed,711.9562999043603,41572.61339677805,24,0.0852,0,0,0,High
48.94642771707068,20020.815143910375,Self-Employed,661.9348349646701,27436.76776325699,60,0.162,0,1,1,Very High
43.00761165490085,63180.71979481397,Salaried,646.0344583851434,24959.379307475298,12,0.2895,2,4,1,Very High
28.87833252101959,57369.21367099757,Salaried,621.0968370232579,64933.383605906216,36,0.1132,0,0,1,Very High
40.80464977858475,27548.41673732393,Unemployed,630.510317549007,8869.695292296934,48,0.0822,0,2,1,Very High
28.62975645566891,19985.482272737263,Student,664.8733400840612,9805.831814427984,36,0.0491,0,0,1,Very High
41.052362666964626,64887.01894960422,Salaried,651.1619215711937,23295.745779605066,48,0.0609,0,1,1,Low
20.0,21919.723039960238,Unemployed,631.2874762259444,17094.093564071336,48,0.078,0,0,1,Very High
47.87146180259546,16921.948161674318,Unemployed,601.5106708250379,11671.489551114044,48,0.069,0,0,1,Very High
40.83044174574767,89088.73751436669,Salaried,694.2560149921276,105313.56010711077,48,0.3182,1,2,1,Very High
27.665509350342276,75446.81141896092,Salaried,718.0913063019358,38254.32848095347,60,0.0507,1,0,0,Medium
18.59515686739303,20974.27656064536,Student,599.7402781408715,18088.773156449133,48,0.2112,1,2,1,Very High
45.548594704630254,5057.243004122776,Unemployed,542.3000789269216,4499.330801318301,36,0.214,0,2,1,Very High
49.61738006362509,48143.46087857406,Self-Employed,595.4888321644203,42684.47949007499,72,0.0887,1,0,1,Very High
37.79809397001217,9292.358790775977,Unemployed,583.7740782419418,4406.43411772481,84,0.0724,1,1,1,Very High
24.257483827098664,5000.0,Student,676.4741700287624,1948.2579792768947,24,0.139,3,1,1,Very High
49.977644777150495,88803.56092383024,Salaried,685.5334202333876,9673.428239287121,60,0.0109,2,0,0,Medium
42.59633630447748,77199.58892746104,Salaried,642.8316283296651,42876.29033044413,36,0.1805,1,2,1,Very High
32.300869628178766,56249.639544152364,Salaried,617.0558446790083,33260.27134195925,24,0.1091,0,2,1,Very High
41.586633589868136,61002.40825803384,Salaried,654.8568779995276,67159.15791435892,12,0.1101,1,0,1,Very High
47.747054437503365,13873.71325210278,Unemployed,634.4893517439833,7087.490869393291,24,0.0511,1,0,1,Very High
23.2640893887059,17310.123562651137,Student,666.5751286815148,5922.3702913604,48,0.1342,1,1,1,Very High
46.40339944354383,58096.06902280655,Salaried,693.7580328958271,46123.607178876526,24,0.3794,0,3,1,Very High
49.326989994883085,54967.01519876474,Self-Employed,607.3821316927183,49809.011240610154,36,0.1156,0,1,1,Very High
33.12762108134857,40463.69343833522,Salaried,634.8995897976993,47030.40498613811,60,0.2162,1,1,1,Very High
37.30913371864374,53084.66538303618,Salaried,570.3256482485696,38885.4154636508,48,0.0983,1,1,1,Very High
18.0,32391.001559748096,Student,691.0865627039427,19204.744234142658,72,0.1343,0,3,1,High
20.899725582952335,15695.667446397183,Student,577.6258174034081,10858.018942415138,12,0.1317,1,1,1,Very High
46.46898174349164,12184.546562158244,Unemployed,632.8831029646369,1730.5954232962326,48,0.0392,2,1,1,Very High
22.951696275313534,13856.716027292065,Unemployed,535.1720329613585,12425.353589715349,36,0.0897,1,0,1,Very High
58.5913080688378,70418.504688529,Salaried,658.6577949507683,44764.8477221145,48,0.1261,0,1,1,Low
49.955655229966126,20673.64138517093,Unemployed,586.1268914847036,13917.670860186856,24,0.2673,1,2,1,Very High
24.96101635193338,42586.63933825572,Salaried,697.2374429545583,12935.500267139007,60,0.0554,0,1,0,Low
49.5420703208316,42619.5129678027,Salaried,623.5644169935587,12692.364165002575,84,0.0798,2,2,1,Very High
42.88828867851253,112870.42053023464,Salaried,640.8165802661655,95347.88010719171,48,0.2845,0,2,1,Very High
22.563835753320184,22054.14223006637,Student,598.5496757218845,12605.506670920724,48,0.0822,0,1,1,Very High
18.0,11381.665119260659,Student,537.0173915558768,7718.899364135694,84,0.0678,1,0,1,Very High
33.131630154439215,26284.567768825134,Self-Employed,673.2428113460066,26250.689487842355,36,0.1499,1,2,1,Very High
45.762213071302085,58322.5532985703,Salaried,672.9542589759731,44048.40554168237,84,0.1255,1,2,1,Very High
46.11562648431984,81786.66517731197,Salaried,689.743071033284,49848.96707901277,48,0.1234,0,1,1,Low
43.82302177286412,69777.11101888012,Salaried,671.5204900242528,56466.15252912159,24,0.2684,1,3,1,Very High
22.87610899021916,13688.673446088793,Student,543.7416251977907,7925.371853262372,36,0.0579,1,0,1,Very High
52.45571084091458,28228.387001718205,Self-Employed,683.806501950991,10861.654796765353,60,0.2385,0,2,1,Very High
51.247475984824646,71164.32547980806,Salaried,750.7745375041079,32154.41337898685,48,0.0452,0,0,0,Low
18.0,19289.740330154753,Student,543.8394602493092,6040.114863724246,24,0.0813,0,2,1,Very High
43.50708472760804,12834.574221958332,Unemployed,633.7835228296215,4610.6480148045275,24,0.0359,0,0,1,Very High
37.81096770289981,64449.98086513324,Salaried,606.7924359933912,59936.62187131474,48,0.093,1,0,1,Very High
47.84422428896785,53056.13286117889,Salaried,683.059465817607,43665.93978706449,36,0.1823,0,1,1,High
47.00667394063318,75176.187321003,Salaried,697.1492891806599,86425.11277696125,48,0.14,1,1,0,Medium
34.76962779612181,35006.352109620006,Self-Employed,649.7906249274985,30570.63049270506,48,0.0873,1,0,1,Very High
51.17216443944788,66878.68112711789,Self-Employed,639.237900009409,16592.70327444034,24,0.0498,1,1,0,Very High
34.398431878553325,43699.24507158054,Self-Employed,619.1896283656042,28304.111554366373,36,0.0648,1,0,1,Very High
27.779218256005564,15033.173376693661,Student,655.7551938806394,6113.61041453456,60,0.0657,0,1,1,Very High
54.25415342418869,12421.64462089568,Unemployed,639.1257082583879,6767.4771946991095,36,0.117,0,1,1,Very High
34.240337853524146,78932.2225211008,Salaried,713.6330405723785,16735.79911617472,24,0.1462,0,2,0,Medium
57.89663305574822,12000.0,Salaried,649.5160838469657,6256.353829916334,24,0.1521,0,1,1,Very High
38.17444886975892,64330.794234767985,Salaried,645.3725229750232,52598.01971619279,36,0.1068,2,1,1,Very High
41.09064246199781,16791.9109530362,Unemployed,610.2031049104295,8332.445231560727,36,0.1496,0,1,1,Very High
20.12573263329129,12107.387785240286,Unemployed,603.6084340653396,7328.6721773328345,24,0.248,0,3,1,Very High
44.64025260949811,43760.378450824035,Salaried,661.6588469748433,1000.0,84,0.2023,0,2,0,Very High
27.015367801645972,22827.2810877238,Student,625.2802728770606,8430.27043608662,72,0.0369,0,0,1,Very High
37.20171637883017,83176.93510231361,Salaried,728.6435881786276,1000.0,24,0.0012,2,0,1,Very High
44.40035474395791,47921.41486195235,Self-Employed,721.0663525044896,32541.514021210347,48,0.1929,0,2,1,Very High
35.885975645924,90411.02312076115,Salaried,596.4438251265071,76601.69721198211,36,0.1472,0,1,0,High
26.322584264101266,15623.591374057036,Student,578.465247742228,12322.502228941199,36,0.0789,1,0,1,Very High
44.72116077499796,42144.04211725881,Salaried,621.2969259050014,19120.627462167216,72,0.1079,1,1,1,Very High
22.602222404108165,17635.158860101386,Student,576.6919739409583,4182.751754928559,12,0.0737,2,2,1,Very High
35.46023866019541,47577.91335880206,Salaried,617.0818410327432,22169.29524722708,48,0.2966,0,4,1,Very High
27.476686192293815,23986.873362007398,Student,611.8990469582991,17507.642933329935,72,0.173,0,1,1,Very High
41.23479264939977,46786.149770038806,Salaried,614.338218707631,35455.81898769241,60,0.1008,0,1,1,Very High
33.88201257643811,93509.28346498853,Salaried,674.6454086986689,54433.14629313615,72,0.2457,0,3,1,High
37.28939150328904,74089.09165380294,Salaried,631.5759723143128,84049.23955552443,72,0.1134,1,0,1,Very High
40.98811780401793,42664.27700845179,Salaried,726.1394611634217,33018.09820106947,24,0.1399,3,1,1,Very High
18.0,18544.648745707163,Student,563.5727373206248,7351.00973903482,60,0.1021,0,1,1,Very High
66.32690862980098,18017.101337996144,Self-Employed,703.6002391231322,1000.0,36,0.0056,1,0,1,Very High
32.956705122420736,47649.0082590277,Salaried,581.3982578845018,25039.868075863305,24,0.0526,0,0,1,High
32.1872517085419,39321.188353117686,Salaried,651.6044880344012,20778.90246894698,60,0.1778,0,2,1,Very High
55.28708063974234,38793.40405541867,Self-Employed,690.9394310451141,21235.088558778087,24,0.0797,1,1,1,Very High
38.82413410611443,38232.839207032055,Salaried,700.8765808141568,29437.25482598522,12,0.177,0,1,1,Very High
41.700535502985105,93362.32866322182,Salaried,578.2584027878498,51993.51026679828,60,0.1057,0,2,0,High
49.0031285302112,43590.32752309647,Salaried,590.0766478690289,20966.921841584885,36,0.1231,0,3,1,Very High
44.77167254575906,61371.16724301747,Salaried,643.7915157098432,52885.071257943404,72,0.1862,0,1,1,Very High
42.064866872210196,50955.336095826686,Self-Employed,562.5211046811389,18940.424628367724,12,0.1122,0,3,1,Very High
35.469102887405,75976.57770815054,Salaried,660.4361076568688,100241.275217659,36,0.4319,2,3,1,Very High
43.77007243175397,52997.515590146606,Salaried,537.1323823458629,34146.17206225018,48,0.0894,0,1,1,Very High
54.274118036796935,21888.17296989385,Unemployed,600.8458769564915,12750.17669411244,36,0.1083,0,2,1,Very High
25.14971908055631,12288.039222122567,Student,586.6214490506497,16233.07654759047,60,0.1321,1,0,1,Very High
23.0,46835.817086600466,Self-Employed,613.4195914665937,58804.54559675789,48,0.2506,0,2,1,Very High
18.0,5000.0,Student,557.0823438296682,2968.6619416038457,48,0.1594,0,1,1,Very High
53.034256521562924,84195.28144962687,Self-Employed,620.7088680989918,91646.12847835194,60,0.2338,1,2,1,Very High
20.0,19251.506682061914,Unemployed,630.3050118225505,6697.222047376046,36,0.0348,3,0,1,Very High
43.85182107209207,35742.30374646897,Unemployed,648.2270280883226,23792.366115648518,36,0.3166,0,4,1,Very High
40.661132206803636,38367.1697541985,Self-Employed,704.0247058238291,10316.73446669692,84,0.2144,0,3,1,Very High
24.60595964812342,16076.991972214053,Student,608.1080718489542,16463.104877118014,24,0.1024,1,0,1,Very High
37.188968736321144,58662.51621006759,Self-Employed,671.021864661242,50885.37108539806,36,0.0867,0,0,1,High
40.40643505862987,28498.330611269743,Unemployed,627.7277467968435,36287.43623006495,36,0.3773,0,4,1,Very High
29.823715723040138,28560.447991818506,Self-Employed,690.1025550130428,33383.90031397888,60,0.1169,0,0,1,High
34.08226247793466,76751.52020782542,Salaried,641.3185997415615,118769.32994875798,36,0.2297,2,3,1,Very High
38.54539040176175,72406.2158751541,Salaried,675.1684110298249,12529.450778803875,24,0.0173,0,0,0,Low
35.13351235657612,45926.44700565274,Salaried,691.4177386846902,35602.00920524012,36,0.0775,0,0,1,High
45.21252461782477,21565.749418760584,Unemployed,555.9913073713712,12870.368976497317,60,0.1347,1,3,1,Very High
35.085798262615704,51704.62200005228,Self-Employed,593.463261298861,48966.1017201533,24,0.1947,0,1,1,Very High
25.73474258206351,11290.86315471388,Student,579.571529940883,4528.524689107009,36,0.1026,1,1,1,Very High
50.582659720343614,15027.670103050328,Unemployed,611.6461880020445,6731.687644468176,24,0.0698,1,1,1,Very High
26.15882654350192,17665.07229662515,Student,571.376333302221,7141.831546217442,60,0.0404,0,0,1,Very High
39.30810121440529,62425.61498566647,Salaried,679.2965981074088,31420.607849350694,60,0.0753,0,1,0,Low
44.61335494088105,70153.91442553111,Salaried,638.1631384255745,83997.1301413184,48,0.4197,0,3,1,Very High
48.39617183415044,53699.42903465775,Salaried,649.0131698703791,30593.118763961167,36,0.1195,0,1,0,High
24.282575039280992,73620.3369917444,Salaried,652.9297832285056,38801.423752055576,12,0.0527,0,0,0,Medium
35.11127471216702,72277.2335615765,Salaried,630.0457442650888,34859.94140791493,24,0.1107,1,1,1,High
37.15826833658906,74285.77754893331,Salaried,569.4456333325702,87142.66182429562,48,0.1173,0,0,1,Very High
23.27527588649747,17086.377689512763,Student,609.3722637693064,12378.662604073575,60,0.1349,0,1,1,Very High
41.92840623834873,71970.54521537782,Salaried,624.7178448090752,57842.255629008636,72,0.1429,0,1,0,Very High
43.45433437230715,75243.47577111647,Self-Employed,625.611481887335,3451.5773971479794,36,0.0296,0,1,1,High
52.89780684804049,56053.29821427709,Salaried,722.029008049917,37412.27915021257,48,0.0667,0,0,0,High
40.56244016918724,73098.23529835569,Salaried,631.5637548858407,43807.24496519754,72,0.1599,1,1,1,Very High
43.58476917357593,19233.21203694413,Unemployed,554.8874723738792,5059.901401271479,60,0.1263,2,1,1,Very High
36.3319670814402,65841.69122170207,Salaried,634.431815481021,24130.23267160045,36,0.0366,1,0,1,Very High
21.454922057378855,7030.005581447511,Student,592.2049108628548,5145.721825231118,24,0.0732,0,0,1,Very High
39.29314461290216,20331.920327474156,Unemployed,622.4112091544301,1000.0,36,0.0049,0,0,1,Very High
33.7004976871936,17913.284537148298,Unemployed,650.7591285774351,12437.276036623976,60,0.0944,0,1,1,Very High
41.9919954302635,64460.799748073856,Salaried,691.5439945932469,20363.613911416014,24,0.0941,2,1,0,Medium
49.21601313120971,51106.017938748955,Self-Employed,663.1855851736839,15505.029500921548,48,0.0553,3,1,1,Very High
27.173399267907893,22552.236273755498,Student,605.4836669203645,23974.657260415028,60,0.2063,3,1,1,Very High
51.53549256345492,18117.309139656638,Unemployed,632.4100428691579,14768.25693049371,24,0.144,0,1,1,Very High
46.61090022027338,69193.80594870013,Salaried,717.2985646500548,29615.753747250023,36,0.1428,1,1,0,Medium
27.918524588405823,44117.43755014878,Salaried,723.9500581210842,6612.561915942915,60,0.215,0,2,1,Very High
53.716157438450686,66274.11045390941,Salaried,645.4312506625859,21181.303212158913,84,0.032,1,0,1,Very High
18.0,21591.95590808605,Student,643.5869527536685,18675.307881488196,48,0.1115,0,1,1,Very High
30.27776322396455,28930.295020307767,Student,645.5574792018366,13041.255065378591,36,0.1451,1,1,1,Very High
43.307484365976755,61303.03028112449,Salaried,685.1373160949666,42600.6318416272,60,0.1195,1,2,1,Very High
28.193264427866396,47787.213043910495,Salaried,630.3500854120286,64115.442476934695,36,0.1342,0,0,0,Very High
42.05737445747443,10000.0,Self-Employed,595.3633917862535,1281.4435468149227,72,0.0628,1,2,1,Very High
20.71373245380026,28003.498814757688,Student,621.1643445574554,17828.489848610494,36,0.0637,1,0,1,Very High
36.67454877147367,86111.8994352968,Salaried,683.8112514580386,34365.68071583731,36,0.1024,0,1,0,Low
54.12794351554245,38841.58358347202,Salaried,646.3503140467723,39836.6912518382,48,0.1651,2,1,1,Very High
59.873888375845574,61392.12143927311,Salaried,591.547895729599,5075.552363483383,36,0.0083,0,0,1,Very High
27.139248623567326,31602.453864983563,Student,608.6145216094427,9885.773914163854,24,0.1563,0,2,1,Very High
39.039865355446864,68980.61318098953,Salaried,696.4534436023941,46364.043431141254,48,0.0672,0,0,0,Low
58.29813140325852,18381.570864575304,Unemployed,689.5907535286893,16937.26992202614,48,0.1546,2,1,1,Very High
27.42032366423143,21551.141782447798,Student,660.2033871485884,18602.175117653853,48,0.1488,1,1,0,Very High
24.917405167841437,30065.590408718264,Salaried,699.38009076252,8742.8984259282,72,0.0291,0,0,1,High
54.24634231740915,56289.091854535676,Salaried,699.7555405933344,18189.57837748433,24,0.1323,1,1,0,Medium
39.097320993009326,62713.556639905044,Salaried,661.0381641003494,62364.49668805472,84,0.0994,0,0,1,Medium
29.58264400072451,15365.909729667084,Student,632.1735726585727,10117.451380830458,24,0.1908,0,2,1,Very High
40.56777041679101,37862.68760780642,Salaried,575.7788092148463,32385.754467353447,60,0.0855,0,0,1,Very High
20.236133403524992,25883.4869943529,Student,695.4881174443332,17435.716687851636,48,0.2549,1,3,1,Very High
39.158747974619274,74333.31091424986,Salaried,630.5622225981857,61524.73019719546,84,0.1453,0,1,1,Very High
46.5077110270643,61474.81958765329,Salaried,691.5403213169433,66205.76948008518,72,0.2327,0,2,1,Very High
39.23110472500758,55838.63703777963,Salaried,680.8557938764775,52571.60508770401,72,0.1566,2,1,1,Very High
43.82696183733225,108414.6171658613,Salaried,679.2328033485137,64427.36195178042,12,0.1594,2,1,0,Very High
46.61410213056994,43800.86687846176,Salaried,678.4655627880044,15956.940034157153,48,0.0364,1,0,1,High
32.18285496339945,19426.02127072961,Student,621.5997181315247,12439.113119558748,36,0.1265,1,1,1,Very High
29.694640722236798,19995.24817705106,Unemployed,655.433117068317,6414.017717455032,60,0.0321,0,0,1,Very High
51.486029571548734,81599.66955561304,Salaried,721.4812054576149,47142.29288388413,24,0.1578,1,1,1,Medium
23.70933067089804,45417.46556767637,Student,663.3920826960064,22314.675237374868,84,0.0491,0,0,0,High
33.97105474258899,78455.62559396755,Salaried,659.9225807850598,74417.98317068123,24,0.2199,1,2,1,Very High
47.1183927390592,33933.997834195965,Self-Employed,697.1744830863822,11926.79655760265,36,0.0351,1,0,1,High
45.55263259539432,98236.6359828637,Salaried,619.7833476137561,87115.0966580388,60,0.1387,0,2,1,Very High
28.632201656241364,69413.13726686343,Salaried,631.016598605383,46762.752048796545,72,0.1924,0,5,1,Very High
33.9626584848448,71208.55529348824,Self-Employed,648.4303757791592,101027.0039001604,12,0.2169,2,3,1,Very High
32.32586641761844,76268.4122915441,Salaried,584.4389095709693,87470.8972697001,48,0.1147,0,0,0,Very High
49.43929389042238,3000.0,Unemployed,606.1831798181739,1394.486784591283,48,0.0965,1,2,1,Very High
36.8255473199848,61986.36822120479,Self-Employed,682.3393443106685,29018.799334683576,60,0.1468,1,1,0,High
47.47117017694522,70951.15013977168,Salaried,570.2296154501015,59367.88161718751,84,0.1462,0,1,1,Very High
40.37331629184053,40747.09158179303,Salaried,623.5366367738139,19521.316671686425,60,0.1104,1,1,1,Very High
37.670167158876644,117765.51140469126,Salaried,648.273239263722,70912.52840832446,24,0.0852,0,1,0,Medium
32.112451701687895,80472.48485284261,Salaried,751.8906002277273,38868.22900129439,12,0.0483,0,0,0,Low
57.5754493631706,60799.01246329058,Self-Employed,710.839481173134,44298.08309535774,72,0.1479,3,3,1,Very High
19.848947839366907,19849.793674356166,Student,643.0373319758178,13029.03440581364,72,0.1156,0,2,1,Very High
32.25995057360852,96365.25384567477,Salaried,708.0453554149941,27713.849538655933,36,0.1538,0,2,0,Low
33.665591404530126,49865.7901474254,Salaried,706.005851041313,35306.222947885246,84,0.0708,0,0,0,Medium
24.945397910546035,24645.574164992147,Student,624.469015424386,6241.423189138777,48,0.2128,0,3,1,Very High
66.16614116865597,75856.96421520182,Salaried,678.933657547787,38868.770844819475,48,0.1137,0,1,1,Low
58.20552016152666,25397.06329442415,Self-Employed,635.4295683092554,13613.568622341747,24,0.1786,0,2,1,Very High
41.359250258883215,51301.21213795957,Self-Employed,624.9411852081879,38476.44217189291,12,0.2625,2,3,1,Very High
29.303171975632083,14238.048318146699,Self-Employed,652.6725335136999,15997.886340106554,72,0.1749,0,1,1,Very High
32.95632611632617,68052.88182547479,Salaried,684.355798339645,20023.43189265902,72,0.0294,1,0,0,Medium
23.582853322550204,34507.065432835916,Student,626.0536237835381,28467.689506980198,60,0.1075,1,1,1,Very High
22.66581898577242,12899.82973071398,Unemployed,689.6620867788082,1000.0,48,0.0703,1,1,1,Very High
37.817404721154034,70472.69730232056,Salaried,579.0386595046294,25099.441372821027,36,0.0356,3,0,1,Very High
56.01956539476033,53991.62676585507,Self-Employed,543.5343928266951,80518.51889306698,12,0.1491,0,0,1,Very High
32.648861386567695,64151.323798417834,Salaried,660.5538843178587,69673.3887174392,36,0.4086,0,3,1,Very High
21.063113941058194,18930.523177177707,Student,609.737778128687,19397.892261902,36,0.1525,0,2,1,Very High
49.48755297883865,27129.729086349562,Self-Employed,670.7655777033273,17748.01413721175,60,0.0654,1,0,1,Very High
19.83421496508733,24125.935019492743,Student,609.8926566136345,15179.634251328382,48,0.1629,1,4,1,Very High
43.99566592708405,72051.14264058055,Self-Employed,664.0249157563763,79547.12831667833,24,0.3104,2,2,0,Very High
26.303487763321172,6702.490390481591,Unemployed,601.5503735987903,2519.3291022869034,48,0.0376,0,0,1,Very High
24.523847428715357,15247.191938776537,Student,581.9004268755707,5627.867832136919,72,0.0619,2,1,1,Very High
37.020627356133424,58934.90462132648,Salaried,672.9776673544899,24321.048824434045,24,0.1413,1,1,0,Medium
43.044212316605126,64013.38856966316,Self-Employed,684.9165896663919,53380.93950153089,24,0.1459,0,1,0,High
21.19785067442631,9550.955264190043,Student,633.8049450936442,2761.6798592381797,48,0.0539,0,1,1,Very High
31.32153759266187,80343.75533676783,Salaried,625.1588539712724,59436.36659925695,36,0.1365,0,1,0,High
46.958096725123,10574.936528174305,Unemployed,562.2771606323009,8337.780606348042,84,0.2038,0,2,1,Very High
33.48858389359464,110830.2301567501,Salaried,601.9404381497432,118642.35112709472,36,0.132,1,1,1,High
35.534785393964626,15354.094488239973,Unemployed,585.9063181631773,7278.630863644924,48,0.0474,1,0,1,Very High
29.26255072313248,12593.191137399233,Unemployed,656.2876673434433,10303.193433320044,24,0.0818,0,0,1,Very High
38.660117695788436,83523.67810934957,Salaried,611.6360655664281,21691.573087485558,12,0.226,0,2,1,Very High
27.22578730826382,33880.13106345292,Student,578.3799348344378,10250.12950825622,60,0.0303,0,0,1,Very High
36.197890200266514,75690.29514403355,Salaried,723.5130710119663,1000.0,36,0.0013,1,0,1,Medium
50.52722203487119,58350.856161483825,Self-Employed,677.2737960035863,27355.92939539334,72,0.0969,0,2,1,Medium
56.555518025403074,72771.03362558431,Salaried,637.5737148883502,5489.61578575553,24,0.1075,0,1,1,High
39.58798657737567,29027.996219878096,Self-Employed,604.2146947121062,7606.607879052849,36,0.0512,0,1,1,Very High
29.2565153397568,35278.75480706984,Student,634.5706374923582,30536.148850650523,48,0.2116,1,2,1,Very High
24.512681573616526,75794.69034512702,Salaried,631.9775125488682,89370.27634474894,60,0.1429,2,1,1,Very High
32.492068217125194,42737.748980605465,Salaried,640.4891896918747,33273.75262467039,36,0.0779,1,0,1,Very High
60.06555006467187,3625.648783110022,Unemployed,582.8792608920094,2670.262034627951,48,0.0736,0,0,1,Very High
41.11176182638039,90718.14368354545,Self-Employed,611.7950934067633,75877.67293058401,72,0.2836,1,2,1,Very High
55.87571612746969,27989.868214499355,Self-Employed,681.399289337486,24156.388017626698,36,0.1863,0,1,1,Very High
48.61837266366608,51146.851796227624,Salaried,594.5394344687508,15609.573526043387,60,0.0555,0,1,0,High
43.295996214934384,43548.24754695277,Salaried,650.7233672294021,70087.8360899936,24,0.2109,0,2,1,Very High
23.950235248701127,30617.387597137207,Student,612.4833987717075,1000.0,60,0.1283,0,2,1,Very High
42.94755077489852,64145.41649183283,Self-Employed,658.7292936870009,67349.69304465404,36,0.105,0,0,1,High
54.030755448277056,4362.610859571967,Unemployed,605.4019348279794,2882.9815232453698,36,0.3161,1,4,1,Very High
52.14478195285316,41519.83347954714,Salaried,558.7979005483959,38638.610403582556,36,0.1431,0,2,1,Very High
28.137735077100157,85306.12565249635,Salaried,612.2564305557818,77404.32406460041,60,0.2157,1,2,1,Very High
31.799565273986342,45893.63819473144,Salaried,657.003591244934,29882.7107700733,24,0.1901,0,2,1,Very High
64.56030208993778,64440.4957306106,Self-Employed,645.425324222133,55307.43991926505,48,0.0858,0,0,1,Very High
21.65852125495849,5871.829390330269,Student,649.8516039232416,6248.159426675242,48,0.1689,2,1,1,Very High
35.797892719383455,64073.48204171827,Self-Employed,659.4230481010082,42706.31166668283,24,0.3792,0,5,1,Very High
59.51311180337755,81366.85486272025,Salaried,668.4475792035738,65516.433124644354,36,0.1055,1,1,1,Medium
19.685315380512638,30811.123625671324,Student,574.7186213150524,20101.16100477776,36,0.1652,0,1,1,Very High
25.734470066203738,19669.98694251129,Student,582.1425653457402,5677.265958857537,60,0.0289,0,0,1,Very High
44.035516920638884,32675.790442451744,Self-Employed,688.0256250215058,11654.35153892803,72,0.1607,0,2,1,Very High
53.884284490537205,44599.71021157957,Salaried,691.2150421626287,46748.75060767886,48,0.1548,0,2,1,Very High
25.97383604150192,15707.325153309612,Unemployed,600.9265143792239,9828.34434654725,36,0.4626,0,4,1,Very High
42.25257547581567,66554.96385921212,Salaried,647.4064471141045,23997.163117299202,48,0.0361,1,0,1,High
19.992976608745998,21176.266400123928,Student,638.4650378576074,14756.708479144665,36,0.1947,0,2,1,Very High
29.897103759462667,55696.999157988896,Salaried,615.9115935358996,16376.677166554176,84,0.1544,2,2,1,Very High
29.144353151513503,9717.324653753065,Student,644.2920505397501,8306.418745141118,72,0.148,0,1,1,Very High
19.80865417824733,9520.752527168379,Student,590.8708720747254,7198.412763284654,48,0.4506,0,6,1,Very High
43.81930767578363,44656.3287091469,Self-Employed,606.4875293897334,11717.249733629513,36,0.0887,1,1,1,Very High
38.495494680715076,11970.394446736715,Unemployed,601.1614654396592,4974.470785817286,24,0.2416,0,2,1,Very High
26.70353442639077,17393.281145314166,Student,573.3798668233603,4044.091747515356,24,0.0733,0,2,1,Very High
34.48220381961833,26719.28896297251,Salaried,748.3729095720655,32351.060550663722,24,0.3211,0,2,1,Very High
23.485103873235374,14117.386579739894,Student,645.7077646123594,6061.597695175851,48,0.0429,0,0,1,Very High
46.71427517314385,63202.942232987145,Salaried,648.3452691406602,1000.0,84,0.0016,1,0,1,Very High
57.41938783871663,50921.38398558929,Salaried,685.5324272979494,1000.0,24,0.002,0,0,0,Low
22.0,117106.70866832166,Salaried,671.16601738064,29642.187350030024,60,0.0503,1,1,0,Low
40.77975538808098,53790.686559716116,Salaried,597.4751856295164,29396.806110754067,84,0.1172,5,1,1,Very High
36.45240498037293,63385.81407975679,Salaried,682.1934888465529,14007.437753283964,48,0.0846,1,1,1,Medium
28.407239934711846,5000.0,Student,671.8741789918193,3581.2963063281372,36,0.1716,0,4,1,Very High
39.12530086083582,27701.007653343117,Unemployed,610.1194129918616,22802.31160834683,48,0.2698,0,3,1,Very High
25.0767601871371,17888.999652380364,Unemployed,590.5958877837007,1132.9854346672646,72,0.1063,1,1,1,Very High
40.04609296025065,46501.24194733095,Self-Employed,649.8084434733452,19317.890407999053,72,0.1665,0,2,1,Very High
54.824475157925065,55864.2326910743,Self-Employed,709.6371290524197,63866.98105596411,60,0.1643,0,2,1,Very High
25.967044811449266,13800.327275550559,Student,631.8240797730981,5658.848937852321,48,0.1035,0,1,1,Very High
19.843226463604694,15593.85320621735,Student,605.5408643197784,10082.824105789916,72,0.1397,0,3,0,Very High
32.518725144100955,58009.21105595047,Salaried,671.168339412438,45096.0448099451,48,0.1527,1,3,1,Very High
41.27833966344184,18568.133100903673,Unemployed,579.5724922278098,16208.034542848485,36,0.1498,1,1,1,Very High
54.8658294299471,99071.29629350005,Salaried,705.6329526616056,109080.44174014391,36,0.1601,0,2,0,Very High
53.385856838964514,76118.60492024542,Salaried,665.9905926031443,19344.984412271377,84,0.0879,0,1,0,Low
18.942620788789217,19609.581810206015,Student,578.3885937478135,16569.016055940272,48,0.0845,2,0,1,Very High
41.384394453235004,46515.913308937656,Salaried,681.9131254855558,36560.353537102055,48,0.0786,0,0,1,High
30.756660706236467,8196.110313913488,Student,578.2212357577633,7334.136450331115,72,0.1145,0,1,1,Very High
42.36586999546538,56861.1509275246,Salaried,674.4382969152982,76449.2038794728,48,0.1344,2,0,1,Very High
33.6036565074814,3000.0,Unemployed,643.0580058943185,3260.3790580356153,84,0.2337,0,2,1,Very High
44.51346933656741,56686.770363752905,Self-Employed,591.3007441566325,64444.038601360204,24,0.1637,1,2,1,Very High
37.503917280514074,70374.79678990692,Salaried,688.5952462494267,82733.05495731365,72,0.3176,1,2,1,Very High
37.66319240907003,51819.25720453122,Self-Employed,650.0788465326079,57601.47873160219,36,0.2362,1,2,1,Very High
55.86306958656022,59626.055522554525,Salaried,583.7564564589754,1316.683667890764,24,0.1022,0,1,0,High
25.644479361206713,68336.68165531765,Salaried,659.5724311234992,59867.81085442206,36,0.0876,1,0,1,Very High
42.54068749018561,77693.89040895626,Salaried,654.8316551622637,66479.94960884399,48,0.1481,1,1,0,High
44.5306725023481,85732.77169182023,Salaried,676.6332344691479,35526.190766700354,60,0.0414,0,0,0,Low
45.87863423916493,56277.87164228632,Self-Employed,649.447780373092,59931.10082018619,60,0.1065,0,0,1,Very High
26.399070262134227,16647.31732262428,Student,610.9658976074362,11206.782145981102,48,0.0673,0,0,1,Very High
22.875155259399953,22188.340224244337,Unemployed,544.4481989751789,14116.765115603737,24,0.1886,0,2,1,Very High
49.74781693815638,71378.32922177853,Salaried,655.1859242170801,31872.689549545627,72,0.2322,0,3,0,Medium
32.1190399022272,51883.63736267397,Salaried,641.9084755554966,33511.48472199423,24,0.1646,0,1,1,Very High
37.778726259280084,55676.83806566852,Self-Employed,626.8953873565371,30450.011394449342,72,0.1172,0,1,1,Very High
48.26827445341223,75022.36058500315,Self-Employed,687.1439397599906,34594.163390485475,72,0.1711,1,2,1,Very High
19.182055789004902,18422.248754083826,Student,625.2284967029232,10322.348230969652,24,0.056,0,0,1,Very High
40.61388264274945,3450.1773948701175,Unemployed,680.613255260854,1000.0,60,0.154,1,2,1,Very High
23.14404482047558,12774.230291107335,Unemployed,661.0992278740938,7686.602466142249,60,0.0852,0,1,1,Very High
38.45766950101863,53157.68111010715,Salaried,665.4016990634885,58775.906279706694,60,0.3606,2,4,1,Very High
45.23505905547979,5094.336063134098,Unemployed,592.5753399173593,5645.73072638256,24,0.1108,0,0,1,Very High
36.8757642495127,50002.17222945137,Salaried,623.2829467327775,26358.926584767647,36,0.1527,2,1,1,Very High
37.299090935962056,37775.99012860752,Salaried,636.3650698768741,6046.83328025491,60,0.016,0,0,1,Very High
37.70395691803384,20633.536295764552,Unemployed,619.218581036806,14312.880490214795,60,0.0944,1,1,1,Very High
29.857521281426408,16158.9104551069,Student,610.2746117567592,12416.714160802676,36,0.2768,1,2,1,Very High
26.784367746845348,23534.261009906717,Self-Employed,644.2799365021742,5511.72369405417,24,0.0234,0,0,1,Very High
29.419554925203904,74813.19190827983,Salaried,664.9734148071669,52236.75252087969,48,0.2698,1,2,1,Very High
55.246238894176656,52805.59133192146,Salaried,673.0175103857,39251.374675188505,60,0.1993,0,2,1,Very High
46.28156943233337,77671.04785540649,Salaried,686.0170861685073,83465.11334570288,24,0.1075,2,0,1,Very High
45.26287039565678,85782.21958821092,Salaried,655.9963758631546,66651.924512979,48,0.0777,1,0,0,Very High
49.225891587819596,13754.888233170937,Unemployed,613.377362880568,12980.643696971509,24,0.1569,1,1,1,Very High
41.029159068884,68105.00650081948,Salaried,668.425606922603,42418.572710946566,24,0.0873,1,1,0,Low
18.0,22269.78694207093,Student,583.2658551879148,1000.0,72,0.0045,0,0,1,Very High
18.0,23084.287927472084,Student,643.5758601898386,7465.800889248872,60,0.0948,1,1,1,Very High
30.202551677554617,50143.12889231276,Salaried,659.7818631892907,2330.023733913904,48,0.0296,0,1,0,Low
37.75548586214128,66156.6955211776,Self-Employed,649.4780318320409,80190.22270999457,24,0.2212,2,1,1,Very High
50.812702679845316,58103.1546125169,Salaried,625.8457122889253,59358.88674534837,36,0.1647,1,1,1,Very High
40.515352764729464,70510.5081953776,Self-Employed,657.1399010318011,24184.501764437708,72,0.0593,0,1,0,Low
26.6146755511004,65681.52476196371,Salaried,645.6689559289889,63526.57055445783,72,0.1217,0,1,1,Very High
47.66655005063986,12002.518216108734,Unemployed,579.6742316559502,15049.495979760464,24,0.1254,0,0,1,Very High
37.66711666616425,66253.96606473428,Salaried,661.4478506270086,85675.31922001886,48,0.1918,0,1,1,Very High
19.04833969639952,17137.286437448187,Student,642.7773455777814,10920.75765190382,24,0.2637,0,2,1,Very High
29.62033269942623,76762.0020972299,Salaried,632.2851075193634,16278.523586504532,48,0.0212,1,0,0,Very High
55.65594490326089,58198.00853867162,Salaried,584.3983161975657,64920.86917700901,72,0.1366,1,1,1,Very High
50.47324920963417,70907.00793242108,Salaried,702.2070840861223,38414.41388480236,60,0.0792,0,1,0,Low
49.21001687147067,56314.51566626581,Salaried,675.8548932619029,64510.209412233315,12,0.2146,1,1,1,Very High
49.59085964084042,72076.04094596316,Salaried,607.0443374237198,8378.55073964001,48,0.0116,2,0,1,Very High
31.775267662516868,80820.63444841045,Salaried,681.9319714457362,113955.18762592097,24,0.166,0,1,1,Very High
21.64841165318164,19426.460825268394,Student,627.645819529022,11503.721877702157,36,0.0592,0,0,1,Very High
45.18467169391943,64093.111070730076,Salaried,672.871491110936,79394.31314225178,72,0.1239,1,0,1,Very High
38.28886772836268,58088.63853601151,Salaried,657.7565895067949,8166.420297256362,60,0.0391,0,1,0,Low
18.0,12696.136025618292,Student,611.5942779673376,10558.856552498188,60,0.1832,1,1,1,Very High
51.90215566564875,80959.7558502216,Salaried,608.6935946392647,79502.19564452462,48,0.2232,1,2,1,Very High
21.297276056584494,34627.046316342516,Student,565.8130570350779,1000.0,24,0.0279,1,1,1,Very High
44.84530982889545,95610.24712663767,Self-Employed,688.0670721842354,49293.169214649424,72,0.1141,0,1,0,Low
70.0,77864.34241871921,Self-Employed,696.3761541481567,57826.579707767734,24,0.0743,1,0,1,Very High
26.15188134107341,20771.774826171328,Student,618.499502112644,8124.179071525299,48,0.0391,0,0,1,Very High
35.92172060097827,18082.59205253651,Unemployed,594.35694882817,23034.021847144497,84,0.2024,0,3,1,Very High
50.03439825549406,43659.43950451971,Salaried,636.8944247651225,41223.69337620798,24,0.1194,0,1,1,Very High
27.8495118073051,11832.136992408577,Unemployed,538.5247387592133,3943.2933453816863,36,0.0333,0,0,1,Very High
28.49293194275196,21007.710905916036,Self-Employed,638.4294273394446,24495.727392922763,36,0.1791,0,1,1,Very High
23.22393225766169,5792.795837828138,Student,545.2470615370963,5646.24275858874,24,0.2225,0,2,1,Very High
39.3604697656576,65319.200886894,Salaried,599.9414772394115,42905.1903520549,36,0.1657,0,1,1,Very High
36.56312227427918,55349.38298182293,Salaried,662.3776732028276,5172.675960521545,60,0.1343,2,2,1,Very High
36.19997046781154,80090.89366163225,Salaried,715.0515473141634,40243.03647867681,12,0.0502,1,0,0,Medium
36.773283601411684,63880.05741061004,Self-Employed,691.8729827300635,43856.76749173729,84,0.1187,0,2,0,Very High
31.972798440145073,7629.201256191706,Unemployed,618.6128678574775,5212.152252504391,84,0.1183,1,2,1,Very High
18.0,20067.17632827854,Student,624.4998248620557,5754.247346806058,60,0.0537,0,1,1,Very High
20.0,13736.131435436593,Unemployed,640.2112136807748,14379.01525476866,24,0.1047,0,0,1,Very High
40.379563292270355,56727.68295298585,Salaried,704.8581977001481,60188.58663474439,48,0.1061,1,0,1,Very High
22.53772738966831,30851.20081595177,Student,583.3026249201641,10122.776859772708,60,0.3328,0,3,1,Very High
47.81067167670975,13144.527859396701,Unemployed,653.1487397688901,5825.556050577986,24,0.1068,0,1,1,Very High
25.16485140338212,26060.785049961374,Student,621.694465845456,26827.29637036052,60,0.1654,1,1,1,Very High
56.95801964384861,102163.55942265682,Salaried,659.8678604330175,80562.7148876944,24,0.1789,0,1,1,High
37.112044802876,68442.10196590381,Salaried,622.198130215171,1000.0,12,0.1265,1,2,1,Very High
23.878765560222085,25165.88356955275,Student,597.4996510312611,11765.857182483318,48,0.0468,2,0,1,Very High
35.03235333959152,38310.05726856063,Salaried,682.8623385068888,34356.78353098619,36,0.1147,1,1,1,Very High
35.27670895376508,49315.65773188819,Self-Employed,628.2768422582707,63601.55828428327,72,0.254,0,2,1,Very High
29.28690860648467,74812.13804911777,Salaried,690.6451741298847,48346.48927399489,24,0.0646,1,0,0,Medium
41.022337789557135,58354.69553738064,Salaried,719.3428393004926,55977.23204922839,24,0.1209,2,1,1,Very High
30.340980119669467,11056.740470700253,Unemployed,653.977399514061,6230.842737805015,24,0.2439,0,3,1,Very High
45.003242717271185,80862.68606563454,Salaried,692.1584515228066,46013.22214083502,60,0.1319,0,3,1,High
31.442307603480945,15524.488967720717,Student,631.1684173800775,11629.57565929494,24,0.0749,0,0,1,Very High
36.382035925504866,34264.45568502396,Salaried,717.5098824444319,27504.2580958966,60,0.2803,1,2,1,Very High
27.237609154268483,18219.94792862535,Student,620.6958270935514,16931.44003784274,36,0.2929,0,2,1,Very High
36.524603995070485,44848.54144819314,Self-Employed,698.0115955848345,29934.14946555929,24,0.1917,1,2,1,Very High
31.98340479170043,38803.10207949037,Salaried,670.1908149955129,4414.467022622033,60,0.0364,2,1,1,Very High
18.0,14747.220058300212,Student,629.4868124184759,12177.339691917154,24,0.1451,0,1,1,Very High
48.19091345445794,70678.12002350947,Salaried,680.0925306386931,65839.2894020429,60,0.1557,0,1,1,Very High
31.151927783275067,11562.50851305281,Unemployed,606.777988009632,9097.118566731653,60,0.0787,0,0,1,Very High
28.86051226592584,72953.49956027303,Salaried,658.804818916721,105237.38347257978,36,0.2443,0,1,1,Very High
39.808391362354634,73950.37097650643,Salaried,668.8970942573433,92465.1733185998,72,0.15,0,1,1,Very High
47.305880021449745,60587.673266112244,Salaried,677.3273623464473,38124.7999873028,24,0.1129,0,2,1,Medium
23.05111617216445,8206.176353871138,Unemployed,605.1596822723895,6225.7032624723815,48,0.1259,0,2,1,Very High
19.26728220844667,18176.80381967802,Student,548.077961653304,21347.10299432808,60,0.1799,2,1,1,Very High
48.262737643153436,83094.58300312799,Salaried,716.7224250854264,72558.54062885352,72,0.0873,0,0,0,Medium
24.08831946326203,92297.39114804349,Salaried,616.0604743481241,72861.09262701319,72,0.0789,0,0,1,Medium
28.990250328674527,14645.787560267901,Unemployed,642.4619657886514,6385.347369471445,36,0.6436,0,6,1,Very High
33.01051569051545,64423.0238511761,Self-Employed,656.554136464504,41182.94531471651,48,0.1264,3,1,1,Very High
40.5136149630834,54213.6319100056,Salaried,682.2081771774807,41014.43865434227,48,0.0757,0,0,0,High
44.502825998852664,67835.29155379422,Salaried,660.5924845473596,51171.0086661232,36,0.2004,1,2,1,Very High
39.518920180377556,52043.91264227607,Salaried,624.9256592044821,32504.82547067336,84,0.125,0,1,1,High
24.789821832880516,5756.210703783852,Student,635.1959682737407,4372.213333555799,36,0.101,1,1,1,Very High
50.9656022358225,10718.711272474051,Self-Employed,683.9912201365869,12860.414177386658,12,0.12,0,0,1,Very High
38.34947634841945,3000.0,Unemployed,567.5523776997587,1000.0,24,0.0583,0,1,1,Very High
34.20301466001656,77548.56714598008,Salaried,685.2354331628522,33839.529185216714,24,0.0436,0,0,0,Low
45.41218543948583,4858.2838639470865,Unemployed,559.1759070755877,4584.34239331137,72,0.1569,0,1,1,Very High
22.544517790418876,10455.63844207257,Student,630.8034290917657,3060.57659119457,48,0.0918,0,1,1,Very High
31.514368574244294,13740.999289947056,Unemployed,644.0568448051612,8223.157948043125,72,0.0598,0,0,1,Very High
37.3182817635228,84627.72525058324,Salaried,603.577634395184,59121.41213625143,24,0.0949,0,1,1,High
46.972946588903966,89856.90468145206,Salaried,707.472934835383,84293.5629876352,72,0.3938,0,3,1,Very High
37.01625933553028,58130.291421421025,Salaried,643.5480696100747,30692.773434238927,72,0.1778,0,2,1,Very High
34.77197343335832,30509.843880510383,Self-Employed,629.4553208027144,20278.18771862579,36,0.0665,0,0,1,Very High
37.47499535643219,107633.0484817992,Salaried,702.6156966342728,45491.32927054414,24,0.0923,0,2,0,Medium
18.0,14939.529513816604,Student,621.6482319530816,14611.57378679814,36,0.2228,2,2,1,Very High
26.49736971378555,26650.998351497172,Student,645.8117472216816,12589.32530946112,36,0.0472,0,0,1,Very High
54.30060723261278,14973.100941949946,Unemployed,595.9241211007773,10284.316595413315,84,0.1187,2,2,0,Very High
27.083053206303234,14494.049722093987,Unemployed,572.6545726041674,16786.004263037128,60,0.1908,0,3,1,Very High
42.177105468326815,72971.00181655766,Salaried,666.6531681665394,44332.613660805306,48,0.2483,1,3,1,Very High
30.234290029726036,21111.69503016663,Unemployed,656.9685832111664,5662.784645761922,36,0.0268,0,0,0,High
53.16996604845646,11957.096102633039,Unemployed,611.5282701703698,8684.387449746946,60,0.1976,0,2,1,Very High
46.53374414208798,63093.24458053997,Salaried,611.9765154386288,61858.37131051693,48,0.098,0,0,1,Very High
34.36709005658046,105012.70338167758,Self-Employed,692.0813653145907,107856.18235550105,60,0.2902,2,3,1,Very High
27.397406969150623,25355.302333920798,Student,632.1088797819318,1000.0,48,0.1289,1,2,1,Very High
24.828043816016233,64643.63728997617,Salaried,634.8841021052962,102758.35536090487,24,0.184,0,1,1,Very High
44.22164801222438,82608.64562422404,Self-Employed,624.5604820552876,65633.26031862726,48,0.2045,0,2,1,Very High
18.0,27841.95785825599,Student,684.5242154023682,15579.768400951845,24,0.1185,0,1,1,High
43.984621307673436,14310.601608434035,Unemployed,600.5047309877037,3265.1983293406447,84,0.0228,3,0,1,Very High
44.796038418473834,45425.48421533607,Self-Employed,687.4983328468202,2512.246288691491,60,0.1305,1,2,0,Very High
31.38697063493089,63447.521008285345,Salaried,680.9145295632161,19015.957370333956,60,0.23,0,2,1,Very High
23.84657689837286,71339.99857675206,Salaried,653.2628358027124,1693.221262751089,24,0.0524,1,2,0,High
24.218748622069942,55042.066273216034,Self-Employed,683.8548983488623,33791.506933808356,72,0.0614,1,0,0,High
25.109085393720378,19039.000331123494,Student,581.9917341751891,6076.559650880501,24,0.0819,0,2,1,Very High
27.11545508156432,96119.78221163695,Self-Employed,693.7695975418795,60927.09160939324,84,0.1134,0,2,1,Low
35.296656387723964,11860.350249999517,Unemployed,552.4076698759937,13179.086071521746,48,0.2361,0,2,1,Very High
57.46496880086289,3000.0,Unemployed,577.011628711981,2361.587646619463,48,0.2037,0,2,1,Very High
22.617543813798296,9615.824949810985,Student,564.1462871709945,6344.292554648822,72,0.091,1,1,1,Very High
44.77326379219023,86794.4242012119,Salaried,662.6323700301485,60273.42891806727,60,0.1694,0,1,1,Very High
19.662451979422556,16255.597923714635,Student,636.3054231682413,5767.802802806226,24,0.098,2,1,1,Very High
42.12092226301611,35445.186988388115,Self-Employed,676.004327603264,32580.794977947597,36,0.0919,0,0,0,High
42.21165835271975,21085.980208251716,Unemployed,588.4895258810849,1000.0,60,0.0047,1,0,1,Very High
30.080564232315545,60815.55690221708,Salaried,629.945154080065,13416.140139530151,72,0.0846,1,1,1,Very High
49.16906059026578,21601.76163777706,Unemployed,552.9589282234105,27591.33482450717,36,0.3277,0,2,1,Very High
22.048621030898644,5000.0,Student,639.4211015914194,4050.6446641108614,72,0.081,0,0,1,Very High
51.84713381084195,78545.15260706426,Salaried,626.6947642764189,60350.09345457313,72,0.1768,0,1,1,Very High
26.740596275979012,14048.176947717284,Student,672.1585483278408,18887.03678019627,60,0.1594,0,1,1,Very High
18.921574114799636,16627.71336818707,Student,660.1575314207353,15391.01239217115,60,0.1676,0,3,1,Very High
45.8391631975484,58182.11805339339,Salaried,693.9413262360762,24386.90217501449,48,0.1169,0,3,0,Low
20.31505675560992,12011.337037666723,Student,653.6133502248546,9644.742220945634,36,0.1428,1,1,1,Very High
28.967913392298875,96763.94447521163,Salaried,721.0422033760655,17750.46185259006,60,0.2058,1,3,1,Very High
34.460099359991744,15904.644035282898,Unemployed,678.2687242659246,5242.850304273238,12,0.233,1,2,1,Very High
43.172653663749614,27932.653604896812,Self-Employed,626.3531545534494,5209.184241475117,12,0.3186,0,3,1,Very High
18.0,9376.340604397736,Student,667.7946546869543,9994.859844601322,24,0.2066,1,1,0,Very High
47.327794486830925,68859.03953996832,Self-Employed,656.9576237328818,19841.5364276946,72,0.1288,4,1,1,Very High
31.19649090433928,45564.90350092568,Self-Employed,707.0579901271594,18937.478382975914,36,0.0416,2,0,1,Very High
36.04229617413052,44418.37861465654,Self-Employed,710.9481118714081,42577.265797363776,60,0.1584,2,1,1,Very High
29.452597149077185,80511.14981154799,Self-Employed,661.5977345142172,42214.0940867094,84,0.1149,0,1,1,Medium
42.8847174798155,9814.633773648206,Unemployed,623.4514745768747,4529.260086675882,36,0.1711,0,2,1,Very High
32.11445800653446,35656.33910139373,Salaried,710.5415698450017,37077.9180913985,48,0.204,0,1,1,Very High
32.560882254105344,40675.36845468594,Self-Employed,631.5124048447193,38503.88788472524,36,0.2947,0,2,1,Very High
33.04307253057977,27765.752398910117,Unemployed,585.2508626658288,22925.480939251192,60,0.1076,0,1,1,Very High
21.74875641522092,10220.213839788095,Student,597.1041562252605,8814.322751788066,36,0.1112,0,1,1,Very High
26.169089626597327,9723.7004485161,Student,592.2085124955353,7623.537539575562,60,0.1409,1,1,1,Very High
57.234502368065925,22995.86643059405,Unemployed,612.2071691399041,26991.022038137275,36,0.1174,1,0,1,Very High
27.42551233035266,20720.99128137589,Student,685.9486175235583,9121.833075369672,60,0.044,2,0,1,Very High
18.0,18646.48694298071,Student,561.3067949313627,19779.154225092305,12,0.2061,0,1,1,Very High
28.14944520872564,80569.92551904985,Self-Employed,630.0528777198492,68036.31089770138,24,0.1469,0,1,1,Very High
37.97055646044885,27559.586667244635,Salaried,650.1528728407876,19868.71279206834,60,0.1346,2,1,1,Very High
37.08909992481947,62796.59577462964,Salaried,693.6247855542144,11606.115292312687,60,0.0185,1,0,0,Low
25.592292351265925,20428.849275660767,Student,631.1302147223238,8796.702129471516,36,0.1056,0,1,1,Very High
32.06168593141974,83653.68815243788,Salaried,600.7274135779852,90864.75555439357,60,0.1711,1,1,0,Very High
33.220444897206995,30401.531985917558,Self-Employed,610.6539367979044,13990.294546651498,60,0.171,0,2,1,Very High
22.808856531566274,10118.826748743097,Student,614.7426052357087,7781.365525704453,36,0.2019,0,2,1,Very High
35.524136645620565,17792.749838966785,Unemployed,604.5684448516732,13542.418426663276,84,0.1386,0,1,1,Very High
36.149149172783424,23926.05755074594,Unemployed,657.2580376935846,11771.930638287544,84,0.0492,0,0,1,Very High
45.395186468752456,86219.25662473551,Salaried,597.0520380147481,30162.17584556721,36,0.0975,1,1,1,Very High
20.807340597009176,18477.954132691673,Student,635.2187034594383,16696.71259604876,48,0.1904,1,1,1,Very High
41.618379088671475,70432.2631744692,Self-Employed,649.454921941171,15086.125925501965,36,0.2089,0,3,1,Very High
20.0,17839.035794017276,Unemployed,581.7721228741527,13503.895016761442,24,0.1007,0,1,1,Very High
31.42739588715844,45602.63954378117,Salaried,712.3241664498142,32816.0707105702,48,0.1345,0,1,0,Low
39.38105874510756,49306.42349801291,Salaried,662.3961495545044,48364.07506494731,36,0.1231,2,1,1,Very High
46.10643100107317,71378.39596681538,Salaried,660.4817627529437,32679.559555648546,36,0.0708,0,1,0,Medium
21.862829941685792,18275.2878868745,Student,620.5803926387167,6709.437194090552,36,0.0617,1,1,1,Very High
39.29639286804644,23917.703516892914,Unemployed,629.2220586372433,20749.00231252863,60,0.1493,0,1,1,Very High
44.632567350717814,91392.37126294192,Salaried,721.3139824448358,20798.847150942966,48,0.0853,1,1,0,Medium
45.429214455053774,5679.256182957968,Unemployed,581.9067463866106,5683.947565053332,84,0.1001,0,0,1,Very High
59.657631580610236,56950.459452220945,Self-Employed,687.7318324702436,41778.385151870185,84,0.1359,0,1,1,Very High
42.986315594059796,64005.86311817585,Salaried,609.095649365853,52055.744218203115,60,0.2813,0,2,1,Very High
47.94524251467556,57401.55804357871,Salaried,605.6247859410047,63894.42707276532,24,0.2113,1,1,1,Very High
45.76869819570363,62080.56766867126,Salaried,649.8924791782124,52307.312359785195,60,0.1593,0,3,1,Very High
37.30462698287547,51066.80174989107,Salaried,671.9564403722428,1000.0,24,0.002,1,0,0,Low
48.358808579145126,8205.90045742659,Unemployed,610.2704314621174,4157.431105889121,60,0.2507,0,2,1,Very High
41.81103204242248,56957.35081034626,Self-Employed,612.9224259692156,55907.52034622277,24,0.1607,2,1,1,Very High
39.32372106478557,72947.09714604612,Salaried,662.1917728633986,20493.19192979898,72,0.2156,3,3,1,Very High
27.107284056803024,22528.10982433397,Student,638.829423190215,18401.3030604975,36,0.0817,0,0,1,Very High
57.71507840198521,60762.01043825788,Salaried,696.7714848230111,21091.557110136047,60,0.0347,1,0,1,Medium
33.2827942963971,111316.06407163254,Salaried,685.5859931592734,71690.44138795795,12,0.0644,0,0,0,Low
37.85240664280279,66235.45894539883,Salaried,658.09632261549,86912.4410413735,60,0.1937,0,1,1,High
51.27539305804228,90048.98845722509,Salaried,732.3713608819405,97321.43565421167,12,0.2956,0,3,0,High
26.127381788410222,64771.071950500685,Salaried,666.8054129620492,36161.6846723941,60,0.0558,0,0,0,Low
36.1513863611391,74883.738769346,Self-Employed,664.1240442834954,92820.23075191394,84,0.249,1,2,1,Very High
39.22471068824228,26108.91852382457,Salaried,613.9491839704758,37580.67721073865,36,0.3439,1,2,1,Very High
44.72027240314507,60720.48108780549,Self-Employed,690.1582074650081,45400.12422559236,60,0.0748,1,0,1,Very High
35.554301601472844,58333.82865951216,Salaried,645.7208824831298,34239.23450612798,36,0.1587,0,1,1,Very High
42.526459344887186,98172.23137756651,Salaried,598.8421367902797,71758.82812193446,84,0.0731,1,0,1,Very High
55.870696369343094,17280.66673178912,Unemployed,590.3188917162537,20499.2205930757,36,0.1436,1,1,1,Very High
41.7865098984539,12626.411734595174,Salaried,650.1623280632035,12633.306130628984,72,0.3001,0,2,1,Very High
28.031656202767696,18130.18784149669,Student,569.891078548903,18009.660887470338,84,0.1618,3,1,1,Very High
58.14732080184243,51245.876765238725,Self-Employed,651.7780455622923,58639.183348028426,24,0.2394,1,2,1,Very High
34.697560367631006,55058.777250745996,Salaried,648.0998821306567,28273.33707715611,84,0.1514,2,1,1,Very High
33.884285531545565,46986.580398960556,Salaried,664.098532502724,30641.710997032824,36,0.1902,1,2,1,Very High
30.633046427176772,68634.75318575438,Salaried,647.802166626607,57088.6345581483,24,0.0832,0,0,0,Very High
36.91337207549144,73245.49891470395,Salaried,691.9720053426024,68631.65447916047,12,0.1562,1,1,1,Very High
33.3625741549329,88976.43379765961,Salaried,601.5476564845454,22664.296562709722,12,0.088,0,1,0,High
25.496323434723337,16579.197553907215,Unemployed,620.3836410907488,12059.200549968511,60,0.1977,0,2,1,Very High
27.110417445604696,9188.68631055373,Student,576.4583493846981,5144.91180938592,24,0.2435,2,3,1,Very High
30.869227624894503,33443.185280905,Unemployed,639.8405666650349,32318.631205295875,12,0.1216,1,1,1,Very High
43.929947596786974,90986.93253550201,Self-Employed,696.5925965087234,36005.051139249554,60,0.1646,0,2,0,Very High
23.1453453408448,87634.74151498322,Self-Employed,695.5121583374474,47067.00173055051,48,0.0537,2,0,1,Very High
30.78154950219384,56578.59136525272,Salaried,643.5054863998341,31489.47228934188,60,0.1182,0,1,1,High
23.714164611567224,9901.932535288404,Student,648.289361407708,7359.685844218244,48,0.1493,0,3,1,Very High
49.127559360234685,66980.19245404686,Salaried,648.774483226962,1000.0,84,0.1265,0,2,1,Very High
25.569889095232174,13176.414920601968,Unemployed,652.4823401812832,8660.639549565458,24,0.1157,0,2,1,Very High
34.13664606318521,23408.30189846516,Unemployed,620.3135635355211,16409.840849722746,36,0.1201,1,2,1,Very High
41.46935342463299,12214.554357342755,Unemployed,599.5269004938355,13665.82992660537,24,0.1119,1,0,1,Very High
20.060575823425292,15742.452886837944,Student,629.4392166249946,13641.283348626283,48,0.1867,0,1,1,Very High
24.750622694137224,22886.759331286834,Student,601.0433567951942,25058.628918467126,60,0.172,0,1,1,Very High
24.998704010894926,24668.912996673185,Student,626.9891666173667,20525.138117963685,72,0.0832,0,0,1,Very High
36.78706548475256,82679.67423648268,Salaried,637.181582673039,90522.2993915115,12,0.1345,0,1,1,Very High
51.024049059164426,49610.850293535266,Salaried,705.6642508652691,16988.51678097127,24,0.0967,0,1,1,Low
22.123997931164052,17276.75515704278,Unemployed,676.0790515639873,10942.198155072976,48,0.1133,2,2,1,Very High
48.38871469812828,12951.585116710956,Unemployed,625.8310349679206,15741.867506824201,84,0.3215,1,2,1,Very High
27.45736808665175,104976.55635307799,Salaried,648.302924883144,65795.20232528397,48,0.0877,0,1,1,Medium
28.510474325160857,16229.641723965655,Unemployed,612.8405620823077,4343.23399352297,36,0.0268,0,0,1,Very High
20.0,7596.882093559428,Unemployed,646.1623084625489,6371.578274135447,60,0.0839,0,0,1,Very High
33.34312658052873,48839.352459257265,Salaried,638.1970937945254,29947.936897729724,12,0.2488,0,3,1,Very High
49.44630485442087,42695.91618326676,Self-Employed,676.8392355805844,47162.6853499993,24,0.1355,0,1,1,High
25.61513610453772,34790.31608811808,Student,568.9991124689101,22187.499856767085,36,0.2513,1,3,1,Very High
24.217625438531332,18556.688962133703,Student,610.2032423595651,12756.7435926277,12,0.1937,0,2,1,Very High
60.94256404980044,17945.94660479779,Unemployed,646.6653208672362,12615.243276706673,36,0.0953,2,1,1,Very High
33.74147668257211,50135.27466447204,Self-Employed,674.6179963256441,49762.069649958285,24,0.1993,0,1,1,Very High
35.33290134796135,27156.036661211787,Self-Employed,682.4814501709455,17311.965095538555,48,0.1887,1,2,1,Very High
21.353308867388314,15240.109705738794,Student,622.0875307799819,17765.2878660479,60,0.1416,0,1,1,Very High
28.234402671872928,7328.859742125613,Student,590.5447013809835,6224.873990564351,36,0.1599,1,3,1,Very High
54.02636094480448,53503.2927116058,Salaried,711.021948445654,43655.12076305914,48,0.1316,1,2,1,Very High
38.88508580846121,50954.981947438944,Salaried,688.7039895107541,36458.353660523564,36,0.0716,1,0,1,High
53.897732939164904,76596.16383221334,Salaried,708.9695112671301,28672.243718043534,60,0.0999,1,1,0,Low
64.43905056010391,70102.78287770148,Salaried,628.2871053673992,21174.38341453135,60,0.0302,0,0,0,Medium
25.458230707199156,16039.49654707831,Student,570.807966079727,8602.468366008876,60,0.2411,0,3,1,Very High
26.092096993051566,23560.031947731433,Student,579.1717328681568,36917.03539910123,60,0.2817,0,2,1,Very High
29.90497546391056,76677.93231575318,Salaried,673.8007548621166,23226.852781415168,72,0.0928,0,1,0,Low
52.657788555859106,14544.031628656167,Unemployed,599.3845470093823,10656.492580604372,12,0.3233,0,4,1,Very High
18.74185190097601,5000.0,Student,564.3874454564582,2163.2170414763946,84,0.0433,2,0,1,Very High
48.15198317849726,65186.83818319413,Salaried,762.3062127708143,49622.53767300629,84,0.1761,1,1,1,High
42.172321791275316,64892.17994147831,Self-Employed,654.0348479447634,28234.673561390722,36,0.106,0,1,1,Medium
44.13790925551911,74358.914858777,Salaried,737.400009418196,95909.60253116695,60,0.254,0,2,1,Very High
51.24312288327002,42161.34352313402,Self-Employed,626.6328136475646,26825.26012087494,24,0.1136,0,2,1,Very High
47.58423452319816,68957.39209291161,Self-Employed,649.1692665385895,72649.92467932789,60,0.1554,0,2,1,Very High
42.43270107444883,66526.74353606104,Self-Employed,702.1104170070649,29472.749424808826,60,0.0943,1,2,1,High
43.76523910405772,74309.70703874697,Self-Employed,697.7908035919685,39933.03007268795,48,0.0537,0,0,0,Low
51.25482812188223,10000.0,Self-Employed,705.3731214790495,4651.293261962595,60,0.1715,0,2,1,Very High
40.58022308437234,72450.82065274741,Salaried,620.5239202347856,54783.428249947996,60,0.1506,0,3,1,Very High
48.1481536624692,71714.57554068476,Salaried,651.1769742227755,5579.102327588254,84,0.0703,1,1,1,Medium
20.634313651389714,20735.755595172977,Student,635.3127441770971,12006.406917463268,60,0.1204,0,1,1,Very High
38.12260901769971,70567.96931745642,Salaried,624.4186689737342,1000.0,36,0.0639,1,1,1,Very High
30.13798869939003,27007.09940132818,Unemployed,593.0418220506842,18037.0960290835,72,0.0918,0,1,1,Very High
24.837112929769095,16698.60089624385,Student,588.9284098213709,14844.015262049032,24,0.1514,1,1,1,Very High
43.033353020946656,75408.82522615869,Self-Employed,624.3913589587305,54833.40276097416,72,0.1727,0,1,1,Very High
48.68051224628651,50967.06472447937,Salaried,738.5827397519151,38612.38091947129,84,0.2758,0,2,1,Very High
35.53791416684335,16578.116500152883,Unemployed,569.5933227971988,10377.051256610044,60,0.0626,0,0,1,Very High
51.69691778142582,46191.09558210062,Salaried,771.9773676294675,18445.527374618003,48,0.0649,0,1,0,Low
50.70193746119827,10329.946403621407,Unemployed,590.7414332396199,10659.296252042812,24,0.1032,0,0,1,Very High
27.712664889061514,78169.44046231068,Salaried,650.0086478483312,14761.263030070819,60,0.0814,0,1,0,Low
32.41280038577866,8073.843379546747,Unemployed,651.7544363113881,6956.35268706006,24,0.0862,0,0,1,Very High
21.018028518367426,22554.918043214784,Student,569.0625356276348,11329.873380571968,24,0.2502,1,2,1,Very High
18.0,17410.378921637443,Student,626.1301901429313,4389.324869319297,48,0.1002,1,3,1,Very High
23.594118523620928,16604.791300846533,Student,609.3913740420123,8387.179879587093,48,0.1755,1,2,1,Very High
46.56015289644929,54784.86245830747,Salaried,582.1228865019999,17175.70309077503,24,0.0564,1,1,1,Very High
24.2732596256189,9355.557383734405,Student,544.969827425031,6481.728630583373,36,0.0693,0,0,1,Very High
22.970434808613142,22033.859439042575,Student,614.5645762621207,8426.617771608422,36,0.3382,1,3,1,Very High
39.90201049266869,16598.297635806714,Unemployed,628.0481510190507,11409.931778929076,60,0.2687,0,2,1,Very High
37.501446771769395,4876.6197831666595,Unemployed,600.5108077816601,4842.827808316706,48,0.1993,0,1,1,Very High
24.511287287107294,15168.541845387383,Unemployed,564.1853849442714,19859.120603700554,60,0.2559,1,2,1,Very High
39.68808873974217,66769.32116754049,Salaried,640.3369896312943,73753.45205005971,36,0.298,2,3,1,Very High
35.54641398175313,63148.74772432882,Salaried,599.2000329693429,47772.9626660829,12,0.0757,0,0,1,High
44.09242264716854,89668.46636740546,Salaried,648.1231827048977,82171.22493129718,60,0.1166,0,1,1,Very High
41.22640256810007,79509.09155087985,Self-Employed,617.0985332877026,57859.3274980124,36,0.1353,0,1,0,Very High
27.154388349808634,37936.96642907208,Salaried,619.338677137769,23917.232168728442,12,0.063,2,0,1,Very High
26.19297564223556,25262.995254420763,Student,665.9690618811418,1000.0,12,0.029,0,1,1,Medium
27.293491280522517,12265.430594768313,Student,560.5559324638026,7303.3906801543035,60,0.1845,0,2,1,Very High
23.837847907763393,16245.992701670324,Student,644.4748051631319,14875.686452574431,60,0.2166,0,2,1,Very High
34.174050613543685,18377.827312402987,Student,613.9123144554704,14986.542695941996,60,0.144,0,1,1,Very High
42.80419622581569,66888.90937800032,Self-Employed,609.6894838723379,58430.24995110457,36,0.2124,0,2,1,Very High
24.759323129302267,12084.892352147195,Student,589.373739675405,9294.5848479757,48,0.1394,0,1,1,Very High
48.73159868627831,49054.146341512125,Salaried,634.7192494627684,14024.422015473374,24,0.0911,1,1,1,Very High
26.13413389499141,10600.368106684153,Unemployed,609.6425514284849,7851.969959118005,60,0.0741,2,0,1,Very High
20.078134964364192,15760.577390377164,Student,584.2187981584344,7166.578224428232,48,0.108,1,1,1,Very High
22.05017372424823,57977.48524349867,Salaried,563.4375564470326,86364.8829692563,36,0.149,2,0,1,Very High
45.88802142999406,58530.80002531026,Salaried,671.2079725831828,68905.13989453718,48,0.3052,0,3,1,Very High
30.817982688285078,12000.0,Salaried,608.3658399086632,11389.015572781398,24,0.1199,0,1,1,Very High
22.0,48785.73431807691,Salaried,662.6823130812633,16239.518437792532,84,0.0333,2,0,1,Very High
41.11311047408479,38323.03235411785,Salaried,616.6177733959446,33870.31660668915,36,0.1509,2,1,1,Very High
45.997318485398985,10000.0,Self-Employed,583.3816410853381,1000.0,72,0.06,1,2,1,Very High
20.0,20237.006896935898,Unemployed,622.3653544641365,17868.10593364769,72,0.0883,0,0,1,Very High
49.37313721867578,66973.56561046728,Salaried,633.5065134009598,37195.707343156864,60,0.0555,0,0,1,High
32.83562086128255,60838.91319660391,Salaried,652.8249738087309,77358.49503376715,72,0.1522,0,1,1,Very High
37.97563185992863,63802.90629854588,Self-Employed,698.3500705097413,83383.52763856326,48,0.1807,1,2,1,Very High
23.960165550435693,17978.748649346137,Student,579.3194009632696,1000.0,12,0.0306,0,1,1,Very High
52.32237875577002,53704.2821617704,Salaried,674.5704876608411,20363.415130179317,36,0.0379,0,0,0,Low
39.13616061092012,19780.21227920321,Unemployed,577.9649588339238,12179.172864662953,24,0.3616,1,3,1,Very High
62.025461222482114,65986.09521101436,Self-Employed,662.1571250873985,46956.88945738961,36,0.1712,0,4,1,Very High
30.692885638724317,15666.758519387044,Unemployed,591.8156521175033,4111.289650845472,36,0.0887,0,1,1,Very High
45.883781520016626,3000.0,Unemployed,593.5208110326989,1584.080525400252,24,0.2403,0,3,1,Very High
27.34301130354419,15919.485167678373,Student,611.412073501365,4793.864016392337,48,0.1301,1,1,1,Very High
47.23339612219184,28282.46295693819,Self-Employed,721.9888771761287,11668.72699792513,24,0.0413,0,0,0,Medium
27.899609990699993,106097.88661649522,Salaried,687.6228135804223,58682.75494454814,48,0.1553,0,1,0,Medium
37.90314994963062,88633.00646092961,Salaried,601.5419466498723,63298.60265562592,48,0.0714,0,0,0,High
34.19948490103781,63091.173438919635,Salaried,661.0768486954747,28848.379256325792,36,0.1082,0,1,0,Low
27.8137922028154,14323.311312554024,Unemployed,653.4995743693071,16390.043912937224,72,0.1769,1,1,1,Very High
45.140865431354044,70995.354408679,Salaried,621.1840020303215,43674.1804284678,24,0.0865,1,1,0,Very High
26.205267526798615,25827.15245924615,Unemployed,619.4315005534319,18129.448427496307,60,0.0702,1,0,1,Very High
35.55589463433947,55574.93162522903,Salaried,599.605408484573,44467.32588627317,24,0.08,0,0,1,High
47.950095028030695,77421.70080177639,Salaried,632.8917628878559,50608.40498897057,84,0.0904,0,1,1,Very High
28.45340934617019,70830.4200117597,Salaried,689.6460468230341,36339.22392581568,24,0.0763,1,1,0,Low
27.59289881042013,12709.629540612737,Student,618.4170434760781,10793.877038247674,36,0.1099,0,1,1,Very High
37.622167660847275,94184.00868368143,Salaried,698.1899528560494,79783.07621183133,24,0.1472,1,1,0,Medium
50.19605570689826,89010.12599411095,Self-Employed,644.045548030024,1000.0,12,0.0511,1,2,1,Very High
38.25487066380961,35875.65424573106,Self-Employed,641.9861833311911,32281.254878985,36,0.1525,0,1,0,Very High
20.871807452262377,19724.00959841575,Student,665.1593865019208,12710.635516141196,24,0.0644,0,0,1,Very High
46.39124678940559,60721.06239195534,Salaried,592.5066506864595,44657.369474298815,36,0.1985,1,2,1,Very High
34.99849154995423,45684.20682603538,Salaried,610.7232377860126,1000.0,12,0.0647,0,1,0,High
24.63371325063622,8522.56159846768,Student,646.8187688511136,6684.173195636755,36,0.1284,1,2,1,Very High
38.17571434102708,69846.91494261443,Salaried,651.7562165888495,65175.905754581436,36,0.0933,0,0,0,High
34.25571590922376,28707.442776057876,Self-Employed,637.4479489461229,15929.988233678338,36,0.2555,0,2,1,Very High
32.22046102309521,70191.27856440085,Salaried,723.5068536416815,20118.356247624157,12,0.0912,0,1,0,Medium
51.147469740260405,12247.030601823255,Unemployed,665.445910741166,13560.84028186979,48,0.1357,0,1,1,Very High
28.736884718524358,12885.152035632618,Student,622.6017382515231,4422.442450025845,36,0.1343,1,1,1,Very High
47.31462790049129,15330.820920068838,Unemployed,612.3043073865122,6445.9274928181285,48,0.042,1,0,1,Very High
30.02331715863744,64812.86174365653,Self-Employed,631.0290143445098,58434.52260927455,72,0.0902,1,0,1,Very High
24.657133814119675,100149.13006611232,Salaried,621.5759107192267,48449.74371832237,36,0.1234,0,3,1,High
29.570973784993548,17427.495956110244,Unemployed,607.1845420923077,6145.639037242056,36,0.0603,1,1,1,Very High
37.67169953432695,23425.370693376884,Unemployed,623.7495766673176,20452.771317414335,72,0.1498,0,1,1,Very High
55.51226592291981,23677.634850720835,Unemployed,622.5139251513676,22149.821205881002,60,0.1435,1,2,1,Very High
34.727033000402756,68962.97964659841,Self-Employed,688.9080237181934,57991.19319276998,36,0.0841,1,0,1,Very High
46.341830489985824,45780.0731615136,Salaried,708.5815093953833,45775.31798291518,72,0.1,0,0,1,High
27.279981012162757,79322.20464730711,Salaried,628.9776972143397,81383.14028452712,60,0.1026,1,0,1,Very High
20.165479427134223,20820.373677019914,Unemployed,540.668037555771,10099.476220649296,24,0.0485,1,0,1,Very High
23.355550952749333,5000.0,Student,579.0002333850473,5007.466296052512,48,0.1501,0,2,0,Very High
33.685952593342925,59859.52135969939,Salaried,675.2256570232229,46696.3905424336,84,0.1405,0,1,1,Medium
37.883395988458446,22607.906289867842,Self-Employed,659.8763526704507,19621.454598482786,24,0.0868,0,0,1,Very High
32.0668197865235,81082.00329120013,Salaried,660.0074153270028,86143.92986061699,48,0.1062,2,0,1,Very High
35.79635095277564,61501.85946138046,Salaried,638.5686595677394,1000.0,12,0.0641,1,1,1,Very High
30.940080533589786,50341.54131920329,Salaried,581.0550750115909,35478.22474686601,60,0.1455,1,3,1,Very High
22.56880345858543,24173.763823852743,Student,670.496823932303,23044.395359690647,84,0.0953,1,0,1,Very High
32.965654416710265,70521.99586445675,Salaried,665.8925197083506,49906.99626151682,84,0.0708,0,0,0,Very High
45.54613128881885,34032.36784287678,Self-Employed,681.5273658481274,31387.4169406678,48,0.2172,0,2,1,Very High
46.851996899077406,81784.14913986357,Salaried,656.6770288603958,54694.13134744756,72,0.0669,0,0,1,High
27.405276264663208,19759.233818078308,Self-Employed,622.0215942984545,16335.569949978244,48,0.1077,0,1,1,Very High
56.60325627158342,24988.880090836563,Self-Employed,674.5226297987828,15890.747496633174,24,0.1261,0,1,0,Very High
29.22651080119087,104787.19117163224,Salaried,657.98051232607,84383.99917719589,36,0.0805,1,0,0,Medium
51.86407497867326,26493.23121670135,Unemployed,648.4834636365018,17718.451427348253,36,0.1919,0,2,1,Very High
55.15240318009758,13690.382741747875,Unemployed,656.1592927075092,10173.163419746497,36,0.0743,0,0,1,Very High
48.282255032047054,50560.5897203723,Salaried,630.510540252823,50269.359241702536,12,0.3994,0,3,1,Very High
32.01075434409458,39008.45546954443,Self-Employed,664.6703148915104,14839.143738619745,24,0.163,0,2,1,Very High
29.391175184720495,38643.02559860736,Self-Employed,660.8740551353837,24931.525997798024,12,0.1145,0,2,1,High
31.693781378043507,68110.48005171174,Salaried,599.278541317289,36971.140666537976,60,0.0543,0,0,0,High
46.31423723911887,47165.67849250762,Salaried,645.2798179578002,33460.34388224576,36,0.0709,0,0,1,High
39.551927876245195,12396.597930750971,Unemployed,549.6219720358973,13411.105177635627,60,0.1332,0,1,1,Very High
19.968726584088383,21485.149550768365,Student,619.5514942397289,16793.388437123635,24,0.3282,0,4,1,Very High
44.51880127626354,58903.51697092851,Salaried,638.4809978909325,47469.038577682164,12,0.1431,0,1,1,Very High
22.005142682997615,32808.67373205456,Student,659.3552962786096,4751.189203303111,36,0.0645,1,2,0,Very High
28.658039167427216,67968.6533391768,Salaried,654.5184943894485,42314.304643057236,84,0.0623,0,0,0,Medium
42.21759635900334,10000.0,Self-Employed,626.7776661368617,12398.234639090399,48,0.374,1,4,1,Very High
31.673953531257325,23764.473951138745,Salaried,632.4462070349201,12546.077705217223,36,0.1028,0,2,1,Very High
20.3787338763123,21629.5667996706,Student,584.9448318606101,9330.70519031335,36,0.0681,0,1,1,Very High
58.972139670092346,52988.01253445891,Salaried,672.6789755878082,10066.436617225074,48,0.019,0,0,0,Medium
21.345278944820762,14187.170233523097,Student,668.3246099379115,5843.861186958545,24,0.0412,1,0,1,Very High
35.68160537341281,80511.28529092133,Self-Employed,683.4458080640565,22542.966145109458,84,0.053,0,1,0,Medium
34.686343012026946,55484.0027295283,Self-Employed,648.8247834685019,2348.9482373347673,60,0.0292,0,1,1,High
32.51845431352898,54963.841880194406,Salaried,611.6746351972516,39006.74586405566,48,0.096,2,1,1,Very High
36.64070301853843,58118.18042088623,Self-Employed,726.427133799037,51576.836719102714,60,0.2387,1,6,1,Very High
18.0,33688.766307672086,Student,599.7218044138862,13821.052567605075,84,0.116,0,3,1,Very High
19.846736870996054,15203.799565537012,Student,588.7598744451925,7642.092774274988,36,0.1253,0,3,1,Very High
20.892587216051293,16035.988082115993,Student,660.4339857468327,13378.797903845287,36,0.2084,1,2,1,Very High
36.73998061464037,78144.30001441744,Self-Employed,597.1985545147027,40211.63238116254,36,0.2515,2,2,1,Very High
45.59974473917587,8438.051073950344,Unemployed,659.8630899397414,3135.3795677912276,12,0.0622,1,1,0,Very High
29.640255653711776,15254.332277494379,Unemployed,612.3168381952617,10061.107842671809,84,0.066,1,0,1,Very High
23.161413556170473,14176.872977486235,Unemployed,597.1009549127114,13294.91418280909,48,0.1563,1,1,1,Very High
39.90794832143927,59699.63091680149,Salaried,636.8987909225236,86920.44118875028,12,0.1706,0,1,1,Very High
60.10239199816258,73229.01703996919,Self-Employed,636.8013675968214,49409.70176120316,60,0.1425,1,3,1,Very High
35.32548216690831,74405.15611869088,Salaried,571.954910209525,54382.962566157235,84,0.1981,1,2,1,Very High
43.879404695852934,42901.40370094368,Self-Employed,698.7439503575639,25297.029541362386,36,0.059,2,0,1,Very High
38.419177425681816,35097.33808973472,Self-Employed,694.2256877925768,37249.477909564055,48,0.1311,0,1,1,Very High
31.04121371728464,47277.56826837913,Self-Employed,652.758494436267,28535.179669118646,12,0.1104,2,2,1,Very High
28.764926310951633,90772.30941733095,Salaried,614.8786969079159,65990.22911868608,36,0.0977,0,1,1,High
43.57948481098004,22034.254483219986,Unemployed,592.1375457114253,6764.920946453497,24,0.0807,0,2,1,Very High
24.921965398076015,68565.44275260303,Salaried,624.5354082500861,41678.32514820069,36,0.0608,1,0,1,Very High
42.72002977276479,31410.653863596035,Unemployed,557.1417659530626,18912.74294099048,48,0.0602,1,0,1,Very High
27.09360524650301,11960.577943749702,Unemployed,595.7876679886891,3314.038007417347,36,0.0277,1,0,1,Very High
40.95693459666981,18935.712193841406,Unemployed,673.3996704394126,3265.459168949348,60,0.1172,0,1,1,Very High
54.82752449387014,63841.14309179185,Self-Employed,640.6958845957535,55081.74819063177,12,0.2863,1,2,1,Very High
19.03582760459005,25199.170090121075,Student,614.7785271264294,1000.0,84,0.4415,0,7,1,Very High
53.76976879078696,61792.45780924611,Salaried,636.6881584836033,43751.670696071975,36,0.0708,0,0,1,Very High
21.155292940131865,7877.411235543961,Student,653.9414908804229,3782.9653239948257,36,0.048,0,0,0,Very High
33.885732480298074,43458.38117050711,Self-Employed,623.6659019852773,24074.80793076751,12,0.0804,0,1,0,Very High
41.1860059618727,67245.96707931496,Self-Employed,598.7384293447816,44082.92597036061,12,0.0656,1,0,1,Very High
32.9697865782032,90103.3024999004,Self-Employed,569.8489822490517,78285.06630644017,24,0.1494,3,1,1,Very High
26.779704109867453,16087.44617356776,Student,626.7142036511522,11100.407322105546,24,0.069,0,0,1,Very High
44.854499429285745,9640.588441383434,Unemployed,520.5934910219901,11431.342352968768,72,0.2436,0,2,1,Very High
43.98864157631323,81332.15533716329,Salaried,652.6504152934775,66805.07293900229,48,0.1321,0,2,1,Very High
46.19700835083498,14547.11200082441,Unemployed,654.0890529961739,4750.333699166408,24,0.0952,1,1,1,Very High
22.278510989886772,10282.820617067286,Student,552.00953465407,1364.5185442593734,60,0.0133,0,0,1,Very High
27.324551819916245,60220.99093620066,Salaried,657.3378571555619,39979.11863744633,84,0.0914,0,1,1,Medium
20.330342029890655,17810.507537849895,Student,707.6917554563151,13386.241645603013,24,0.2002,1,2,1,Very High
43.929028185390145,30370.11671587159,Salaried,665.081832466953,18966.347846502205,36,0.25,2,3,1,Very High
41.219543138163026,83399.11661951228,Salaried,645.5029065397858,69375.10286088388,36,0.1832,0,1,1,Very High
45.67086854618089,59412.7973207013,Salaried,668.1251069517234,53954.145947083736,24,0.1908,0,1,1,Very High
18.0,14021.702726072916,Student,679.4048286008986,16912.06034858892,60,0.1206,3,0,1,Very High
24.582843148273405,114502.35458658208,Salaried,644.3399437511572,52148.01178267502,36,0.108,0,1,0,Low
37.83979774274224,99645.56163849239,Self-Employed,656.9831001736616,56981.97502855938,36,0.1072,1,2,0,Medium
38.51198770330043,20150.868408068025,Unemployed,604.4654293584377,8504.146000801535,36,0.1047,1,1,1,Very High
33.68235495743447,97250.42320041104,Salaried,639.0364140897468,69379.35265872032,36,0.4713,0,4,1,Very High
32.10235382495445,14616.953637546905,Student,575.5139354564386,4375.712429663999,36,0.0924,1,1,1,Very High
21.600325024754568,15931.106917654493,Student,629.6983469922246,13311.625124947635,24,0.1461,1,1,1,Very High
48.32098613904341,21868.832144244938,Unemployed,643.0554281120739,1000.0,36,0.2046,0,2,1,Very High
30.484618967112894,6508.750903609049,Unemployed,636.8724414123917,3414.081083083186,24,0.0775,0,1,1,Very High
44.71354867338664,16917.187567817775,Unemployed,654.7803016883773,15060.023538157819,48,0.114,0,1,1,Very High
34.15764459051796,63984.36468569239,Salaried,619.9916063615656,16120.270293920708,24,0.0252,0,0,1,Medium
23.40681405211085,20285.371642988655,Student,557.9905108206756,13814.516834055614,36,0.1681,3,1,1,Very High
32.476702389311335,12010.765778027744,Student,641.8860553839487,2033.8045195437621,72,0.0169,0,0,1,Very High
27.321823661051816,24042.416263076513,Student,630.4186394125492,21735.42281813859,84,0.0904,1,0,1,Very High
49.512386031239146,50570.207055114515,Salaried,641.4250018416506,14140.884200833003,36,0.153,0,2,1,Very High
18.0,8507.785784622485,Student,560.8570237991631,6633.668209814596,60,0.1405,0,1,1,Very High
46.75355627339554,69749.10469566315,Salaried,673.0556341644573,18996.327886268402,36,0.0272,0,0,0,Low
56.95168567309639,73441.90531090343,Salaried,678.3527812230924,54180.63417427451,72,0.1238,0,2,0,High
18.0,25749.29842269801,Student,625.1829151396437,26348.84146405486,12,0.1648,0,1,1,Very High
23.560366792203602,21714.998777349116,Student,595.2244750219845,17482.001045332334,36,0.0805,1,0,1,Very High
38.05423117838392,71854.06362737206,Self-Employed,598.6898208376482,50946.7823615502,12,0.0709,1,0,1,Very High
19.893250793548326,14209.36627985564,Student,577.9587505269697,12875.870997732276,84,0.1531,1,1,1,Very High
23.62962818825252,27180.89827805709,Student,622.8669747506868,23382.707008628407,24,0.086,0,0,1,Very High
42.98830010993125,64221.95162591405,Self-Employed,647.5309801625712,66017.45491124039,48,0.1278,0,1,1,Very High
32.669722843230765,16305.298820798736,Unemployed,691.8519504989962,13567.418675329323,60,0.0832,0,0,1,Very High
34.997408672795004,82399.4056457822,Self-Employed,654.4540805022966,39281.45346432045,60,0.1477,0,1,1,High
39.81498234992237,71611.30055295331,Salaried,633.6610841846483,7110.521538950645,60,0.0099,2,0,1,Very High
42.01806663845283,8054.509568697645,Unemployed,590.8699304557447,4920.215018418924,60,0.1236,1,1,1,Very High
35.655463644117845,20386.158229859095,Unemployed,602.3670887757869,12887.340002064364,48,0.0632,0,0,1,Very High
35.114935995301046,12111.965510148739,Unemployed,549.8587769592657,1493.7798864726042,60,0.0373,1,1,1,Very High
59.53406783667951,41574.11710019935,Salaried,617.2143592283433,14455.823045806017,72,0.0348,0,0,1,Very High
50.87682602331002,27175.050267661132,Unemployed,655.507359745402,1000.0,48,0.0787,1,3,0,Very High
33.40343156866439,69826.45790689437,Salaried,596.9843682145964,24029.76577154963,36,0.0844,1,2,1,Very High
43.54548619209728,40474.975734142005,Self-Employed,636.8397182083178,20243.17745644455,36,0.075,0,1,1,Very High
31.19529862852137,9741.93957917365,Unemployed,592.2647149900542,3140.086960615335,12,0.0322,0,0,1,Very High
36.294597988847855,12750.60228973928,Unemployed,608.7715225749483,8409.021454598354,36,0.0909,3,1,1,Very High
18.0,10442.144695576277,Student,659.8438236124537,2694.5761774720586,60,0.0258,0,0,1,Very High
29.99604786289119,90996.08677434536,Salaried,647.8695859201829,37568.28685303286,72,0.0413,0,0,1,High
19.021228729833805,17363.4389650577,Student,657.0077048337283,13251.317497874365,36,0.0763,0,0,1,Very High
33.1311954446887,41327.36714783641,Self-Employed,614.1556408805393,45638.84439296281,84,0.2354,0,2,1,Very High
27.258270993864603,61808.932481879565,Salaried,644.1840364619825,49001.54765321854,24,0.2043,2,2,1,Very High
35.65850310190529,57862.33966591602,Salaried,650.2757996611363,30106.986293017828,72,0.177,0,2,1,Very High
52.82837169380446,18225.157843922738,Unemployed,631.0437990067863,15747.018467675758,24,0.1364,0,2,1,Very High
44.6031556824314,85793.04186228348,Self-Employed,627.4220803522035,26562.274275010634,48,0.031,3,0,1,Very High
56.05793603474942,80477.47405052758,Salaried,672.3803318994247,43961.061071071425,36,0.3546,0,3,1,Very High
21.61056095941276,28653.494412297146,Student,625.3739896176961,26024.375636027344,36,0.0908,2,0,1,Very High
29.922274621378175,22282.283625538494,Unemployed,635.171067978304,16210.934485234357,48,0.1353,1,1,1,Very High
22.915160234015012,5000.0,Student,631.076120488982,1000.0,36,0.12,0,1,1,Very High
20.61522151930661,7745.4583909376415,Student,606.37888492665,5233.167845301918,36,0.1676,0,1,1,Very High
38.490873732371156,51506.6611529946,Self-Employed,606.4798484278231,26982.069436707712,36,0.1024,1,2,1,Very High
36.382328849211696,59768.5139684774,Self-Employed,720.6512182720652,44990.44870163693,12,0.0753,0,0,1,Medium
22.141741575599347,17325.984622081774,Student,665.3916845190515,1000.0,36,0.0058,0,0,1,Very High
64.4591540900177,39639.1166108107,Self-Employed,621.028637600215,1000.0,60,0.2025,0,2,1,Very High
37.43610249691318,19793.969650552226,Unemployed,601.7734759719124,10496.19965257142,48,0.153,0,1,1,Very High
21.456644901553513,12653.839957557615,Student,626.163765915033,10438.384384636265,24,0.0825,0,0,1,Very High
54.0668170441339,71650.05176684195,Salaried,631.1346101567386,42574.06011981373,12,0.1594,0,1,0,High
23.420894259496073,31617.792306494302,Student,664.0537449049044,33044.89667801918,24,0.167,0,1,1,Very High
23.0,78418.87045606297,Self-Employed,592.0990849178925,32834.00237315446,36,0.1669,0,2,1,Very High
27.356876071507052,87453.56509127477,Salaried,656.1376689245877,82835.66954035859,24,0.1947,0,1,1,Very High
21.103070496794583,13139.70845007525,Student,635.986815399383,8038.2380478270425,60,0.0612,0,0,1,Very High
26.634344204450812,3365.754898086905,Unemployed,587.6828694727934,1000.0,36,0.0297,0,0,1,Very High
20.0,12758.1883837801,Unemployed,658.4396136588997,4139.323417545068,12,0.0324,1,0,1,Very High
35.56278170155824,20492.73625804035,Salaried,610.831891669305,17798.79279344791,60,0.1494,0,1,1,Very High
23.0,65369.251433581245,Self-Employed,663.3216878883361,33350.525636851045,48,0.151,1,1,1,Very High
20.420143693967127,21395.678773788975,Student,569.4599955803635,20308.962785002135,60,0.1199,0,1,1,Very High
44.397301800653295,31510.972293862425,Self-Employed,693.802760332228,38819.08698630172,36,0.2232,0,1,1,Very High
38.22784042100412,36791.64717246502,Salaried,672.6238909692744,12421.592650779887,72,0.1588,0,2,1,Very High
44.21503095363483,31765.82665062203,Salaried,624.5703198589862,21520.220199385905,60,0.1677,1,1,1,Very High
38.870658234950284,64144.91060264545,Salaried,664.9812120152844,67282.98146982597,12,0.1549,1,2,1,Very High
46.069042664618244,73485.89849124721,Salaried,646.528345944403,37296.051114598784,48,0.0508,1,0,1,Very High
33.270126489938356,67310.93614087868,Salaried,669.3958191045838,82672.75634194766,12,0.2478,0,2,1,Very High
42.845960629493156,24982.803011242602,Self-Employed,627.2880925725877,1000.0,36,0.204,0,2,1,Very High
46.529174420634995,10122.59615556153,Unemployed,566.8808531545516,13716.39091102982,60,0.1355,2,0,1,Very High
41.463148956379825,86897.204354979,Self-Employed,642.3093414477914,81588.49945928181,60,0.0939,2,0,1,Very High
36.303794864609785,45644.75983620756,Salaried,635.3329874450396,60120.14058845431,48,0.1942,1,1,1,Very High
53.415003373899935,10000.0,Self-Employed,603.154814632641,8185.20160313863,60,0.2069,2,2,1,Very High
33.14025759139121,87531.74590992143,Salaried,689.311306110805,25915.69535315639,48,0.0296,0,0,1,Low
30.794400578685586,56558.267745888355,Salaried,645.7710040548181,34732.00604531458,48,0.2489,0,3,1,Very High
35.2588764343683,20118.605832314526,Unemployed,617.4143958707577,21870.85127588895,84,0.2337,1,2,1,Very High
18.601047926609386,27636.186996412645,Student,607.0685839716524,21086.454903838618,24,0.0763,2,0,1,Very High
59.83517616587434,15046.103092696863,Unemployed,644.0151388332433,15384.300564582163,24,0.2022,3,1,1,Very High
49.12549412590759,6949.4843531207,Unemployed,558.7291177799776,1000.0,36,0.0394,0,1,1,Very High
22.95870755109664,33080.791281508806,Student,629.0261147310619,31773.390656335534,72,0.121,1,1,1,Very High
48.67822662514759,79916.93609208391,Salaried,649.0625138608551,94380.09166432267,24,0.1181,0,0,1,High
30.042033441286346,113033.69032299153,Salaried,696.3353659440071,31437.42554373107,72,0.0528,0,1,0,Low
31.655652669281398,84340.81942360663,Salaried,670.3767263745208,87443.3678189775,60,0.4037,1,3,1,Very High
55.377410518847256,20186.48961989514,Salaried,622.481560135364,26838.307127352688,60,0.133,0,0,1,Very High
36.629318500561624,71326.0565868654,Salaried,617.2696049022277,92441.62793484515,84,0.1921,0,1,1,Very High
54.34532448697219,70376.69262141062,Self-Employed,700.8476383302892,43170.51844712109,12,0.0613,1,0,1,High
40.921805296470204,94236.81718787199,Salaried,632.338241563448,38155.66756337274,60,0.2905,0,4,1,Very High
47.10101929145005,46119.828802227225,Self-Employed,690.071797591283,32537.76938128795,24,0.1206,3,2,1,Very High
57.40033957623065,9884.761097707647,Unemployed,594.3346223326264,10007.906669052729,60,0.2887,0,3,1,Very High
37.605902061608745,42862.68001718505,Self-Employed,643.7241881363306,33090.02667104329,36,0.0772,0,0,1,Very High
56.08534407542031,59883.00625588228,Salaried,690.5213912746741,29932.932827090935,60,0.075,0,1,1,Medium
24.763389628094693,13478.04221454322,Unemployed,574.9595050866176,11186.676110567907,48,0.108,0,1,1,Very High
32.08294659496199,75377.47635724698,Salaried,690.4909361474633,81585.14899186403,72,0.1082,0,0,1,High
50.014263584659886,75229.02173822281,Salaried,697.6296574666669,59312.861716169384,36,0.4788,0,4,1,Very High
47.517412716669405,45058.175341859744,Salaried,607.9235982371583,28268.36288125601,36,0.1877,0,2,1,Very High
42.88861388698694,67596.55893845642,Salaried,697.068921380227,39367.67130873285,84,0.1082,3,2,1,Very High
37.06324774851056,50929.23758604961,Self-Employed,649.9424971580172,6164.090069980966,60,0.0121,0,0,1,Very High
28.510489687157886,95464.45801101552,Salaried,667.3730172963052,35912.956092873326,36,0.0626,0,1,1,Low
43.37898048078207,64433.06613242383,Self-Employed,676.3515454591188,63864.193842286375,48,0.2866,2,3,1,Very High
22.0,55243.45532242278,Salaried,614.7608834818333,48538.16882199805,48,0.1879,0,1,0,Very High
26.978087880790895,17609.726408952145,Student,566.0767550652652,7368.211464604587,12,0.0418,1,0,1,Very High
50.502677986398986,56413.44654225773,Self-Employed,631.7619455468057,15292.999740890766,48,0.0521,3,1,1,Very High
42.893751279339085,4556.089752362503,Unemployed,592.8819039596737,1613.2473664827464,12,0.0604,1,1,1,Very High
29.852762406548806,99840.70600076608,Salaried,609.8490655685941,7927.0337134200745,84,0.0079,1,0,0,High
40.91845576250174,64462.94274623575,Self-Employed,657.6593118109344,42079.52993794599,60,0.0653,1,0,1,Very High
50.752379847123876,79934.99088861496,Self-Employed,683.3846533952035,53219.271143248945,24,0.1916,2,2,1,Very High
49.998868888889234,95552.204275793,Salaried,660.3899266664943,55527.94062071882,60,0.0581,0,0,0,Low
42.80507441219073,79158.84025650736,Salaried,612.6906042008467,104200.48761013974,12,0.1316,0,0,1,Very High
20.0,21768.222627124345,Unemployed,561.0822844152187,16433.075462103392,84,0.0755,2,0,1,Very High
38.40706051056783,73723.21262688661,Salaried,630.4363874439351,71948.22788212264,12,0.1601,0,1,1,Very High
20.714201716286944,19755.519668959452,Student,652.4043403712437,8950.956582782856,24,0.1078,1,1,1,Very High
23.370717784116014,11853.154723616699,Student,619.5847694599227,6816.576385971848,72,0.0575,0,0,1,Very High
43.68947250515863,67487.64909096189,Self-Employed,734.2062598986422,36288.79057049702,36,0.1163,1,1,1,High
64.53979751438277,10109.805177032726,Unemployed,591.9534239854039,3952.5642056293123,48,0.0891,0,2,1,Very High
36.816686207148436,67064.65783957332,Salaried,680.2016788170761,35505.51986105038,60,0.0529,0,0,1,Medium
42.093006823125926,101151.64324560302,Salaried,654.2297605098591,69075.99322832248,48,0.1308,0,1,1,Low
53.29647516581811,55182.35868301408,Salaried,718.6848870219351,39297.54839066035,84,0.1337,0,1,1,Medium
22.0,55103.7316579128,Salaried,599.1379229713266,29095.3226251852,12,0.0528,0,0,1,Very High
39.995234378447215,65871.54659661223,Salaried,725.6809762530573,51365.25764091147,60,0.128,0,2,1,High
27.803576137401016,28543.71707015105,Student,623.4965790860775,20683.630124052037,36,0.0975,0,1,1,Very High
42.015311931279264,58719.922634272516,Self-Employed,674.6667537619835,2756.1388540141525,24,0.2047,1,2,1,Very High
27.319600678321205,21817.323541512756,Unemployed,593.135403201866,1181.4883842534173,36,0.0554,0,2,1,Very High
27.11822484254524,15024.864895314155,Unemployed,593.0569104706657,13205.09798850287,36,0.1129,0,1,1,Very High
36.10785008660859,77906.90549916032,Salaried,660.2112258327816,20877.97518369307,24,0.3268,1,3,1,Very High
27.580641805871082,19332.993496377992,Student,630.849566318265,12118.62736201788,60,0.0877,2,1,1,Very High
25.592870363588258,18453.200760032636,Student,565.9388554146168,22873.481559439995,24,0.124,1,0,1,Very High
30.000571365911846,49977.549798876775,Salaried,765.6964151954833,3335.3036946951215,60,0.0067,0,0,0,Low
22.324448238874087,29859.62049801644,Student,582.4451576723442,36992.62625166733,84,0.2239,1,1,1,Very High
18.0,36646.287287238374,Student,588.447412391662,44097.45725753749,12,0.2453,0,2,1,Very High
39.67992739647881,86454.8165665667,Salaried,609.2416919946629,31616.925150127696,72,0.0991,0,1,1,High
40.01787238955041,70595.6934058781,Salaried,776.0630041638016,65374.34568499513,60,0.1176,1,1,0,Low
33.932208836218145,32192.759188804404,Salaried,656.5421408129638,27279.792062066772,36,0.2722,3,3,1,Very High
42.01468884912124,40927.628145007846,Self-Employed,694.4070504165683,40647.73666533294,48,0.1243,1,1,1,Very High
25.654876748945068,58644.85152651852,Salaried,735.9456055614264,48966.28463329416,36,0.146,0,1,0,Medium
33.10075172745846,17114.335553811226,Student,637.9793027303994,7977.917207389704,72,0.1091,0,1,1,Very High
21.955194901642543,26993.96912673927,Student,660.361913411875,15295.930657230943,48,0.0817,1,1,0,High
43.05904482815085,33020.85155405017,Salaried,607.2895263450042,9198.228538332312,24,0.0529,0,1,0,Very High
26.535598351806968,22480.771611553686,Student,638.8754958261788,10573.19100168462,48,0.047,1,0,1,Very High
49.96435469074831,59420.281718473976,Self-Employed,644.7412982701074,46344.058200574065,36,0.103,1,1,1,Very High
47.921443456607875,64359.73889673202,Salaried,625.4648317844087,5129.187627621735,60,0.0705,0,1,0,Medium
24.94835565335009,13093.014533052334,Student,611.2917569784864,17021.084750443715,12,0.155,1,1,1,Very High
50.51951570704327,10000.0,Self-Employed,652.6661718360314,10207.038595751495,36,0.3021,0,2,1,Very High
41.473658657149,69571.55873502648,Salaried,676.8464676449138,80886.57588432409,24,0.1163,1,0,1,Very High
31.508274631819077,57410.48362769645,Salaried,633.1191563097541,16386.903435160064,36,0.1285,0,1,1,High
38.43103129428055,39970.922323138904,Self-Employed,649.1312631080627,32787.0220724804,24,0.107,0,1,1,Very High
26.8113470671981,32114.700317593542,Self-Employed,664.486102933176,38838.30169684752,72,0.1209,1,0,1,Very High
28.221624787177063,15199.738243809777,Student,586.6174812560018,12348.718900836333,12,0.0812,1,0,1,Very High
47.67497931643927,106801.26971214931,Salaried,672.9883367501085,36400.35874065808,36,0.0966,0,1,0,Low
34.34252566472297,90163.13210619168,Salaried,576.1499758316116,65547.9729550511,36,0.0727,0,0,1,High
42.49137058323007,60772.74018273777,Salaried,656.5248741508558,32001.56410843526,72,0.1527,1,1,1,Very High
18.0,5582.259718427995,Student,554.6978697008971,3299.8412380129594,84,0.0591,0,0,1,Very High
30.68574855060237,51928.7183943135,Salaried,679.8363973175184,27429.998271425506,72,0.3653,0,5,1,Very High
48.05218008240333,50517.83279974442,Self-Employed,683.916933462496,8393.253027618364,36,0.0791,0,1,0,Low
45.89421572851065,62131.31145658462,Self-Employed,701.0958943076427,65828.50817612032,84,0.106,0,0,1,Very High
26.088820165022277,10050.159262515921,Student,634.3250055572828,4420.941792423921,84,0.094,1,2,1,Very High
21.840339820647895,13569.483944246018,Unemployed,683.5204282395198,1000.0,60,0.0074,1,0,1,Very High
34.50095280040911,14271.659593582604,Unemployed,586.1792101825993,11854.60328106811,24,0.1456,1,1,1,Very High
18.566254140512754,11347.900700592438,Student,645.3619894991342,7091.266754017766,60,0.0875,0,1,1,Very High
24.377230319875252,55762.195909136775,Self-Employed,635.3253818401807,49555.906580392926,60,0.0889,0,0,1,Very High
24.14980119029276,21823.201466012608,Student,663.4294565852721,6330.151399804523,48,0.0915,0,1,1,Very High
44.20315206830863,81926.06615247132,Self-Employed,679.0223525131544,30653.048850106534,72,0.0624,0,1,0,Medium
35.72353260728687,20428.66528028529,Self-Employed,618.8396872299475,28778.999477219317,72,0.1909,0,2,1,Very High
37.796762052886365,103156.93428011789,Salaried,697.0389119127461,29862.78060361166,72,0.0539,0,1,0,Low
42.49965950834873,111841.6415396733,Salaried,675.3964600484071,92724.2936327636,48,0.2079,0,2,1,Very High
33.85250113523986,48166.54058711039,Salaried,641.2559992608612,43016.358212311505,48,0.0893,0,0,0,Very High
24.021397280801246,6101.720674599712,Student,626.8126678559343,5723.092156481062,24,0.1563,1,1,1,Very High
18.230627808733534,9618.029104087273,Student,616.8234491890331,8806.449115060299,36,0.1541,0,1,0,Very High
28.279116581760395,78549.44800927801,Salaried,685.603206555606,44431.98936859956,84,0.1191,0,1,0,Medium
34.54567397839027,15847.695237138305,Unemployed,625.765549860778,9905.058197005315,24,0.125,0,1,1,Very High
49.557234201933326,19679.586119529875,Unemployed,570.8165459566118,2294.8544214250105,24,0.0367,1,1,0,Very High
42.481899195125614,41271.9026206031,Self-Employed,627.631755022463,34409.33348055836,60,0.0834,0,0,1,Very High
40.750126832511135,14197.171399323017,Unemployed,663.7971822979141,15946.760148325233,24,0.1623,0,2,1,Very High
36.15932356199771,60361.456824645174,Salaried,676.5347334288043,22014.01821744888,36,0.0865,0,2,0,Medium
18.535845139200966,8084.123295175761,Student,538.1473110274317,5014.014656267323,24,0.187,1,2,1,Very High
28.855705618057335,24643.18199286034,Student,667.8616260973189,20164.2061885071,72,0.0818,1,0,1,Very High
24.479998524724927,30082.39554119244,Student,586.466222761954,18167.82986365995,60,0.1354,0,3,1,Very High
53.840106507425865,74284.88972911025,Salaried,642.1528223117984,33788.87368209058,36,0.0705,1,1,0,High
24.452299121996884,20309.19670750787,Student,635.7492951183362,10334.920161577615,24,0.1259,1,3,1,Very High
33.612811891029814,80480.38135474129,Salaried,718.454326396104,23496.328636559905,12,0.3292,0,3,0,Very High
24.796464926650295,45941.08394369378,Salaried,642.3686917587174,57590.04099611333,60,0.1254,1,0,1,Very High
22.780856890797036,10556.619544940739,Student,593.5078660286423,7080.587373492008,48,0.0671,2,0,1,Very High
41.74796530234175,21319.019484976434,Unemployed,675.9694897999244,8047.364384657656,60,0.0627,0,1,1,Very High
39.432029417035906,52571.44051898479,Salaried,621.7633077910152,13118.19668751804,60,0.125,1,1,1,Very High
45.347687986830536,74752.11447297769,Salaried,628.7112450149174,13294.763321582948,36,0.3178,0,3,1,Very High
47.37956349448201,23328.051181759176,Unemployed,618.5775191403551,15786.850021062884,36,0.1927,1,2,1,Very High
33.510032100459256,86219.83507151328,Self-Employed,606.910758994775,72296.79958266435,36,0.1464,0,1,1,Very High
29.964062846140656,74598.15104405268,Salaried,704.1314396352229,74939.45704160047,48,0.1005,1,0,1,Very High
39.937979210284524,78507.88060493363,Self-Employed,675.0237827078262,76146.57024006062,60,0.097,0,0,1,High
50.63183415366429,115625.1566904577,Salaried,701.853872914353,130531.2479369182,72,0.2129,1,1,1,Very High
25.014494880109257,16835.95362014026,Student,605.73824798936,11107.884563374497,48,0.166,0,1,1,Very High
21.482582238255837,14142.2926452467,Student,669.7152173811983,1000.0,48,0.0321,2,1,1,Very High
39.059802389449196,36007.85031162249,Self-Employed,676.1020294344823,47004.627649063004,24,0.1305,0,0,1,Very High
27.834787685837096,89012.07938770947,Salaried,604.7745638473327,100053.78047941723,60,0.1624,1,2,1,Very High
58.62898435692475,67546.44990600964,Self-Employed,621.92692635692,41975.59641866792,36,0.0621,0,0,1,Very High
51.84354885851852,76148.23482000123,Salaried,703.9721103887146,51949.98914652039,84,0.1432,1,3,1,Very High
28.11866556873064,49318.98067629375,Salaried,640.3984868270433,64624.69405489412,84,0.131,1,0,1,Very High
19.909249055953907,25025.32011368804,Student,582.1845954366121,22073.34966956741,36,0.1632,1,3,1,Very High
51.36116919308827,57960.19742984187,Self-Employed,684.5027736741413,18832.648947265825,84,0.1575,2,2,1,Very High
22.051633206815616,30797.832032120466,Student,625.7081742337058,2561.305515269756,60,0.0708,1,1,1,Very High
21.983518244228375,28985.325535687076,Student,625.3445150312257,29105.803949891204,24,0.2004,0,1,1,Very High
39.67801281119054,14882.353747027548,Unemployed,641.5399950432375,3443.224779613669,60,0.1481,2,5,1,Very High
30.359795150884814,24604.65301933817,Student,596.2486833885368,5742.646210565392,24,0.2733,1,4,1,Very High
24.049056131954856,19727.21992623736,Salaried,597.8911122907264,1000.0,24,0.1051,0,1,1,Very High
44.8514229887609,11962.758177770727,Unemployed,645.8753472640002,10306.580946508042,72,0.0862,0,0,1,Very High
47.840284513543736,39779.38206932073,Self-Employed,657.7721194345673,26259.24782871378,48,0.091,0,1,0,High
38.1026327052515,59929.20324563571,Salaried,689.5636600225741,49940.48778317467,48,0.1458,0,1,0,High
35.821161449036126,72091.71226153486,Salaried,706.7334872262585,55789.74007682812,60,0.1399,0,1,0,High
23.815997844442858,24742.270596050912,Student,555.9152445284227,18656.621552125056,60,0.1754,0,1,1,Very High
22.0,58208.18012332011,Salaried,593.5877287103808,39450.62352574973,36,0.1303,0,1,1,Very High
18.0,14215.30704402275,Student,626.2269144207977,15643.719372363576,84,0.16,0,2,1,Very High
28.063774336594395,22435.130681389066,Student,518.7104813598631,11452.282878747614,60,0.076,1,1,1,Very High
56.678487586603,64433.02003614912,Salaried,653.192637566094,85525.11760586331,24,0.1577,0,1,1,High
23.577472504587924,31376.430482869415,Student,585.5369898872354,41222.56359644314,24,0.3814,0,4,1,Very High
60.43621867291566,70446.49037191286,Self-Employed,636.6549077910837,18659.23551256547,24,0.0765,1,2,1,Very High
19.52931398419169,12433.05296038876,Student,641.7166168525903,9999.767795818048,48,0.1054,1,1,1,Very High
33.68690259072312,70956.8404278361,Salaried,612.7328988216724,69575.98717313222,48,0.1481,0,2,1,Very High
39.13527127283091,58460.45893186379,Self-Employed,616.1703033532389,47285.87814248747,60,0.0809,0,0,1,Very High
27.020702225468554,14849.388650040757,Student,699.5701368464565,1218.243026137744,24,0.0082,0,0,1,Very High
31.715898193756303,96364.12894127663,Salaried,675.3266113921586,6255.131101195504,84,0.0815,0,3,1,Medium
23.150663059156248,15107.845068152408,Student,645.0930187994085,15034.062571677941,84,0.0995,2,0,1,Very High
30.968461226049225,36806.04919058998,Unemployed,581.2729429230337,30246.643067614696,24,0.3322,1,4,1,Very High
35.98518591839302,72996.31772791379,Salaried,679.9240832512485,68445.80395172125,36,0.1188,1,1,0,High
50.9452686818191,68608.08289167659,Salaried,705.1620702192783,59789.90894608856,48,0.1371,0,2,1,High
23.233082723242667,20277.89247801593,Student,657.9730610835022,17150.180748658633,84,0.1596,0,3,1,Very High
29.702612840131373,14251.145972078508,Unemployed,634.3267419068314,23086.854717784732,24,0.262,1,1,1,Very High
24.113154695364834,14571.6280877485,Student,609.2182480771376,3086.0888761963065,60,0.0212,0,0,1,Very High
31.0259468002576,14271.45067156115,Unemployed,626.5896216924243,16704.798145323864,72,0.1421,0,1,1,Very High
24.321229248710186,27444.218099295755,Student,689.8867993110176,18141.581141230447,36,0.0661,0,0,1,Very High
41.96409218704277,77063.9529948814,Salaried,739.0699682503979,29308.84536161351,60,0.063,1,1,0,Medium
29.40288761091024,9509.294599154135,Unemployed,639.5338550785202,6068.633969387004,72,0.1638,1,1,1,Very High
36.08250363142549,36024.632495588165,Self-Employed,631.3530607094498,18441.714698979544,84,0.1137,0,1,1,Very High
44.24671428617827,68600.52645695236,Salaried,667.3217528920754,53900.52442425801,12,0.1786,1,1,1,Very High
29.04370735336719,19975.540655904373,Unemployed,601.8783236570395,1000.0,84,0.0675,1,1,1,Very High
22.28483355765059,18594.682776160374,Student,561.2478040828793,10329.654652917554,48,0.0556,0,0,1,Very High
37.422812201040855,81609.61819249969,Salaried,686.0539095288208,68872.78590623708,72,0.1844,0,1,0,Very High
40.69209149508755,66771.54212234898,Salaried,638.8939192084046,59717.54642985019,24,0.1519,1,1,1,Very High
43.592129261092495,75199.70063337442,Salaried,641.5639593471016,32700.64944118591,84,0.0685,1,1,1,High
18.107721846344763,41716.858255003346,Student,614.1249177634172,24000.47697992248,48,0.12,0,1,1,Very High
29.610450346783313,17282.887470719226,Student,635.3145715149741,12453.551130593853,36,0.0721,2,0,1,Very High
36.78948216500775,64734.347762891295,Self-Employed,690.9338681270756,22731.917064003665,36,0.0601,0,1,0,Low
44.47536402037553,9037.187611625353,Unemployed,653.1707167738576,7315.835696791228,36,0.106,3,1,1,Very High
44.657229899521056,68659.47539939937,Salaried,652.038824634911,21028.144472179752,48,0.0306,0,0,0,Low
29.28018065851295,19396.035492708994,Student,609.6615187121449,5173.7473865792035,24,0.0267,0,0,1,Very High
38.60868846221297,59527.79992334071,Salaried,561.7803006550151,39524.10404650941,36,0.1164,0,2,0,Very High
46.11661493399169,20602.735359533603,Self-Employed,689.0685283668885,4666.452078333324,24,0.0476,1,1,1,Very High
47.33612907439275,88125.89254101002,Self-Employed,656.6880434501184,56498.83738184486,84,0.0891,0,1,0,Medium
42.19652477475131,80051.59993659111,Self-Employed,619.4129858457452,79322.81847208942,24,0.0991,0,0,1,Very High
39.14639853764348,49491.85751979293,Salaried,674.5167472294115,18704.113829979626,72,0.0378,0,0,0,Low
39.401495225120314,48135.01933799765,Self-Employed,644.792567122694,1000.0,36,0.0021,0,0,1,High
54.0434382202134,63021.332353313905,Self-Employed,681.702642853083,56365.534216069165,84,0.1519,0,1,1,High
36.32190170942098,76361.78747444208,Salaried,610.6863731435467,61848.148971211755,84,0.381,1,3,1,Very High
27.32082847507135,7129.770472045586,Unemployed,655.8957137859809,3382.7657807750957,48,0.1099,0,1,1,Very High
43.78237144891051,79074.2022087639,Salaried,621.0204634463465,32047.51029829916,36,0.0905,0,2,1,High
56.55008484730461,64729.107846988576,Self-Employed,588.352526756537,80616.23514289375,24,0.312,0,3,1,Very High
38.271259623149405,82548.63499420935,Salaried,625.3557864652013,69674.74259247574,24,0.0844,0,0,0,Very High
22.741899931625547,5094.840620344952,Student,617.1515424746616,1611.1457129478786,84,0.2316,0,2,1,Very High
23.238614891144845,15888.016219723258,Student,635.9022097055514,1000.0,48,0.0063,0,0,1,Very High
32.74875844548213,16028.40090906721,Unemployed,632.7717305857242,27151.833011004874,84,0.2944,0,2,1,Very High
40.880342051579134,47482.672753949984,Salaried,682.1549512950761,31521.562455888663,36,0.1664,1,1,1,High
64.48250111310175,10429.793523762666,Self-Employed,615.7342514513446,6391.591906045107,24,0.1863,0,2,1,Very High
43.898700128058515,57548.23162885756,Salaried,696.4917183649852,24410.706480583198,72,0.0924,0,2,1,Medium
32.64997769859133,43541.186746709514,Self-Employed,689.6108935647436,22931.124179481867,60,0.1277,2,3,1,Very High
68.0,88337.47669650809,Salaried,669.1787531391834,50239.03451032123,36,0.1069,0,2,0,Medium
38.063824701019314,50960.5978576441,Salaried,664.6490919717343,45301.45749119848,72,0.0889,0,0,1,High
26.664473703672286,11379.780008349931,Unemployed,675.9704232188284,2915.5033962208086,60,0.0506,0,1,1,Very High
37.36957099060961,19161.964250248493,Self-Employed,690.0946378789772,4905.507349419678,24,0.0881,0,1,1,Very High
55.90792207761058,111103.1283138602,Self-Employed,635.7846133513814,55406.45431258864,36,0.4499,1,4,1,Very High
26.47438704400067,16784.570820423236,Unemployed,596.0948409804622,19915.473692641892,12,0.1187,1,0,1,Very High
49.243653984332155,83474.57197769007,Salaried,632.9040854261666,21183.70236291684,60,0.2254,0,2,1,Very High
32.154246222653,19302.87830575985,Unemployed,625.2653918898262,1000.0,60,0.0677,0,1,1,Very High
23.575611494137437,20817.532692415698,Student,575.3367866216149,12859.534926290076,36,0.0618,0,0,1,Very High
29.258459474738515,109186.95082956212,Salaried,623.4436038655635,128816.9799384411,84,0.118,0,0,1,Very High
39.12240390882613,75441.20671116989,Salaried,667.5623247486571,28256.962912273964,48,0.0375,1,0,0,Low
28.22029339415107,11703.159786050885,Unemployed,572.5691045912746,6839.505237004798,36,0.0834,0,1,1,Very High
49.16190129212721,61376.37700053976,Self-Employed,642.9331868633551,34633.59382595594,72,0.0564,0,0,0,Very High
25.46104780442106,30811.478353296392,Student,701.3424279162532,9032.346107861898,72,0.0293,2,0,1,Very High
37.429505692743966,16164.632069383983,Unemployed,612.0987195410636,13823.043178806085,24,0.273,0,3,1,Very High
44.80456914917442,39341.88796429067,Salaried,738.9747830458998,10513.982553444785,60,0.0892,1,1,0,Medium
21.95920570460612,18917.92791573778,Student,606.964601559835,21893.189468126177,48,0.1782,0,1,1,Very High
29.854961309587406,42510.428352649054,Self-Employed,691.2344526020705,27299.1515791927,48,0.0892,0,1,0,Low
20.981122392619152,24259.5198448846,Student,594.7386039934719,19838.335719621446,24,0.1443,1,1,1,Very High
25.106762057928535,5180.912565416404,Student,584.3030828324572,4679.4256214002535,12,0.2903,0,2,1,Very High
35.90148164441313,56536.223526625865,Salaried,620.342159214161,31393.602387629853,36,0.0555,0,0,1,High
26.715306871582605,12782.298662846777,Unemployed,616.6782499826478,6515.293959919263,24,0.251,0,2,1,Very High
46.996149753803046,12288.578847523553,Salaried,666.953329238893,7309.656284538748,72,0.2595,4,2,1,Very High
40.70332458104697,57396.10110443989,Salaried,632.5796094355316,21541.148687319946,72,0.0375,0,0,0,Medium
40.975556914204184,67854.50737170779,Self-Employed,619.4769626252518,1347.3085583882548,60,0.052,0,2,1,Very High
26.231152275429512,70265.47645277527,Salaried,730.9432886394378,39395.86795502019,60,0.0561,2,0,1,Very High
47.01196346407329,32764.712158380542,Self-Employed,696.0007539524518,10291.028982758282,24,0.0564,0,1,0,Medium
44.6725731350097,10000.0,Self-Employed,638.941966078569,4694.760781989852,24,0.0719,1,1,1,Very High
47.56456551251438,12451.875582449902,Unemployed,592.4330641565344,7125.854780014494,60,0.1822,4,2,1,Very High
40.79764251243672,36836.950590875895,Salaried,738.2869375050241,20482.800762034476,60,0.0806,0,1,0,Medium
26.519132414810933,5000.0,Student,635.987577322066,6814.236736259205,36,0.2363,0,1,1,Very High
23.0,73327.6625726781,Self-Employed,705.2630252644987,24975.038704254865,36,0.0966,0,1,0,Medium
30.181709184389753,6569.316589154028,Unemployed,665.5845534652028,1000.0,36,0.1402,0,2,1,Very High
23.2112506144386,14443.364140174283,Student,630.0666010794109,8653.388031770382,36,0.1099,2,2,1,Very High
34.317249017835756,32881.78806179465,Salaried,704.4541921905067,13093.129150512785,72,0.0648,0,1,0,Medium
44.335135571011335,62743.30446053641,Self-Employed,645.7294931490278,43670.94235504156,36,0.2696,0,2,1,Very High
29.101739483203218,77710.11936305996,Salaried,649.2355209887675,1000.0,36,0.0013,0,0,1,High
37.846616135135164,62843.75575496682,Salaried,652.3729129085859,55420.74707802869,36,0.2882,0,2,1,Very High
40.095443072175804,73172.68399035273,Salaried,692.2190960168646,44895.554581291566,84,0.1239,0,1,0,Low
28.590012274347174,3000.0,Unemployed,582.7771585303013,1000.0,24,0.0958,0,1,1,Very High
51.730515413012114,49713.05750284791,Salaried,674.0937905558911,1980.2261910774796,60,0.004,0,0,0,Low
38.8766312779527,17995.789777675025,Self-Employed,668.8644151540774,12908.761260674673,48,0.0717,1,0,1,Very High
25.260358614004126,109128.94759633618,Salaried,644.927780343439,109224.78565641295,84,0.1001,0,0,0,High
31.937549203681975,7964.826417009848,Unemployed,710.2201698388038,8146.050869154776,60,0.1023,0,0,1,Very High
53.566167514736776,52133.997785352505,Salaried,677.5427003570502,29810.816491075624,36,0.0822,0,1,0,Low
65.0,13974.763460551556,Unemployed,637.8978332814182,11194.469110687216,24,0.2676,1,3,1,Very High
37.23615458598259,73133.24160151673,Self-Employed,647.4853695321178,81356.19335082045,12,0.1362,0,1,1,Very High
43.92369846597009,48759.972765892984,Self-Employed,706.9378482540633,29441.110314295765,12,0.2479,0,3,1,Very High
27.615224520994268,28104.19661424819,Student,626.9555260849211,35288.657900355945,48,0.1506,0,1,1,Very High
38.32482662473433,17937.465986098156,Salaried,648.2388571780291,14978.160128587791,12,0.2835,2,2,1,Very High
41.0525381264133,75342.8974627205,Salaried,582.9699783760176,44843.60869151004,24,0.1095,0,2,0,High
30.814255729190577,106391.4323477383,Salaried,662.4631947606491,64420.700149720346,12,0.0606,0,0,0,Low
43.64345464037378,55258.25359995567,Self-Employed,590.3215111658964,56871.16996436615,24,0.1529,0,2,1,Very High
33.005971842074366,69935.01351712891,Salaried,736.2524694139124,78411.75827363013,72,0.1121,0,0,1,High
58.022648743719245,67520.43422912627,Salaried,693.5111201776804,40022.17941137684,24,0.1218,0,1,0,Low
56.69810148599426,9852.441298635855,Unemployed,610.0574250477165,2312.5550929264527,60,0.086,0,1,0,Very High
39.59181148186115,16413.300617797166,Unemployed,610.8416332778045,11227.577949409497,48,0.0684,0,0,1,Very High
57.62567223423099,54334.576386417626,Salaried,721.4606837451129,30981.798968510826,24,0.057,1,0,1,Medium
31.978244594219316,43937.25069434283,Salaried,739.367249672934,13629.579589460209,12,0.156,1,2,1,Very High
48.75724419873994,61618.171752142865,Salaried,671.572544609898,36554.349458685625,36,0.0593,1,0,0,Medium
46.20526207966989,75888.87827017799,Salaried,558.8074532804709,16228.972614256541,72,0.0464,1,1,0,High
56.836936976706134,77715.14563525778,Salaried,592.0572431646927,53214.47620259787,36,0.0685,0,0,1,Very High
43.88205520032353,6615.2637168966085,Unemployed,659.9914157016195,4506.300095382293,36,0.1306,0,1,1,Very High
55.246293575998045,10000.0,Self-Employed,683.1582170042602,5122.259287928957,60,0.1262,0,3,1,Very High
20.072428176215414,25620.668677079364,Student,626.072108615358,27957.23033821502,60,0.1091,0,0,1,Very High
22.252561975536835,21091.53180531886,Student,589.606436079396,1000.0,36,0.1047,0,1,1,Very High
23.418374635558656,26349.37202889313,Student,643.9994250145352,7965.719179088245,48,0.0802,1,2,1,Very High
22.0,58527.495183030194,Salaried,672.6569741147471,74424.40591330484,12,0.3147,0,3,1,Very High
45.231232138691155,60986.52619749254,Salaried,661.1840026544824,16667.69676070815,48,0.0773,1,2,0,High
52.45674383742747,65567.25621311812,Self-Employed,726.9894239171491,68037.71619534084,72,0.1038,1,0,1,Very High
22.363096246489885,13145.534831269062,Student,627.7389508529354,14164.47256255054,72,0.1703,0,1,1,Very High
30.479326840569577,40392.50123044824,Salaried,614.443834361399,23346.248426741447,24,0.1828,1,2,1,Very High
44.89353887842954,22151.70110880758,Unemployed,570.5349059827442,15210.788620151405,60,0.1312,1,1,1,Very High
38.32858189372847,34271.638056109645,Self-Employed,618.3085705470293,20660.392587283543,84,0.0853,0,1,1,Very High
41.05239773269313,65347.76476477818,Self-Employed,681.8206212203233,34135.830574773536,60,0.1147,0,1,1,Medium
35.86518598722536,66004.27584763707,Self-Employed,584.5159214303235,66598.64828894065,84,0.1634,0,1,1,Very High
52.80329614358032,34370.31406844011,Salaried,665.2687148325098,35932.054718343265,24,0.2295,0,2,1,Very High
42.255996480627914,78823.74831453801,Self-Employed,714.8440862829767,43559.323835675714,36,0.1553,0,1,0,High
22.837014568731227,24943.839474786084,Student,634.9182543692502,24015.364181655383,60,0.2213,0,2,1,Very High
41.73878264088617,38019.28616701925,Self-Employed,616.6268135528813,28972.074747411913,84,0.0762,1,0,1,Very High
41.66145214194552,47064.0251287627,Salaried,703.253321128584,22846.494885595646,36,0.0985,1,2,0,High
24.052569407333294,12992.38702179218,Student,663.8178583401295,14714.611543644673,12,0.1633,1,2,1,Very High
44.482927269906334,94207.76235080046,Salaried,661.4034830808266,68024.37667628977,24,0.0972,0,1,0,Low
25.42918142881418,23377.25162868445,Student,615.5301124081932,13509.687694857792,84,0.0578,0,0,1,Very High
41.12093389540518,49346.4507167776,Self-Employed,631.2083051111255,30562.54121795311,60,0.1244,0,1,0,High
56.18764426268592,82719.88777309719,Self-Employed,675.3839001556574,64550.729643800114,72,0.1405,0,1,1,Medium
32.5743632855689,17739.091542701648,Unemployed,538.1068746640609,1000.0,36,0.0306,1,1,1,Very High
18.0,19214.501341173964,Student,602.9832122919054,13710.05249098669,48,0.1714,1,1,1,Very High
34.71359716627858,110852.50995190142,Salaried,663.9468034349949,91913.0458114046,36,0.0829,1,0,0,Medium
50.93146680560433,25759.461004350123,Self-Employed,694.9484449277388,8177.249161208416,36,0.0567,2,1,1,Very High
54.435017293487164,9795.19414576745,Unemployed,584.9297395513047,7871.42408594552,48,0.2054,0,2,1,Very High
32.72294796303452,48130.61464710304,Self-Employed,658.7192217931715,35397.54172914864,72,0.0735,1,0,1,Very High
32.44258357435898,61746.577675810884,Salaried,637.248049096469,41930.00782285466,48,0.4679,0,4,1,Very High
37.70789329971083,58366.369490164834,Salaried,671.5686825319972,57774.1243569044,72,0.124,0,1,1,High
50.823348076859574,66999.20239646053,Salaried,713.0469173868433,69867.02328707924,36,0.1043,0,0,0,High
35.98885277628602,37167.884736736,Unemployed,606.5009645663688,21278.30009088713,48,0.1197,1,1,1,Very High
27.038170585095795,5650.115443198443,Unemployed,588.6731255469485,1184.3992328297863,36,0.021,1,0,1,Very High
29.269096326466098,79222.56604083707,Salaried,718.7649752016549,71175.71581353585,48,0.1398,1,2,1,Very High
24.531088032065796,11399.122020396226,Student,640.1754705120378,9661.288006397384,36,0.1098,1,1,1,Very High
26.784985920328204,51694.95637387965,Salaried,642.822805828894,14134.073440868782,36,0.1023,0,3,0,High
33.387486355996835,67807.93665084113,Salaried,634.5623987594506,73441.4700587884,24,0.3083,1,2,1,Very High
22.499157421957793,6107.9742357080395,Student,631.4668184160731,4295.9748184444725,48,0.1703,0,1,1,Very High
33.40366803569424,82860.77963024621,Salaried,617.95980379637,48493.21966423138,24,0.0835,1,1,1,Very High
40.972687111038546,28504.509181612404,Self-Employed,600.0684818289271,12715.760061903093,36,0.1071,1,1,1,Very High
20.59990332148148,7576.377361596866,Student,658.6703430451246,6524.328254063574,36,0.2111,0,2,1,Very High
53.9819508479701,58903.949128852706,Salaried,643.5589865074736,55219.18242668104,60,0.2187,1,2,1,Very High
38.66759798122615,63821.232242575315,Salaried,627.8017496280659,4787.464613768818,48,0.07,0,1,0,Medium
49.1838438958426,66556.61550320506,Salaried,628.3641671787377,52562.556612780034,48,0.2665,0,3,1,Very High
49.732773678610684,80393.9311652182,Salaried,684.6218791198074,77882.01581998609,36,0.1719,0,3,1,High
30.070000292336474,65639.39844578857,Salaried,629.7369227937577,41777.6413964405,36,0.0636,0,0,0,High
19.14081995892973,32118.630276828815,Student,587.7082227778565,25141.201514576973,72,0.1783,0,1,1,Very High
26.890601838736966,9902.046463692686,Student,626.4167858556139,6739.545673607007,12,0.0681,0,0,1,Very High
32.58763394351886,16297.279545907673,Unemployed,640.3393112834992,18187.159070100068,60,0.1741,0,1,1,Very High
37.9509697532516,48580.572891922224,Salaried,681.1591517723383,54647.65447573577,24,0.175,0,1,1,Very High
28.30142483892865,57373.424969633386,Self-Employed,717.6855814851895,17459.283915747576,36,0.2304,2,2,1,Very High
33.65915587435008,54546.77387512064,Salaried,741.7527888265867,50110.26774457372,36,0.0919,1,0,0,High
27.17420454005078,26297.575706045347,Student,696.4140657159135,8371.920379237983,36,0.0943,0,1,1,High
30.160536646702802,79878.95094531373,Salaried,650.3517775789551,16960.214404432194,24,0.0462,1,1,1,Medium
40.390070712066475,16040.264469438938,Unemployed,704.6993061181633,11150.432023977777,24,0.0695,1,0,1,Very High
27.93467876786425,73748.85244122494,Salaried,577.7667753443307,74742.8487628645,60,0.1013,0,0,1,Very High
27.978525264093356,4708.671033719122,Unemployed,591.1173008703425,1936.2123066332551,60,0.1036,0,1,1,Very High
27.46194568041859,11278.772626697682,Student,636.9942149339046,5111.628374964364,36,0.0703,0,1,1,Very High
27.635469842384687,34465.499167525224,Self-Employed,719.5112721606182,16635.19550262507,24,0.0983,0,2,0,High
18.799578912915116,15387.616307227749,Student,611.3909548181292,9663.18714110495,12,0.0878,0,1,1,Very High
48.154512696951585,50758.75532570215,Salaried,557.3641435663344,36980.24092902598,60,0.0729,0,0,1,Very High
25.012634980725622,43798.37526972484,Self-Employed,672.4944125207202,29964.55614292614,72,0.0934,0,1,1,High
33.44114764642902,46673.26268846379,Salaried,631.1920069454417,56039.00190490352,36,0.1201,1,0,1,Very High
51.20158906113986,20592.062271117604,Salaried,675.9620875284824,20209.679417875268,72,0.1606,1,1,1,Very High
44.72838231621538,62489.51444571803,Self-Employed,709.0144762733873,54023.258891798636,24,0.1115,1,1,1,Very High
33.289593017472534,8614.935755144897,Unemployed,615.1362553627799,6121.353659599258,60,0.2586,1,3,1,Very High
52.000269560053155,4028.302689775901,Unemployed,609.6431190616116,2173.871055017067,36,0.079,0,1,1,Very High
23.0,45072.01389518474,Self-Employed,654.39324152733,38648.97801354037,48,0.1107,0,1,0,High
25.50433048713877,28354.20349204867,Student,617.2206040780767,9526.345996358023,48,0.0586,1,1,1,Very High
22.0,39491.95399866576,Salaried,637.9008431870777,27283.755662120206,72,0.0691,1,0,1,Very High
22.319523235479366,24597.94197238374,Student,546.0535174002298,21034.92574228227,48,0.0855,0,0,1,Very High
22.302039031877825,14940.863205360674,Student,593.5657679003581,17379.63703236013,48,0.1413,1,1,1,Very High
30.68154195301375,8972.623156868289,Unemployed,666.4047358542716,9422.625389873516,24,0.13,0,1,1,Very High
43.838570398470615,67693.95903306216,Salaried,635.047603412681,31128.42022490197,60,0.171,0,2,1,Very High
23.0,79050.53286932352,Self-Employed,659.5240762373937,36575.95388122751,60,0.0463,1,0,0,Low
23.129480402908122,19178.578643891764,Student,599.277165859703,17354.535411725257,36,0.1905,1,1,1,Very High
54.52017336998529,6497.737499396826,Unemployed,633.2940149289713,5791.351569274999,36,0.2891,1,2,1,Very High
27.54372046337627,85056.41552675675,Self-Employed,608.907936560661,85672.99019204735,60,0.1632,0,1,1,Very High
20.0,17191.131535337096,Unemployed,668.7846044324153,3481.907793227929,84,0.1203,1,4,1,Very High
25.03690342666099,18378.544913061793,Student,546.8859653921763,2321.8060244978687,24,0.0876,0,3,1,Very High
46.18190218891922,12638.990945106301,Unemployed,663.5159080543013,8631.621478789157,24,0.2558,2,3,1,Very High
50.02136326628313,71737.94737788098,Salaried,603.6153253303398,76764.69017440858,72,0.307,2,2,1,Very High
30.374708483237207,45713.60140244168,Salaried,649.660635428124,20095.680772008847,72,0.169,0,2,1,Very High
18.0,22711.9026113171,Student,578.7918622732877,1000.0,24,0.0294,2,1,1,Very High
27.542885567105987,61113.54747488967,Salaried,664.9886808727175,35793.293315650924,48,0.1211,0,1,0,Low
32.82291615931519,92801.95116686507,Salaried,689.499401527657,115988.07203512503,36,0.3125,0,3,0,High
50.95871988022193,97810.96860296719,Self-Employed,634.1204704404373,45919.25991672065,12,0.1719,1,2,1,Very High
40.47839812820081,65001.687861828286,Salaried,629.8032044877972,14669.473689653902,12,0.0226,0,0,0,Medium
62.86221567263239,45631.279045231044,Self-Employed,659.3863714480239,34679.44766052185,60,0.2635,0,3,1,Very High
60.00294322633858,75999.90819177819,Self-Employed,651.3393711557032,32077.80390264844,12,0.2297,0,3,1,Very High
28.824221220727186,61435.286557169005,Self-Employed,674.9168574449153,54757.19751615546,48,0.2141,1,2,1,Very High
39.424871775523464,36812.15019946392,Salaried,635.5213272848272,16133.758361508953,36,0.0938,1,2,1,Very High
53.41192946121421,94955.24585522665,Salaried,695.0132210728655,70049.31402878586,84,0.0988,1,1,1,Very High
42.68616149071635,63558.0973443934,Salaried,603.595562192872,80040.52864464477,24,0.1259,0,0,1,High
42.245041200891066,34527.15842564074,Salaried,671.1449121982607,32176.123338281133,36,0.0932,1,0,0,Very High
25.193711683319197,19503.788699888835,Student,562.1382517755492,6153.619952597835,84,0.2191,2,3,1,Very High
29.32677224524052,19727.74686400389,Student,714.3000891618915,5125.063558904607,60,0.426,1,4,1,Very High
26.068944498267903,26626.88948515272,Student,569.7397616325123,22800.645585552214,12,0.1856,1,1,1,Very High
19.086115397338524,15405.522730584711,Student,646.1789003890726,17939.80113041507,60,0.4165,1,3,1,Very High
30.920349215623723,56511.46066803206,Salaried,662.4232084568212,37112.257885734514,36,0.2532,1,3,1,Very High
36.99527032582154,50255.07480539517,Salaried,672.369167040364,31400.420919450014,60,0.0625,0,0,0,Low
25.280424672403,24868.0666756156,Student,598.9551767360005,27840.537592736044,60,0.312,0,2,1,Very High
36.87903200940192,48621.018726006754,Self-Employed,695.9095841839312,51554.87375304366,60,0.1685,0,1,1,Very High
41.02253133172866,76051.25375516215,Salaried,693.6737772039846,10594.440170073562,12,0.0389,0,1,0,Low
50.34182765654014,24183.105522001693,Unemployed,607.3505655712218,1000.0,36,0.0541,1,2,0,Very High
42.11138545769279,71565.97691808992,Salaried,624.9700581084522,14497.763791361174,36,0.1453,0,2,1,Very High
55.866630701395124,42766.929229014444,Salaried,629.3980988186379,30544.572442279223,12,0.0964,2,1,1,Very High
46.75536065302469,55012.51911615411,Salaried,643.847968409376,56873.19853161868,48,0.4034,1,3,1,Very High
62.83417435950666,37516.66621050934,Self-Employed,671.7184557695024,40603.1032121462,60,0.2332,0,2,1,Very High
42.42755328961064,48231.94449346996,Self-Employed,623.9924551605452,27858.396130911748,36,0.0578,1,0,1,Very High
47.80567239877534,83124.2444494062,Salaried,691.3257442992581,30658.07070593381,60,0.2869,0,4,0,Very High
43.711420649816084,74262.04996996273,Salaried,657.4890873607516,49843.41201920147,48,0.0671,0,0,0,Medium
21.014175291818216,12004.571914633983,Unemployed,617.8447577763476,3248.8994520237657,36,0.0271,0,0,1,Very High
30.32368026292496,68609.84609246733,Salaried,634.4483465708689,55299.842753727804,72,0.0806,0,0,1,Very High
37.600671709816034,64368.85889650277,Salaried,661.5152707088866,49976.23962816816,12,0.1276,1,2,1,Very High
24.883355053381223,5000.0,Student,621.9661726784891,2037.29690459591,48,0.2282,0,3,1,Very High
36.89534255987624,11399.85119923257,Unemployed,606.1677209621253,7411.004612299448,84,0.2525,1,3,1,Very High
55.601707345978994,77728.00870855858,Salaried,752.1725491449797,1000.0,60,0.0013,0,0,0,Low
34.099776927205944,83451.60200307822,Salaried,643.8190717827214,51316.97560066509,48,0.1615,0,1,1,Very High
21.897923670823342,7900.727499973607,Student,604.8308401739256,1000.0,60,0.0377,1,1,1,Very High
23.767477706757713,5000.0,Student,633.2490682647726,1559.286535925209,72,0.2812,0,4,1,Very High
40.67928266462695,10000.0,Self-Employed,629.2305245894373,5145.6917425141255,60,0.114,0,1,1,Very High
20.0,18066.87844708663,Unemployed,620.5553336683373,8943.33279648082,24,0.0995,0,2,1,Very High
41.956484996978695,42043.4726967092,Salaried,606.8201583888805,22524.072019420164,60,0.2411,0,3,1,Very High
36.866556159717234,57051.06744176981,Self-Employed,568.5845469101617,67789.23453186358,48,0.1188,0,0,1,Very High
26.01893058872121,31438.16744649142,Student,658.6914565145036,1000.0,72,0.0032,1,0,1,Very High
50.81529483283064,77300.39380230609,Self-Employed,653.7129645933542,79287.30796709712,24,0.4026,0,3,1,Very High
32.3376237966466,43599.53584255428,Salaried,681.7028113940571,60581.70937586091,36,0.139,0,0,1,High
35.30635203897513,76981.77720443445,Salaried,684.3350678060607,100752.46372164972,48,0.1309,0,0,0,Medium
56.74430129891642,16602.833086044724,Unemployed,631.047253230402,7002.455836334906,36,0.2422,1,2,1,Very High
43.386751121232344,38151.29217551644,Self-Employed,644.4174484784305,30053.22561786564,84,0.2038,1,2,1,Very High
55.97931421407215,5349.811286179229,Unemployed,604.8554391200895,6430.647145830332,60,0.1452,1,1,1,Very High
38.24141436171329,56311.050251277666,Salaried,679.1386900086762,18222.00848813275,12,0.0324,1,0,0,Low
45.86083513275952,51399.80292206172,Salaried,621.3227019179418,38481.29469894595,60,0.0999,0,1,0,Very High
36.111295979084055,58995.99604763945,Salaried,641.9383473543304,1000.0,12,0.0017,0,0,0,High
26.869147113129912,25175.314267593283,Student,601.0879699149834,16336.131510280833,60,0.0649,0,0,1,Very High
58.594484117589325,15681.724926191238,Unemployed,575.1664982523884,19162.219467374114,12,0.3097,1,3,1,Very High
49.16288782731428,67895.75775208483,Salaried,670.3906986992014,55267.12398300001,60,0.1564,0,3,1,Very High
43.59490612337344,88342.0035488141,Self-Employed,609.2638363465795,22796.565065359486,36,0.2258,1,2,1,Very High
45.55302891749059,68434.23694294962,Self-Employed,694.0649181518712,43006.88319566622,60,0.0628,0,0,1,High
18.207500933207257,18947.958385310238,Student,617.3622490422365,2924.5831347470357,48,0.1154,2,1,1,Very High
52.06122838546299,39893.324229473525,Self-Employed,662.043018783788,48872.954546604684,36,0.185,0,1,1,Very High
38.66634202618929,76270.97599594544,Self-Employed,647.8038538225815,29174.926343808183,48,0.0883,0,2,1,Very High
25.349032749937095,8969.518283912963,Student,553.0522287719609,7567.471605934792,12,0.0844,1,0,1,Very High
39.223006129596364,30473.76838485306,Self-Employed,657.8838737125353,27921.53317572635,48,0.1166,0,1,1,High
23.60091712589741,15584.464562555453,Student,539.2995100541137,7163.178835405585,48,0.096,0,2,1,Very High
18.0,7050.520258642648,Student,649.0418496358774,7419.76681076526,72,0.1052,0,0,1,Very High
24.228190989335598,90446.55439874402,Salaried,620.2713573906204,101664.65263856377,60,0.1374,2,1,1,Very High
29.228832362292312,85096.84992901779,Salaried,619.3543891390774,80054.94714197311,48,0.0941,0,0,1,Very High
29.607713758058786,55129.838203193205,Self-Employed,610.9167540953549,62365.70690513226,72,0.1131,1,0,1,Very High
21.58190333611024,19706.99970336053,Student,624.2297809035233,11031.823316917666,24,0.2435,0,3,1,Very High
39.545378711307315,68176.39574623542,Salaried,675.6504950513421,49651.383460890065,48,0.0728,0,0,0,Medium
44.74929505631661,56380.1928741941,Self-Employed,673.1146408305927,61295.17852908774,60,0.1087,1,0,1,Very High
27.76396193797359,22177.626494272852,Student,580.8299685077021,13230.999442762344,48,0.1847,0,2,1,Very High
30.483995408710015,97450.28276172835,Salaried,649.7008202342677,1000.0,60,0.126,1,2,0,Very High
37.519573875665785,31486.709725506145,Salaried,689.8103426521731,23170.37557369306,60,0.1986,0,2,1,Very High
36.26104209557326,50928.44414295849,Self-Employed,719.401412222749,5204.72810668503,36,0.0102,1,0,0,High
22.519881719284125,3000.0,Unemployed,592.0258083363307,2772.421123693906,36,0.2174,1,2,1,Very High
40.30503497544231,32119.741496946597,Salaried,757.7418013200063,3779.9847114792083,60,0.0118,2,0,0,Medium
27.47701567504801,23545.893905030964,Student,624.4512181503387,9593.372853128458,60,0.0407,0,0,1,Very High
26.309455131586965,10458.899618745134,Student,640.9776123801822,9661.30258279024,48,0.1174,2,1,1,Very High
38.49932614428991,88208.99275753435,Salaried,667.6296166550835,60824.96272463867,72,0.269,1,2,1,Very High
36.04915578039075,10000.0,Self-Employed,633.2706241265369,11944.453614426855,48,0.1694,1,2,1,Very High
28.400612584860845,69330.6457626776,Salaried,682.3736103334857,50275.949996454176,48,0.0725,0,0,0,Medium
26.646149871840024,11362.984162515764,Student,616.9523485816843,4724.108462328485,60,0.1666,0,2,1,Very High
19.961121862699546,27517.455438235076,Student,646.2356249373544,14073.627359325377,84,0.1011,1,2,1,Very High
33.000584669096654,55634.393272551184,Self-Employed,676.7251529923692,42177.67386397004,84,0.1008,0,1,1,High
42.65677391473834,57502.54020372745,Salaried,666.2770333673473,21361.75820099935,36,0.0996,1,1,0,Medium
26.632110567941893,39822.73074731826,Salaried,654.4740037089952,33596.47264738326,84,0.1094,0,1,1,Medium
36.95734332982532,85335.72397085058,Self-Employed,732.4129407721996,126153.28671885519,48,0.2103,2,1,1,Very High
36.725518728484744,56630.92098674621,Salaried,677.2444198239726,12277.769617230464,36,0.1467,1,2,0,High
22.721524384454167,18584.50279117621,Student,567.5166895010954,13679.968452474246,36,0.1986,0,2,1,Very High
34.14197894749604,79273.41345218164,Salaried,629.0874647522127,47076.515995149035,24,0.0594,0,0,1,High
28.8352877471998,22369.581691771935,Student,607.1559251457508,9881.811824688768,84,0.0692,0,1,1,Very High
45.5858494773715,14665.83391387388,Unemployed,672.351654509345,12955.36992786036,36,0.0883,1,0,1,Very High
20.56089575013504,17534.774041178134,Student,586.6379835604059,8025.204123854091,24,0.1083,0,1,1,Very High
55.88800765641878,58854.24362907005,Salaried,635.3520664876525,81241.86041053427,24,0.188,1,2,1,Very High
42.02743854958553,34820.36786047626,Self-Employed,628.4887724893606,22204.959424501067,48,0.0638,1,0,1,Very High
36.77938267728071,59464.617977807444,Salaried,659.5618645699184,44657.745593619155,36,0.2001,0,2,1,Very High
28.589155639816045,39559.792657372076,Student,583.6329557427495,24654.884127567308,24,0.1873,0,2,1,Very High
23.384539894982996,30246.512212765017,Student,658.2170915887294,1000.0,24,0.0533,0,2,1,Very High
43.44153426416664,111722.5135382476,Salaried,657.8346009144908,82726.4589829128,36,0.074,0,0,1,Medium
24.360464021825734,19825.521669897567,Student,650.7960150029471,4314.270147239801,48,0.0843,0,1,1,Very High
28.533781374358256,30873.256719807898,Self-Employed,669.31613470214,22050.851668510768,60,0.1214,0,2,1,Very High
23.0,82045.72508406301,Self-Employed,662.082403817979,27709.841112577895,36,0.1588,0,2,1,Very High
44.55924838771229,38763.93668445577,Salaried,679.8137685173713,37048.6676510915,48,0.1206,2,1,1,Very High
22.0,65762.97021681644,Salaried,561.113157440491,52482.26618500295,24,0.1423,1,1,1,Very High
30.489899086162286,51366.526621747056,Self-Employed,688.6773499047467,42739.77529879979,60,0.1082,1,1,1,Very High
18.039382476356153,8237.655141829275,Student,654.7467856550276,8391.028019527625,60,0.1019,0,0,1,Very High
29.496109725389434,15051.491597390148,Student,591.6624129791105,11844.439280812705,24,0.0787,0,0,1,Very High
29.007475753681014,11489.672455710917,Unemployed,608.5256458924795,2601.0835555156937,72,0.0226,1,0,1,Very High
36.49956497856546,3000.0,Unemployed,596.5977089964849,2305.5209733186653,36,0.2769,0,2,1,Very High
24.525420616258387,51440.69762716944,Salaried,578.1153352323822,52843.21720680876,24,0.1027,0,0,1,Very High
30.37448334526707,97325.38027607909,Self-Employed,709.3543980127605,52293.10084297336,36,0.1787,0,2,1,High
44.77136479617949,54294.4229829015,Self-Employed,659.5438556953982,46756.91771613787,48,0.2111,1,2,1,Very High
41.22937165338526,62414.26131515481,Salaried,698.7637213249901,24712.496336970853,36,0.0646,1,1,0,Medium
37.79075567469957,28828.248115394454,Unemployed,584.0337358833333,1000.0,48,0.0035,1,0,1,Very High
40.95039215274317,69692.62333747417,Self-Employed,730.0940333954834,45196.127967983244,24,0.1649,0,1,1,High
36.441939737509635,85156.60347341766,Salaried,647.7963878198019,39450.188235344096,24,0.1213,1,3,1,Very High
20.640365043480124,24267.05799082164,Student,623.9499407013872,14469.321598643293,48,0.1221,0,1,1,Very High
47.514665565300554,56345.53593148228,Salaried,687.2026041269235,47790.33122938366,36,0.2098,1,2,1,Very High
22.267508154723906,17754.28471281443,Student,630.8676129395863,23243.327480684988,84,0.3184,1,3,1,Very High
47.38466511758863,101103.17888043121,Self-Employed,646.3184504436797,32407.069424509515,48,0.0321,0,0,0,Medium
46.036711811834266,45147.135349532924,Salaried,617.3524958235666,21193.167618617546,12,0.1719,0,2,1,Very High
45.92871946976131,55245.44226929885,Self-Employed,639.4437214487842,56262.34597373394,60,0.1018,0,0,1,Very High
19.478225667968196,5000.0,Student,623.4389876896197,5362.435913196895,24,0.1072,0,0,1,Very High
20.0,6939.714887932494,Unemployed,645.2436397533565,3337.6870669919163,48,0.0981,2,2,1,Very High
54.021874879394204,62162.25928502213,Salaried,676.4542857726399,74569.13877853946,60,0.12,1,0,0,High
36.55443930977944,19874.883235759386,Unemployed,652.7424532783946,12417.936775201184,36,0.125,0,1,1,Very High
22.0,46521.92865484611,Salaried,653.9114692114081,1000.0,12,0.2021,2,2,1,Very High
26.326187800299394,17126.189354969905,Student,598.9636063446159,20394.332457353743,24,0.4191,0,3,1,Very High
24.110820225969686,26543.957866144992,Student,683.6580366108907,18976.744227216674,12,0.1215,0,2,0,Very High
18.0,20771.83546908184,Student,669.7515041242126,6600.894495846857,60,0.0818,2,2,1,Very High
23.634076800386136,22542.93832546908,Unemployed,662.4922502404896,24169.557957000055,60,0.2322,2,2,1,Very High
25.520041119199107,19805.180268695047,Unemployed,648.7223188981636,21666.526455055482,60,0.1094,0,0,1,Very High
35.0,15846.264759941936,Student,552.80114678606,21579.43892654954,60,0.3237,0,3,1,Very High
24.600386936388865,45355.92902159761,Self-Employed,671.681276572853,48965.21609702535,60,0.158,1,2,1,Very High
23.271896915458996,47621.909511167905,Salaried,697.4051762855756,34278.461594546076,48,0.072,0,0,1,High
45.878210083188876,78768.77204541882,Self-Employed,666.3433204997446,36783.832217836,72,0.0467,1,0,0,Medium
40.86651850051644,25855.823628098668,Self-Employed,685.1100394963778,21378.78240867597,24,0.1827,0,1,1,Very High
26.356805420609053,17600.756871306297,Student,604.8296215113544,13989.71486628611,24,0.1295,0,2,1,Very High
44.045654310868755,57701.19072534046,Salaried,630.9462752434898,45973.6257389359,72,0.0797,1,0,1,Very High
32.211833684196186,71430.98722052033,Salaried,665.7577652298007,26963.603932533566,24,0.0627,0,1,0,Low
22.0,60608.79330152011,Salaried,657.8204176097145,76167.08391393156,24,0.1507,1,1,1,Very High
28.13051197899732,11475.811920839793,Student,576.5195244389408,6530.943912763587,36,0.0569,1,0,1,Very High
27.02177244585637,58238.99357627001,Salaried,712.5681892580195,65976.42454565433,84,0.3008,0,3,1,Very High
34.35235509445968,65720.16088000135,Salaried,633.1180351277354,71364.11894799481,48,0.1711,1,1,1,Very High
23.025278174553858,32715.347495820854,Salaried,594.4464906378336,12394.06431160324,60,0.0879,3,2,1,Very High
40.209149021864924,26081.135528771785,Self-Employed,676.9256764271254,14573.934261558144,48,0.0559,1,0,1,Very High
35.766732877234645,65553.77242152145,Salaried,730.3703183011256,41033.222226182676,12,0.1251,0,1,0,Medium
58.35192395889056,71690.8836490125,Salaried,676.2515906630724,15631.987675320735,60,0.0843,1,1,0,Medium
36.71958854726121,56178.8826809365,Salaried,671.0382628843113,59899.86705526231,24,0.3066,0,2,1,Very High
44.88130667188306,51434.1409082787,Self-Employed,605.7996937743477,65784.96639078569,60,0.1779,0,2,1,Very High
18.0,19410.651254599386,Student,671.7307540977522,9580.228808863463,72,0.1119,1,1,1,Very High
42.34180883415572,77770.59008519769,Salaried,652.6366546882844,9936.059561185759,72,0.1378,0,2,0,Low
47.22146639437454,59595.88959174957,Salaried,598.6535199649893,41590.329395415945,12,0.1323,0,1,1,Very High
51.61976727039834,26508.00454180314,Self-Employed,741.8332741380509,8720.020972580987,12,0.0329,0,0,0,Medium
35.22491264455626,66049.49698114578,Salaried,658.4899628420335,80744.9330717651,72,0.1222,0,0,1,High
42.03789251904179,71736.64451155125,Salaried,645.7449515825355,67947.9573171224,60,0.0947,0,0,1,Very High
49.9901193721965,57642.92534520388,Self-Employed,719.3683200011867,51864.76446680378,24,0.19,2,1,1,Very High
41.27074161220633,41146.950967676254,Salaried,687.6763886938786,12608.312016067,60,0.0306,0,0,0,Medium
18.0,23930.353657318847,Student,586.3537790167051,1000.0,12,0.0667,0,1,1,Very High
31.222244175038668,9982.134911862062,Student,567.4949920139799,5162.065116519935,84,0.0767,1,1,1,Very High
39.46084656090554,89584.55161252365,Salaried,639.4164169789655,64026.403045371786,48,0.1215,1,2,1,Very High
37.07300275978529,80576.87847266509,Salaried,617.4886420744568,34652.76913521298,72,0.143,1,1,1,High
36.02974673526194,52544.468867564035,Salaried,645.0043298165405,39462.24584985403,48,0.1001,1,1,1,Very High
21.11266201229647,12499.007196461573,Student,642.7180774908247,8264.17583613437,24,0.2661,1,2,1,Very High
35.183848666513164,139048.10093134997,Self-Employed,673.8117744103026,235650.2968091942,36,0.232,0,1,0,Medium
20.0,19756.593540367263,Unemployed,593.5510330576847,14456.829729881549,60,0.1732,2,1,1,Very High
34.53347463451718,24321.10556010167,Self-Employed,619.9351899409014,13825.393902179103,60,0.2568,1,2,1,Very High
45.98300986471125,58311.504213618224,Salaried,661.8855402703952,70814.1256797123,48,0.1464,0,1,0,Low
41.72746691014712,47885.204044292965,Self-Employed,606.2722098243502,47123.58338404876,48,0.2234,3,2,1,Very High
36.83362860075533,74240.08395462255,Self-Employed,585.9386388576345,63165.055589768504,24,0.1601,0,3,1,Very High
36.886939905182246,24502.33977446678,Unemployed,580.8055953937215,24959.798476815522,48,0.1019,0,0,1,Very High
24.137031225232104,16756.61996710034,Student,577.6426033411092,22298.31219880278,84,0.1331,2,0,1,Very High
39.36743923199558,72831.06590680774,Salaried,752.2169072056915,82571.07871700007,36,0.2384,1,2,0,High
45.81126571038737,77681.04987456382,Self-Employed,696.2235232571887,30774.501919916976,60,0.0396,0,0,0,Medium
29.4712682689659,20189.76007557725,Salaried,600.1807353549995,13161.031736654671,36,0.1277,2,1,1,Very High
42.137016065901214,103286.91559930705,Self-Employed,647.693971182181,111987.99431035551,12,0.2084,2,4,1,Very High
44.64134583839721,30454.878673487474,Unemployed,609.3216041870809,17048.36904091676,24,0.2435,2,3,1,Very High
25.25644798422963,74183.17463794745,Salaried,679.1684187643236,119477.34161761391,36,0.2861,0,2,1,Very High
42.24805190024505,87734.03321831129,Salaried,668.2029731546828,128187.84067721751,36,0.1461,0,0,1,Medium
40.28505566434362,44120.50143178281,Self-Employed,711.3464502947838,9567.553810939637,60,0.1217,0,1,1,High
20.0,11449.73130915763,Unemployed,613.4658715824461,5611.773031561668,60,0.2365,1,3,1,Very High
33.87740310257553,73428.34846512764,Salaried,611.402542295323,105581.08584595611,24,0.1938,1,2,1,Very High
34.012324839985034,86009.90806670692,Salaried,695.8890534515804,67195.22282793991,36,0.0781,1,0,1,High
41.749909696804224,87554.93314381536,Self-Employed,631.4719732099909,100738.65273328692,72,0.2151,2,1,1,Very High
34.779396415604104,90224.1817911878,Self-Employed,679.9483794073606,105894.881932139,60,0.3174,0,2,1,Very High
47.9606652468787,96493.47906958281,Salaried,667.185704654671,61725.9791969596,48,0.114,2,2,0,Medium
43.82011338801732,12743.376270766741,Unemployed,663.6694502880536,12871.060141576627,24,0.1635,1,1,1,Very High
32.52753638674555,56803.34133420781,Salaried,613.0520176609392,34146.38493104983,24,0.1226,0,1,1,High
23.0,33743.03326251406,Self-Employed,619.8890106245245,23495.022025136586,48,0.4696,0,4,1,Very High
53.88040161778908,75858.18200873074,Salaried,673.9173014458061,104001.17944975063,60,0.3246,0,3,1,Very High
63.21173044679105,7784.9807764736215,Unemployed,618.5409247024896,5103.821860204529,24,0.1281,0,1,1,Very High
24.2794025738053,20261.75427294369,Student,598.4122108957889,23395.892039075126,60,0.2405,0,2,1,Very High
40.59353178891912,15117.46144207706,Unemployed,646.4181474723988,17343.993432427866,36,0.3022,0,3,1,Very High
39.70986434930693,25839.775060112705,Salaried,656.6902599564937,20723.92711310192,60,0.1052,1,1,1,Very High
35.90514867693298,40487.884724655036,Salaried,605.9370260341495,60520.18938693464,24,0.337,1,3,1,Very High
35.432635090305155,50391.204999892536,Salaried,676.853470241972,9922.664493078864,48,0.0447,0,1,0,Low
53.03526278483587,92613.5949023028,Self-Employed,678.5673471701252,41179.647339348914,60,0.1695,2,2,0,Very High
29.13823612116871,23123.91529639517,Unemployed,578.3590678412805,4455.708725398517,24,0.1193,1,1,1,Very High
35.62296617519129,19838.333566711655,Unemployed,669.5200643814292,6367.986768543517,36,0.0571,0,1,1,Very High
38.40334047431269,53806.107804129955,Salaried,787.3339972707113,25743.794370888983,72,0.0478,0,0,0,Low
20.0,11202.264658709584,Unemployed,553.1049335340497,2798.453837018499,36,0.05,1,1,1,Very High
38.359838494702885,81433.03483152688,Self-Employed,655.2416059878153,66442.50118347358,48,0.1441,2,1,1,Very High
48.81841262671829,29874.479668736534,Self-Employed,579.8336548633814,21157.972992562165,36,0.0958,0,1,1,Very High
41.33400786565131,86903.08162625194,Salaried,631.8888239008261,21337.994988952694,72,0.0746,1,2,1,Very High
56.09373314738726,45840.954079618365,Self-Employed,719.5415436923195,37372.052038502305,60,0.0815,1,0,0,High
41.031762829381414,72938.8280917088,Salaried,660.5624537674752,38773.65138223706,36,0.1157,0,1,0,Low
23.1179429553056,42428.1291058143,Salaried,720.1215023922953,19787.00902102443,60,0.0716,0,1,0,Medium
20.815218093731737,27574.53268638288,Student,678.0107250944594,27582.05254544885,24,0.1,1,0,1,Very High
43.8553491669577,72939.62734154197,Salaried,683.5400601059401,22738.7982445116,36,0.0937,0,1,0,Low
31.97611768543381,35999.493988807524,Salaried,604.635229066084,43972.77483885948,48,0.1221,1,0,1,Very High
26.181071760034563,72911.94841626278,Self-Employed,607.1408563679154,67975.56394551675,36,0.1557,1,1,1,Very High
42.55231253315024,59168.01432872387,Salaried,634.1658801103125,85342.55592622893,48,0.2192,1,3,1,Very High
40.57641412107143,68274.34709840768,Salaried,652.468633445895,43470.035694486054,24,0.2637,1,2,0,High
21.748738170526718,9044.27784497438,Unemployed,670.8265824236432,4589.4909624755055,84,0.0757,1,1,1,Very High
51.86611149414937,52286.623593862525,Self-Employed,660.1535463645288,16204.109341288833,84,0.131,0,4,1,Very High
49.41364137892803,56022.57853503281,Salaried,694.8420394686755,43323.10307356696,36,0.0773,0,0,1,High
36.04183735459533,97183.29937655166,Salaried,682.3213957762238,117468.36166909205,72,0.1209,0,0,0,High
36.25488534703715,90501.9047988623,Salaried,657.4617283219444,37282.96597166564,60,0.0912,0,2,1,Low
32.2168313271068,23442.216993018683,Unemployed,586.0520370129683,26671.920428539575,36,0.1763,0,1,1,Very High
34.039601464423434,60099.18130975892,Salaried,640.6726561118295,48635.76262257699,48,0.0809,2,0,1,Very High
50.01317578205728,38391.25307018339,Self-Employed,668.5634569963048,20422.907382221838,72,0.0532,0,0,0,High
36.24050410170297,41888.84026336657,Salaried,708.5056449909551,28900.21862382166,36,0.069,0,0,1,High
22.381918869249166,11058.307944769731,Student,625.0231674495178,11074.01320260869,72,0.1751,1,3,1,Very High
20.486835076834197,19313.99360015249,Student,577.575405712185,14338.168099964852,36,0.3742,0,3,1,Very High
20.217204767665663,20199.278486879448,Student,618.6742035681015,24578.09388145874,72,0.2467,1,2,1,Very High
50.51982184143087,9019.177383396536,Unemployed,635.3134475486579,6771.813641354378,48,0.0751,2,0,1,Very High
39.507276146638205,56325.32952827732,Salaried,697.9750118688077,46266.69802079187,24,0.1446,0,1,0,Low
24.82262563165466,19742.371651219604,Student,607.4891298050887,9954.277635089524,60,0.1129,0,1,1,Very High
25.92801464066803,91203.55194853514,Salaried,707.4750891669373,56575.18918942116,60,0.062,0,0,0,Low
25.107428815757913,32085.391095693532,Unemployed,564.0189402162497,1000.0,72,0.0656,1,1,1,Very High
58.48428019603614,78696.98572947599,Self-Employed,620.675217989681,50580.197847023446,24,0.1268,0,1,1,High
25.318524177840228,11603.058369059778,Unemployed,579.4232050192916,13393.859626130836,48,0.1154,2,0,1,Very High
24.12207389840481,8278.233420072189,Unemployed,608.5440052618146,6797.820225062938,72,0.0821,0,0,1,Very High
37.42734111614545,37986.39823626392,Self-Employed,695.0692359030352,22514.74420262395,48,0.1593,1,1,1,Very High
43.03091067569332,75447.0383975261,Salaried,666.0271435148459,1000.0,36,0.0638,0,1,0,Medium
32.894162851684435,21652.675091712474,Salaried,637.2567678945873,4589.820280324518,36,0.0212,0,0,1,Very High
22.363158450242256,22580.868497385927,Student,639.9995635383367,16068.787289272233,36,0.1337,0,1,1,Very High
52.56843147999338,57914.03920978057,Salaried,645.1240253182182,5749.312291321396,36,0.0724,0,1,1,High
37.48878730518806,10443.869368687745,Unemployed,632.31768579623,7081.310996809232,12,0.1678,0,1,0,Very High
20.438793336449056,25884.243391519092,Student,692.0821435164614,10807.877100701326,24,0.0668,1,1,1,Very High
45.49448812181786,72922.58843290992,Salaried,688.0219079891426,35357.43814816527,48,0.0735,0,1,0,Low
20.169044882080254,5181.802181192044,Student,614.2827676959533,4613.024432653928,36,0.1515,1,1,1,Very High
44.60167211913082,30755.7077969642,Self-Employed,648.284502407413,16912.545924507805,48,0.1175,1,1,1,Very High
20.139078598834004,18693.197360562357,Student,570.7032383696342,17818.922914888233,36,0.2203,1,2,1,Very High
42.130433018541545,62550.51677783277,Salaried,612.2333384744953,57089.921797252115,36,0.2163,0,2,1,Very High
25.403837138799588,20660.258504781126,Student,586.5363425726106,13719.129967713468,72,0.0664,1,0,1,Very High
35.98056171522518,62176.88654031532,Salaried,677.3060943124125,55300.90081339441,84,0.5889,1,5,1,Very High
28.788282767549234,60053.476443236264,Salaried,650.7910870158249,37836.29913737909,84,0.1255,1,1,0,Medium
38.99645630909527,29596.95140784371,Self-Employed,624.7088127678122,26581.453257417525,60,0.1523,0,1,1,Very High
28.693789102255707,16177.440649778791,Unemployed,649.2641105113091,5070.315821058672,36,0.0563,1,1,1,Very High
18.0,5000.0,Student,649.5632505675887,1000.0,72,0.0825,0,1,1,Very High
41.87626354112498,89917.30507515857,Salaried,621.9639445836381,56890.090495417455,48,0.0633,2,0,1,Very High
34.862253150692105,63067.38583690491,Salaried,676.7925038784484,37071.89510239047,48,0.1838,0,2,1,Very High
22.346653591192545,8174.615643595735,Student,553.7846100412187,7689.880910756891,12,0.0941,2,0,1,Very High
18.392086557284337,17583.25476262902,Student,688.8780972120258,12954.724876482775,72,0.0737,0,0,1,Very High
45.5686224363498,83192.61089587295,Salaried,638.6660344529216,103901.27185625103,72,0.2499,0,2,1,Very High
45.39524323033322,55083.8051980638,Salaried,666.5647068205818,19977.383302102004,72,0.1613,1,2,1,Very High
28.558241034320247,15941.45691787462,Student,617.1073946453589,14834.035867753035,48,0.1681,1,3,1,Very High
45.725021072718306,95481.9724298127,Salaried,752.1311516815272,66711.64038516156,24,0.1699,0,1,0,Low
20.0,21038.333222592453,Unemployed,636.6811873868407,2803.285168175955,24,0.0758,0,1,0,Very High
31.13973177911862,34637.18433672168,Unemployed,542.0909491994516,39832.7641816233,60,0.315,0,2,1,Very High
27.402525514192895,44362.82661922291,Salaried,715.8103304606939,8038.071719344984,48,0.0431,0,1,0,Medium
20.563587424706718,29062.97791232587,Student,625.8922063881464,9484.181795887296,48,0.1576,2,2,1,Very High
49.95534683303763,58389.586821038465,Salaried,640.1876732057472,3683.3075541794715,60,0.1938,1,3,1,Very High
59.951012078012525,43328.70649004863,Salaried,677.2661395643212,24096.402211182314,36,0.2556,0,2,1,High
48.027210088214126,34976.476791766676,Salaried,617.7262711110989,1000.0,72,0.0029,1,0,1,Very High
35.78081174195899,12000.0,Salaried,599.6359531386881,14184.441682522644,48,0.1807,2,1,1,Very High
42.83329355828272,17471.82690665753,Unemployed,565.4454647176639,11497.902524979092,24,0.1283,1,1,1,Very High
25.12924225415404,24546.45800685305,Student,655.2527288791811,1000.0,48,0.3041,0,3,1,Very High
35.16524721843922,74907.41038992257,Salaried,658.6817556868376,29403.834986007343,60,0.0393,2,0,1,High
48.70055593581537,71404.15262512473,Self-Employed,743.4234143626329,59076.06675858593,24,0.1452,1,1,0,Very High
23.431048354705283,13230.31666660063,Student,609.0057361489434,9202.31269231103,48,0.0696,1,0,1,Very High
41.652370094556474,15609.454125142829,Unemployed,640.5736750899086,14268.38397838925,36,0.1664,0,3,1,Very High
39.27729125480226,24595.159216725595,Salaried,671.9881814327554,13439.1308470178,48,0.0546,0,0,0,High
41.11740430001305,73796.37335611985,Self-Employed,651.4199056858838,38515.245705054884,36,0.0522,0,0,0,Low
63.47113452902441,18446.16053543864,Salaried,662.5145421467759,15846.06690075536,12,0.1359,0,2,1,Very High
33.546207092455354,75306.4427669118,Salaried,606.9521323862501,1000.0,48,0.0013,0,0,1,Very High
32.21808174598772,14853.86443680869,Unemployed,644.6726691053069,8090.242542535046,36,0.1045,0,2,1,Very High
47.710479235405856,59439.41572528432,Salaried,640.6873703597095,43381.337471747494,60,0.123,0,2,1,Very High
48.904861559929735,49093.54605110803,Salaried,707.3361535642833,43814.55811501417,24,0.0892,0,0,0,High
34.79802438935554,19432.04059801936,Unemployed,594.2307767636775,11905.129715109055,60,0.1613,3,1,1,Very High
53.3500274239655,15914.958926196621,Unemployed,622.0128328194157,1000.0,60,0.0313,0,1,1,Very High
43.80809419472575,61218.00682552063,Salaried,581.8514800171946,17285.734685357525,60,0.1532,1,2,1,Very High
51.5230821809546,60179.05949122169,Self-Employed,651.646948734477,24669.7974661568,36,0.066,1,1,0,High
22.636140420834685,11354.418107185815,Student,539.3843623966533,10672.658156287458,84,0.094,1,0,1,Very High
22.955621561905605,42410.806993872735,Salaried,646.9229154093562,35428.94598080641,24,0.0835,0,0,1,Very High
27.310418589869997,74104.05449274284,Salaried,666.4783331298789,47473.77905765191,72,0.0641,0,0,0,Low
43.81531819487691,37547.18886684153,Self-Employed,668.3802672424983,27289.014280874573,24,0.1727,0,1,1,Very High
27.387139491269178,13287.85176448364,Unemployed,607.4159614370332,4344.134193425683,60,0.0327,1,0,1,Very High
32.24659322259007,41312.74902580086,Salaried,707.2938775530429,10617.216917557731,84,0.0882,1,1,0,High
40.47402819789487,40168.76901960229,Salaried,659.7662325456492,44410.526973395914,48,0.1731,0,1,1,Very High
36.215424909067984,54324.08120681583,Salaried,656.3098773172816,4584.173108985997,12,0.0709,0,1,1,Medium
39.35801978833292,103646.21407777075,Salaried,625.7421951309664,35616.05901648691,84,0.2219,1,3,1,Very High
43.062505487841584,49644.088805371284,Salaried,656.8140117218135,18803.178898693917,60,0.0629,0,1,0,Low
22.167072984730833,34941.539440070555,Student,640.6794753220968,19400.15256562551,48,0.118,0,1,1,Very High
44.74794460645032,31286.06568275448,Salaried,675.133587282599,9567.122389308337,48,0.0931,4,1,1,Very High
34.52576847520795,77504.23861158932,Salaried,648.0011871379104,79866.2521105649,60,0.103,0,0,1,Very High
24.18372687480079,49753.846147265285,Salaried,695.9351069343492,47581.55302470987,72,0.1206,1,1,1,High
45.12343029641481,57386.31618844206,Salaried,694.4708259332564,54324.1104708155,48,0.0947,0,0,0,Medium
46.74921626489456,73802.21406531236,Salaried,673.8876456792017,40731.38761354517,24,0.1177,0,1,1,Medium
35.28549169265223,16288.18705155067,Unemployed,668.4359904345614,10870.281690753196,36,0.0667,0,0,1,Very High
51.377187156417925,78251.79523275615,Salaried,631.5866969959085,88649.28445546556,48,0.1133,1,0,1,Very High
39.17802589545579,54816.53135031122,Salaried,717.2559460936168,58896.13176082445,48,0.2074,1,1,1,Very High
24.467360282421996,12092.16821603427,Student,611.6932998119248,13075.915078648832,60,0.2956,0,3,1,Very High
55.662087780945704,38693.28859583889,Self-Employed,670.4307153968175,4175.119590670283,36,0.0108,1,0,1,High
43.04632552320129,94391.41391523021,Salaried,638.6371864142022,78995.09431460111,60,0.0837,0,0,1,High
35.21192759220968,47263.8511941447,Self-Employed,660.717359999331,34473.76876596848,60,0.1979,0,2,1,Very High
38.59344553321996,62132.09700847559,Salaried,631.811783217675,64261.51126242057,36,0.1034,0,0,1,Very High
28.9977386455553,25813.10089392583,Salaried,588.415154224397,21112.640635177955,72,0.1068,1,1,1,Very High
18.377588454960428,5233.129061712765,Student,625.2273537390124,5573.510968601171,72,0.1315,1,1,1,Very High
51.33862152825328,37880.15202767213,Salaried,632.8798535556091,44208.91076081543,72,0.4167,1,3,1,Very High
22.546120182439704,27826.329255465003,Student,640.8788515820919,28557.0069042021,36,0.1651,0,1,1,Very High
30.287508400875968,26015.036265116425,Self-Employed,667.8853375970936,24673.473359260708,24,0.1573,0,1,1,Very High
36.55813789853013,72490.0633742129,Self-Employed,647.3743413048222,93933.41104134751,48,0.2546,1,5,1,Very High
45.22562792588305,58676.573464374604,Salaried,656.3733867057173,34528.12832047598,48,0.1088,0,2,0,Medium
37.00802264967078,45320.37856692014,Self-Employed,596.6127655517344,14527.447319057992,48,0.0321,0,0,0,High
49.70163379954452,8515.000540386762,Unemployed,602.812371960258,3071.714054464501,60,0.0861,0,2,1,Very High
45.893124748619755,21448.055224763546,Unemployed,642.2601793282118,8198.904476751946,48,0.0382,0,0,1,Very High
42.912561766184794,59876.32523859226,Salaried,593.221215410164,31181.19195269766,24,0.1271,0,3,1,Very High
40.66463009823006,66039.16571409757,Self-Employed,712.3114748043065,65379.99759972034,36,0.199,2,1,1,Very High
19.830354062319874,26540.371796205054,Student,585.4999225230124,15114.758775348324,12,0.182,0,2,1,Very High
30.70458671989725,55870.7901281516,Salaried,681.4816919882016,40445.9802202111,72,0.1224,0,2,1,Very High
47.98083148964265,55218.45063762153,Salaried,649.0690296711103,24134.489252107305,72,0.0437,1,0,0,Very High
25.463472393522657,16601.578873826304,Student,632.0200532224742,14321.770795636043,72,0.1113,0,1,1,Very High
51.39246229199733,49153.62401909648,Self-Employed,619.5390705644329,44371.79192313242,24,0.2153,2,2,1,Very High
55.548974273822616,83789.24334905705,Salaried,625.1562864801288,41939.49438928143,48,0.0751,1,1,1,Very High
42.317600948642685,19363.68837366873,Self-Employed,606.5084682020721,8343.49197641573,60,0.1056,0,1,1,Very High
32.421637805084174,14649.178163056067,Student,591.3299325183499,13520.470846767317,72,0.1548,0,1,1,Very High
32.22453875397633,50379.91507702341,Salaried,691.7060175281227,63015.06864609359,84,0.1251,0,0,0,High
34.40707537116762,60850.01881797997,Self-Employed,620.3235743704959,50963.01783952841,48,0.1838,2,1,1,Very High
21.96487389794619,21939.913961308237,Student,587.0208575002639,17019.93941106617,36,0.1401,0,1,1,Very High
30.89444143673829,61672.76050296249,Salaried,647.387327032967,92539.57746681359,24,0.15,1,0,1,Very High
35.92883685630904,61265.20140756813,Salaried,677.5988536259764,46790.41184706887,72,0.1764,0,1,1,High
24.61845288486363,10929.897997739208,Student,597.6583787825091,5870.147263657065,60,0.0537,1,0,1,Very High
45.23727173145598,90257.51181204757,Salaried,581.2344359536253,95375.27482897586,72,0.2307,0,2,1,Very High
34.7553668392191,57350.14104805407,Salaried,681.0767808017042,36314.00074167837,48,0.0633,1,0,1,Medium
41.74615704544592,27717.959356957123,Salaried,656.8453075857175,16725.138455115964,84,0.0853,2,1,1,Very High
55.22010492374147,105963.65080238949,Salaried,659.6281218501308,13191.579640300428,36,0.1124,2,1,1,High
38.052280103175924,62078.62408401211,Salaried,701.7420082458867,34794.03371891474,48,0.156,1,1,1,High
28.089405670817904,60178.79666794469,Salaried,563.2968828530063,32308.49224292524,24,0.2412,1,3,1,Very High
22.679695273613234,63638.145682024035,Salaried,638.9154342521331,24225.90790396908,60,0.0381,0,0,0,High
24.5553846199343,31051.840915541758,Student,603.1280286052648,27658.374696069124,48,0.0891,2,0,1,Very High
29.819761218174747,13523.9894706374,Student,636.0115265783627,8051.13997629905,36,0.0595,1,0,1,Very High
46.90933816045786,42016.814697959824,Salaried,681.8629051177846,18951.521698192777,36,0.0451,1,0,1,High
39.1538634332336,51736.524987264704,Salaried,630.5831996420283,35941.898621640634,36,0.0695,0,0,1,High
22.139625154453427,9998.366400113795,Student,655.2579747468698,1896.7221726029948,48,0.044,1,1,1,Very High
29.058747281496657,48216.735134430695,Salaried,685.5423016490355,42208.62748202612,12,0.2125,0,2,1,Very High
35.88935732434046,26807.628194083605,Unemployed,603.8325685403164,4342.147503169894,48,0.0162,0,0,1,Very High
38.05032206285041,82470.15834890126,Salaried,653.7446518481078,18413.03709807754,48,0.0223,1,0,1,Medium
56.20900206641787,16831.501912119013,Self-Employed,718.855971323994,11465.731319234304,48,0.1306,0,1,1,Very High
38.298864292576795,73999.8954028382,Salaried,621.7327210065799,41931.69468958146,84,0.0817,0,1,0,High
22.0,63471.69389210776,Salaried,692.6222927701697,64296.38123862418,60,0.1763,0,3,1,Very High
30.082963047021025,12670.78052674151,Self-Employed,637.9866867920422,3877.4245454021375,60,0.0306,0,0,1,Very High
27.06451972273724,14617.0689420551,Unemployed,660.9196581869246,15769.917602503729,48,0.1704,0,1,1,Very High
46.04133449089716,45507.47368354418,Salaried,673.435072970367,42626.16398341951,48,0.3937,1,3,1,Very High
22.99182188078824,19872.75685036892,Student,639.5030212480282,15896.100762415092,84,0.205,1,2,1,Very High
35.27969881772475,32357.660558389856,Self-Employed,637.0792561199438,33056.983278335334,12,0.1022,0,0,1,Very High
35.50704600982944,76151.52397921954,Salaried,620.809806122591,61879.73239839959,36,0.2063,0,2,1,Very High
47.197255475791664,73048.31493980071,Salaried,696.0495993855063,49137.01543370822,72,0.1923,0,2,0,Very High
28.367058271238143,25183.85323388908,Student,616.6781800856768,28323.75710354741,60,0.1625,0,2,1,Very High
19.84097567950088,12405.983214687627,Student,610.0837245034169,9841.763453868596,36,0.0793,1,0,1,Very High
18.90540791679977,14608.056528692665,Student,612.7207401638061,11962.34701827165,72,0.2069,0,2,1,Very High
39.438414461739995,69567.86354712231,Self-Employed,710.9859008824542,39997.3058293507,24,0.12,0,1,1,Medium
43.59832082037616,50327.065836443166,Salaried,591.930326337173,35740.18252221578,48,0.1335,1,1,1,Very High
38.755359348937745,85321.76739409223,Salaried,726.6043896439273,128485.13570297998,24,0.2756,0,2,0,Very High
44.523231586333736,50352.695988753636,Salaried,605.7721776424476,18865.110757451603,48,0.0375,0,0,0,Medium
63.225894046649,32457.098726241227,Self-Employed,673.6155198216715,24242.416155779196,24,0.0997,1,1,1,Very High
35.68287120966167,57260.74805389136,Salaried,633.6672740949203,26690.584480642632,72,0.0716,1,1,1,Very High
30.46760451749742,52057.003449904325,Self-Employed,679.3645392084616,52535.78875257101,60,0.1634,0,1,1,Very High
45.650856476321856,46365.490432080536,Self-Employed,640.3218787227587,38734.34605569592,12,0.271,0,3,1,Very High
47.6524851756251,65944.47418666592,Salaried,709.253703446609,14414.215190627601,60,0.2094,2,3,1,Very High
49.540205650888396,80967.00153673877,Salaried,681.352560900733,13800.891271987017,36,0.042,1,1,0,High
38.34266566749961,61722.821379847825,Self-Employed,667.3883388567568,78003.85140563628,36,0.2514,0,2,1,Very High
37.71513807811898,61461.11875743437,Self-Employed,659.4712855701506,68785.55592732284,72,0.1119,2,0,1,Very High
27.858885897991122,13196.940568669192,Student,645.6251972432339,8220.263810115124,24,0.1248,0,1,1,Very High
45.582151704899864,59644.637797407035,Self-Employed,635.4431776174455,57886.2320026019,36,0.1971,0,1,1,Very High
37.217750750044694,20180.03118859412,Unemployed,647.9469186003296,10985.522571461652,60,0.2544,1,2,1,Very High
52.334539273015224,85894.19483574007,Salaried,617.2593417618534,69331.88532477822,72,0.1432,1,1,1,Very High
50.21692923757638,39837.69011495187,Self-Employed,690.0449227934313,40734.45908552807,60,0.1023,1,0,1,Very High
51.75557396360479,20917.06722363155,Unemployed,601.9526321866309,13573.64621268904,36,0.1649,0,1,1,Very High
46.73177854879027,81309.28245388421,Salaried,702.3211787620041,63748.64803044345,60,0.2034,1,2,1,Very High
23.173268405849807,24920.69423342443,Student,619.8770203931406,16519.68259075915,84,0.0663,1,0,1,Very High
43.7660443208643,71896.34155779576,Salaried,680.1178814752612,14703.29962979833,72,0.0205,0,0,0,Low
40.657016095793644,23744.182502392192,Unemployed,618.3696427604101,18108.226525803053,60,0.2013,0,2,1,Very High
31.451746090422436,61920.78888939024,Salaried,660.990579672029,24227.238111884686,36,0.1641,1,2,0,Very High
42.467752198151594,14381.55980327863,Self-Employed,668.8095750262299,10701.632726064276,48,0.1744,0,1,1,Very High
31.12642485502173,17516.93852729781,Unemployed,585.5835114287397,14211.26375833968,24,0.1311,1,2,1,Very High
20.0,20315.118358868043,Unemployed,668.0424376571665,23763.354083457743,60,0.1795,0,1,1,Very High
18.0,12353.618253730725,Student,602.6148510330361,9272.028230738237,84,0.0751,0,0,1,Very High
31.525407535375834,14450.572584483562,Salaried,698.7073831926929,1542.1289237763376,84,0.0732,2,1,1,Very High
29.26078534324023,16920.110189162733,Unemployed,624.368438842245,10126.407761654442,36,0.1848,0,2,1,Very High
23.0,42091.81814210309,Self-Employed,715.4371568497791,23813.272744764785,72,0.1316,0,3,1,Very High
36.492089534705606,90807.6612154607,Salaried,701.2876690246641,32696.451265030682,60,0.0985,1,1,0,Low
34.91987689291657,12426.102651275707,Unemployed,621.6943736829332,21922.159782875737,60,0.2514,2,3,1,Very High
38.41912476274129,35907.122542837926,Salaried,630.93322426193,26990.50476651955,60,0.0752,0,0,1,Very High
57.60223347715602,78325.61148915038,Salaried,683.5581342694074,30203.397479419596,36,0.1636,0,2,1,High
27.0940623087741,87333.72280403551,Salaried,690.4072318241479,25465.865557267596,72,0.1542,1,2,1,Very High
20.35815330545416,31013.038973278388,Student,646.8677704522032,11061.09043960945,60,0.0357,0,0,1,Very High
56.80299455285132,60119.7560429927,Salaried,629.4568974214328,1000.0,12,0.0017,1,0,1,Very High
51.989434225884196,68270.0464039436,Salaried,664.8927300849623,20597.637933959435,48,0.0927,0,1,0,Low
42.4395607431793,72860.73476688567,Salaried,681.2985213099776,28774.355746108205,60,0.1395,1,1,0,Low
45.96742765884415,35168.7481344481,Self-Employed,696.9350520617185,29883.624901942785,12,0.11,2,1,1,Very High
47.86752849130801,59564.577469059484,Self-Employed,629.6212365190277,74337.63898300513,24,0.1248,0,0,1,Very High
51.065724597073135,70113.47707344814,Self-Employed,686.2775916021376,100329.87819810673,36,0.1681,2,1,1,Very High
18.0,17452.93315301822,Student,624.4627289335449,2627.167249031502,36,0.0151,1,0,1,Very High
41.705175173228724,62555.27797384813,Salaried,614.2487679475639,1000.0,48,0.1016,1,1,0,Very High
18.21010960947848,16196.010524465335,Student,609.8660915368855,20500.976483823986,72,0.1266,2,0,1,Very High
46.3657243172246,31007.25812529861,Self-Employed,654.5732333022919,14680.04731174869,72,0.2973,0,4,1,Very High
39.46084454109934,73633.70253970005,Salaried,695.0726430599915,55293.11924910246,60,0.1001,0,1,1,High
32.40717128797026,20965.315629775512,Unemployed,702.4590382142168,11845.110837424229,36,0.119,0,1,1,Very High
20.0,8424.79345550566,Unemployed,640.9196850345427,7230.9756320541455,24,0.1358,0,2,1,Very High
30.849716344140546,84179.79701472023,Salaried,704.8481319379752,61432.05877394102,60,0.198,0,2,0,Very High
32.255863508875805,69948.28467770464,Self-Employed,649.4589126948594,39777.24736413493,24,0.1569,0,1,1,Very High
30.117025781458537,45952.87971236899,Salaried,675.1652803421981,8209.82766594811,60,0.2054,0,3,1,High
28.313049505812863,90609.7224076287,Salaried,653.6168483972268,48381.223952430395,60,0.0534,0,0,0,Low
19.88888454964479,19543.386530382268,Student,637.1722305513674,11681.249076589644,84,0.0598,0,0,0,Very High
43.52187230181893,61101.22095329887,Salaried,668.8472622993025,105908.11153127828,24,0.1983,1,1,1,Very High
42.86116602955793,60487.98462477501,Salaried,580.3976369354407,72246.99676120467,36,0.4194,0,3,1,Very High
38.20750056917125,22135.74665446583,Unemployed,621.3171798680972,15599.872233705542,48,0.0955,1,1,1,Very High
24.6843943775357,19583.058589014723,Student,567.8900442712019,5129.40587619106,84,0.1512,0,2,1,Very High
30.22541602501889,93330.66662610768,Salaried,658.038224362617,67059.86123423335,48,0.1719,0,1,0,High
49.32805365682791,64316.15549059865,Self-Employed,639.2292612757594,49216.43001623644,48,0.139,0,1,1,Very High
20.0,9104.366110380957,Unemployed,672.0637260292626,5327.218876250633,24,0.0835,1,1,1,Very High
20.796131897827173,14478.81203506326,Student,624.5890368487602,8686.482253846258,48,0.1225,0,1,1,Very High
47.63888841524069,35632.980309038736,Self-Employed,596.2015023087074,21334.013518307704,36,0.1099,1,2,1,Very High
40.737122508951984,67469.22741488542,Salaried,592.6474881915861,74748.43815413654,48,0.1108,1,0,1,Very High
19.7008419623098,18202.154715823155,Student,621.9485963016461,19931.348792006655,24,0.1345,0,1,1,Very High
35.73982344937261,22890.110594505815,Self-Employed,608.1656392125569,8916.55392220071,72,0.039,2,0,1,Very High
48.075426202059724,12000.0,Salaried,682.5856448963863,6654.654383350583,48,0.0805,2,1,1,Very High
48.44884095312976,29028.89694542706,Self-Employed,726.8474513155004,13732.379890773831,48,0.0723,0,1,0,Medium
36.95116193729199,27632.05290742634,Unemployed,577.6245933121115,10972.989212283532,24,0.0647,2,1,1,Very High
31.07717935057842,77994.31782425876,Salaried,662.131142645397,49419.69001599776,36,0.1884,0,2,1,Very High
25.326907202996388,18585.026719257323,Unemployed,624.0914880791255,12919.10345743852,36,0.0945,0,1,1,Very High
33.375090122828865,13017.066827355382,Unemployed,695.0703861125182,4718.2170330695935,60,0.0987,1,1,1,Very High
47.33332244520791,49527.19076203903,Salaried,726.7994959045075,35039.89011107212,24,0.1957,0,2,1,Very High
47.379016941961126,81958.43508165686,Salaried,589.3657844842784,24367.146209184844,36,0.0297,1,0,1,High
39.53932648765693,18796.567597378445,Unemployed,653.6903166695317,18431.255460846598,24,0.1606,0,1,1,Very High
36.28435858624447,94999.08491932886,Salaried,631.2421359792361,207262.37113036856,12,0.2807,0,1,1,High
43.282562235634344,29206.519552237587,Salaried,651.2083039404399,20697.34731871448,72,0.1709,1,1,1,Very High
24.295759479334933,18920.14867498253,Student,604.099673362821,16889.295954082103,84,0.1893,0,1,1,Very High
35.0217388605577,45015.86519495402,Self-Employed,689.0940572397062,14549.178833093365,36,0.0323,1,0,1,High
26.804660683115706,23651.041171396682,Student,609.8290709298685,8645.417368878549,60,0.0616,0,1,1,Very High
27.69460990858565,4138.739535828223,Unemployed,590.7615827542023,1756.8618413516474,60,0.1674,0,2,1,Very High
41.515284437902096,64416.220618237014,Self-Employed,661.271467044569,29913.042383811324,24,0.1464,0,1,0,Low
41.22123405323628,31841.8850202153,Self-Employed,635.5851715470409,21444.946454236095,60,0.1423,1,3,1,Very High
31.532356419414484,59446.73398220094,Salaried,631.7138143492217,37390.659663267346,84,0.0879,0,1,0,Medium
59.99592096173801,21709.460149722927,Unemployed,559.6541835096277,23884.826045448335,24,0.11,0,0,1,Very High
28.949219839256184,15721.639169819178,Student,602.7808616392488,15975.194268015488,60,0.1641,0,1,1,Very High
32.83152239667934,14165.951861503105,Unemployed,631.8749190112253,13062.789003862297,48,0.2172,0,2,1,Very High
27.437837443005712,18386.744255275353,Student,568.5274170429894,14563.757776519302,12,0.0792,1,0,1,Very High
35.658742995600925,42733.5949289472,Salaried,621.4359458155693,23190.93821534767,48,0.1543,0,1,1,Very High
27.455867411477712,44117.598505025846,Salaried,649.3993921048576,23873.609184394678,24,0.2416,1,3,1,Very High
23.22796500665,31844.05469882284,Student,538.2385112966349,14909.973024096631,24,0.1093,0,1,1,Very High
38.423005690431744,54589.13066423279,Self-Employed,705.8283849873926,29319.17773550712,84,0.0787,2,1,1,Very High
53.37828563221234,44119.07642901344,Salaried,740.1709309664406,37001.82714966044,24,0.1089,0,1,1,High
32.36003563386162,16488.89593196569,Student,656.5915704448097,20164.9985162885,60,0.1473,0,1,1,Very High
20.571694745913728,26468.799349811663,Student,594.2619389965188,10984.363238222053,60,0.0415,1,0,1,Very High
35.89105234917134,3000.0,Unemployed,591.2487505987425,2511.3952564578376,36,0.3337,2,4,1,Very High
45.73529560686799,14153.345716343727,Salaried,647.5389004483177,8645.191661256988,36,0.2486,0,3,1,Very High
31.82041057021732,20820.90615738673,Unemployed,661.4822235943113,3198.7593617184384,72,0.0779,0,1,1,Very High
49.641102395790455,68755.68791275327,Salaried,675.060780829956,20748.775287085627,48,0.0302,1,0,0,Medium
37.52009703720097,89869.04961515551,Salaried,582.8730696601982,71806.77037723712,60,0.3799,0,3,1,Very High
29.172618297013734,49889.74217392246,Self-Employed,666.7925616136109,33500.95020812675,12,0.1296,0,1,1,High
46.87935066708644,64941.901328052096,Salaried,631.1440943900775,1903.0338467670845,36,0.0029,0,0,1,High
52.16304427375226,21032.944076511765,Unemployed,666.8166603448823,19573.58677790286,72,0.2181,0,2,1,Very High
42.54486453177723,101994.57655797912,Salaried,633.7441615334479,109464.56833412254,12,0.2323,0,2,1,Very High
20.638119832161397,18541.487414945608,Unemployed,568.4211842437724,12435.025165716797,36,0.0921,0,1,1,Very High
45.09935272933399,59005.69137441618,Salaried,579.682586848595,46504.59996493571,24,0.1288,0,2,1,Very High
44.3212906305245,30108.28026051615,Salaried,688.5880267726016,24760.8187225108,72,0.3322,0,4,1,Very High
21.473600756530924,19903.428630852024,Unemployed,629.309388900777,15832.865710131322,72,0.142,1,1,1,Very High
21.110928670829754,5285.725068098185,Unemployed,622.5146185141878,3894.903176335551,84,0.1987,1,2,1,Very High
45.20702432905763,51439.71082959038,Salaried,664.91392051794,49291.88486133184,84,0.0958,2,0,1,Very High
44.814029006225915,84132.94779690428,Salaried,659.9781333486505,23831.13955636249,60,0.0283,0,0,0,Low
26.165753537927532,5000.0,Student,609.5005350675302,6081.078527765073,60,0.1841,0,1,1,Very High
18.0,29968.582318122597,Student,700.4424471637583,24420.01319641486,24,0.0815,0,0,1,Very High
20.864978156097756,22755.84744273674,Student,536.4612508943059,6892.541560239619,72,0.1303,1,1,1,Very High
41.079216474663184,60116.84760186636,Self-Employed,598.3921253557902,45902.29799811989,60,0.2014,0,2,0,Very High
33.45424977354219,107261.56314315408,Self-Employed,688.7788594607637,62434.6991350176,60,0.1582,0,1,1,Medium
33.45767536962859,90986.9386110708,Salaried,649.3925560296566,73290.94451940793,60,0.2056,1,2,1,Very High
36.87454326783375,61155.7087946721,Salaried,631.5961169756191,23226.567887461944,36,0.1005,0,1,1,Medium
31.60162371598174,60255.04627923923,Self-Employed,670.1402069090074,17261.833372785615,12,0.0286,0,0,1,Medium
43.995033463101905,79791.50216417843,Salaried,627.3883527411219,87244.31050300895,48,0.1718,1,1,1,Very High
35.72836139328649,60039.63881574773,Self-Employed,611.1686697830594,47992.867211334116,48,0.1424,0,1,1,Very High
27.323909487321558,6900.099459842595,Unemployed,665.4055224054939,5682.263300652262,84,0.2074,4,2,1,Very High
42.31761891136001,66557.05206430942,Self-Employed,566.6834477463851,55521.83818931237,24,0.0834,1,0,1,Very High
37.169446593347566,63145.24352139136,Salaried,596.1546663557233,36823.32991825339,36,0.0583,1,0,1,Very High
35.5063636564528,57435.21432605263,Salaried,642.0346578671672,24788.782282818316,24,0.0432,0,0,0,High
24.503866431300523,6778.528528835512,Student,651.5959201748316,5689.467118396358,72,0.1089,1,1,1,Very High
46.6912178165672,74493.87314124902,Salaried,661.1280917556771,75544.66926146956,60,0.1639,0,1,1,Very High
48.29086263502557,91707.48176259706,Salaried,659.5789227311263,66292.24795332814,48,0.1973,0,2,1,Very High
20.0,14962.828675517108,Unemployed,645.458044675124,1872.5608735979845,36,0.0375,1,1,1,Very High
51.55867807261396,65222.64657625231,Salaried,700.5899962902986,78148.5642202532,24,0.1198,0,0,1,High
24.916363900672806,99289.28538499831,Salaried,688.5242374792152,13424.260995080833,60,0.0385,2,1,1,Low
25.657511571785992,26387.65244451523,Student,578.3516565336141,17934.220833954336,24,0.068,0,0,1,Very High
27.985729538400065,13652.928098533273,Student,593.3663839081818,1000.0,60,0.0698,1,1,1,Very High
65.22679852941422,37867.3353489103,Self-Employed,637.0117144296935,24046.05904049027,36,0.3635,0,3,1,Very High
20.697665469623935,21879.293354031775,Student,585.6206231449046,20924.060147295786,60,0.1206,1,1,1,Very High
39.63076559882942,76574.63500408042,Salaried,638.7350966432705,45970.997116081264,48,0.36,1,3,1,Very High
34.946578860711796,39003.66161063545,Salaried,632.979515524611,42765.99733963063,60,0.1721,0,1,1,Very High
40.37885219283613,57373.4444616127,Self-Employed,655.3194840106092,44182.685768581454,48,0.152,0,3,1,Very High
51.794502065539774,80648.39127806805,Salaried,622.3990688135618,60799.12863135403,48,0.1754,0,1,1,Very High
37.18294768429248,41269.74526160486,Salaried,691.9025053485234,3623.1764558836294,36,0.2088,1,2,0,Very High
63.518246762364384,27040.653439563335,Unemployed,627.8113264533068,23446.099097750863,48,0.0867,1,0,1,Very High
39.49694668833007,7585.7333908690125,Unemployed,596.9167470407529,3784.950974249911,24,0.1124,1,1,1,Very High
43.724126049237455,52025.90626784094,Salaried,623.1364760204001,63587.69796101493,48,0.4222,1,3,1,Very High
44.05519683686957,64489.6874642937,Salaried,676.8388756835208,26895.51978066298,84,0.0417,1,0,1,Medium
55.30713482585485,51633.23263290594,Salaried,666.9888482537849,30284.98775024783,60,0.0837,0,1,0,Low
52.39217337525798,28766.562040390025,Salaried,715.5186117291877,25883.56640643542,36,0.09,1,0,1,High
57.45601948539355,75137.34712854537,Self-Employed,661.4640694789409,53759.58962173252,36,0.0715,0,0,0,High
18.0,5666.709243338995,Student,693.6063800633762,4571.687748429054,24,0.1432,0,1,1,Very High
27.837616047671343,14318.34568074208,Self-Employed,730.7461930411283,9540.21878160946,60,0.0916,0,1,1,Very High
26.639334338694653,29088.32534166307,Student,625.3100890777777,24457.467399503206,84,0.2841,1,2,1,Very High
20.0,6757.572261531963,Unemployed,623.305856507167,6587.1346384283515,36,0.1475,1,2,1,Very High
53.65332828132592,64673.696909247265,Salaried,637.7218535276436,31455.65366637355,60,0.0486,1,0,1,High
45.2974239285363,69545.26985134582,Salaried,660.8012446700919,85688.52048736005,24,0.2232,0,1,0,Very High
43.40310907842826,50921.93480763492,Salaried,693.4248327413178,60297.70216601237,60,0.1184,2,0,1,Very High
34.81695181223644,10655.912791298784,Unemployed,606.8105089845939,9887.877522092313,84,0.2928,1,2,1,Very High
57.88271550034755,10000.0,Self-Employed,648.0042771067039,2734.8799810864593,36,0.0273,1,0,1,Very High
33.11224962568381,61560.683103875665,Salaried,642.6425601566797,20125.19174541213,48,0.1327,0,1,1,High
29.710329487662765,26716.246114699807,Unemployed,628.3921047671255,24164.849915993498,84,0.1905,2,1,1,Very High
45.355954432210034,64537.08197926916,Self-Employed,685.5568734348524,43471.76740440811,24,0.1299,0,1,0,Medium
50.94357923805141,53659.739509108855,Salaried,699.148054369436,68310.1082135069,12,0.1273,1,0,0,Very High
41.42467333496124,84209.1015494334,Salaried,654.2975557128226,51110.29023272587,60,0.0607,0,0,0,Low
40.2324148199934,75113.57429380904,Salaried,601.4610583444479,63217.44149189744,36,0.0842,1,0,1,Very High
34.66236722914813,15006.49666062682,Unemployed,714.2818387886516,1000.0,84,0.0067,0,0,1,Very High
24.46308318843219,44550.84436792269,Student,627.3309642560536,40535.643081623275,24,0.091,2,0,1,Very High
34.351787645711966,43670.63689819431,Salaried,678.5133556804695,34178.13105437942,72,0.1533,2,3,1,Very High
24.577802851216333,80402.30524108042,Salaried,705.745004064613,72847.74234672432,24,0.0906,1,0,0,High
40.605692550096265,36205.75420205881,Salaried,725.0865026510513,25266.568025043227,12,0.1948,0,2,1,Very High
33.255791788702865,49092.4446089281,Self-Employed,633.8396935646721,33064.678460809155,36,0.0924,0,1,1,Very High
30.387978961169495,56292.26708521397,Self-Employed,658.3123642540943,49838.20741860155,48,0.0885,0,0,0,High
20.183338669415946,8605.169950485795,Student,592.8493748456633,10265.636066329953,36,0.3068,0,3,1,Very High
19.52246500617884,22560.017209789876,Student,589.2579618554366,25043.7167582401,60,0.186,0,3,1,Very High
30.64203697095144,24682.28516586622,Self-Employed,660.4167779802394,15905.704550975563,12,0.1144,0,2,1,Very High
46.000439328386406,64761.69833214153,Salaried,731.0529704715444,53094.129383141,60,0.1445,2,1,1,Very High
35.13362973105662,21776.089759406295,Unemployed,647.6210044496453,1000.0,48,0.0046,0,0,1,Very High
36.97281983485049,77564.36234288977,Salaried,652.3890177032299,48270.80201283487,84,0.1622,1,1,1,High
42.13772412889781,53462.50167690085,Self-Employed,683.7550924813581,31531.887882192594,60,0.184,1,2,0,Very High
29.011912367865126,77749.71211202166,Self-Employed,657.947282110847,69937.80560076967,60,0.215,0,2,0,Very High
26.593331394558284,18388.54484262805,Unemployed,630.9370681337576,23979.596600695302,48,0.1929,0,1,0,Very High
23.714617800166245,18781.143636005443,Unemployed,600.6741667392945,10746.288550489313,60,0.0822,0,1,1,Very High
33.69745103411981,91817.24863325991,Self-Employed,635.8372658434573,80572.87448808618,12,0.0878,0,0,1,High
26.14153283031809,23864.94435573872,Student,590.2497599983024,20716.032989011306,36,0.0868,1,0,1,Very High
23.0,29011.088297556733,Self-Employed,673.6747279948439,11889.092304237936,36,0.041,0,0,0,High
31.18897529319601,50372.52201056,Salaried,663.9140653533766,74601.6811844893,72,0.1981,2,2,1,Very High
34.68471363027576,22692.598857252866,Unemployed,567.2685395492256,21257.789353657397,36,0.0937,0,0,1,Very High
30.90904239957633,51476.68044607403,Salaried,574.1526081921473,30689.162202897827,24,0.1846,1,2,1,Very High
29.82117227510597,28047.334868643025,Student,555.5557880032222,25619.058716121755,48,0.1163,0,1,1,Very High
43.785106623189066,39918.53011879719,Salaried,696.8235023439339,18503.408009886763,36,0.0464,0,0,0,Low
21.145020248809853,14717.274148387098,Student,680.943228615631,7064.037151527162,24,0.173,0,2,1,Very High
53.93742490572552,75655.99880901971,Salaried,615.5881397956822,37058.34262788444,48,0.174,0,2,1,Very High
23.745607452088223,86717.4532499252,Salaried,674.104634289444,42640.974761440375,24,0.0492,0,0,0,Low
38.5650948166531,46077.000749595536,Salaried,708.7317521846187,47580.42040957992,72,0.1283,1,1,0,High
25.476783409668194,89556.90018671779,Salaried,702.1393757300381,86277.49856257217,12,0.0963,0,0,0,Medium
25.72697124186724,22363.694933650084,Self-Employed,640.0528817693179,12328.694577805341,36,0.0551,0,0,1,Very High
42.36092003128054,98324.73753195017,Salaried,665.5746094223359,111360.23406581313,36,0.1133,0,0,1,Medium
48.005419293798376,86347.19236070196,Self-Employed,597.6639157255372,1000.0,36,0.0012,2,0,1,Very High
39.18465857505742,77275.43895920762,Salaried,591.318626209893,89423.10059080605,60,0.1157,0,0,1,Very High
37.00861022351054,70221.9814392641,Salaried,672.8594003501936,44854.051262679845,36,0.0639,1,0,0,Medium
33.20551712880414,13421.94480794444,Unemployed,583.5359066928793,13845.389800775005,72,0.1032,0,0,1,Very High
41.29592418835796,33292.42247858993,Self-Employed,670.0506096935637,33838.295327516134,24,0.1266,0,1,1,Very High
41.526380028844756,120037.17164881222,Salaried,636.040374762815,80204.58722144007,60,0.1668,0,1,1,Very High
34.167268493197575,68354.58335431955,Salaried,637.5348172676534,41011.04856418795,48,0.06,0,0,0,Medium
40.89805541473152,57684.81560846637,Self-Employed,591.4332708317957,49160.071987220115,48,0.2727,0,3,1,Very High
40.03796365865217,11985.448722984074,Unemployed,669.6128692447227,5870.105248594591,36,0.249,1,2,1,Very High
37.66241882343084,67970.72596709077,Salaried,656.3672905532504,78271.83305416272,84,0.2402,0,2,1,Very High
50.27230941849742,74939.24841068432,Salaried,642.055059176652,16109.112276034135,72,0.084,2,1,1,Very High
38.88190997545574,62132.21232640814,Salaried,650.3724061028814,36329.72359325179,48,0.0585,0,0,0,Low
20.813979990783885,12324.057047217768,Student,666.8227146127884,3931.987008263332,72,0.0319,0,0,1,Very High
65.0,9824.172559758408,Unemployed,696.0920284095673,5825.084951797289,60,0.2593,1,2,1,Very High
60.64563120208932,40676.90533872821,Self-Employed,671.7066434350379,8648.06868775792,60,0.0213,1,0,0,High
37.30264437408633,22436.21775250789,Unemployed,673.4551705318787,1578.3809783081906,72,0.0695,1,1,1,Very High
48.01770802316325,79171.23169674666,Salaried,699.1908232911914,51727.88378857984,72,0.0653,0,0,0,High
36.214210859540906,79813.45255482604,Salaried,684.5376708874476,54742.980677424945,60,0.0936,1,1,0,High
20.0,12839.923642735834,Unemployed,623.4064671475013,1000.0,48,0.0078,0,0,1,Very High
49.971889443360546,42959.152804579826,Salaried,697.0141509361908,31553.006313924376,48,0.1984,0,2,1,Very High
25.9565763378109,11777.994013437963,Unemployed,603.2889809276769,12501.980001681291,60,0.4061,2,3,1,Very High
46.81048087399497,55314.344479489446,Self-Employed,627.2599767314899,34502.57758703416,48,0.1874,2,2,1,Very High
30.35254293141287,47075.858844245224,Salaried,668.4689337926347,24000.706115942834,60,0.051,0,0,0,Low
43.324701782038225,81785.76728267642,Salaried,633.3816168786501,51733.13650956615,48,0.0633,1,0,1,Very High
40.61151263805849,22990.199085744232,Self-Employed,659.611371991893,18518.56104527127,36,0.143,0,1,1,Very High
36.32596351997125,18057.944698908927,Salaried,664.4902225871874,7528.918420106161,60,0.0667,0,1,0,High
40.35118984474061,41692.7058506118,Self-Employed,654.1233072503805,14481.404422813126,24,0.1097,1,3,1,Very High
61.73043212662405,16954.759715608143,Unemployed,592.039589114281,7890.775967815814,36,0.0715,1,1,1,Very High
47.10201213896667,29718.8183072479,Self-Employed,663.8301177818473,7934.380820106885,36,0.1267,1,4,1,Very High
42.55914151784893,36276.159803889124,Self-Employed,566.4303012609012,35463.51123793772,84,0.0978,1,0,1,Very High
31.423356093723097,3000.0,Unemployed,568.6944476167072,2475.848774703828,72,0.0825,1,0,1,Very High
44.29624614045965,78648.16923076328,Salaried,678.4596897115339,13290.73567465629,24,0.0794,0,1,1,High
68.52144492854329,62213.92158565651,Self-Employed,695.8691023354583,49044.38292345383,12,0.0788,0,0,1,Very High
28.283487237536907,19246.632199137093,Student,512.6342394102229,22395.819119053584,24,0.3164,1,2,1,Very High
39.078536552444874,9468.986551973438,Unemployed,614.4899714286121,8456.673092591183,36,0.1143,0,1,1,Very High
36.664464512884074,47281.092251184105,Salaried,666.6447510450834,55196.619433745596,36,0.1417,0,1,1,High
36.871510241630695,11119.811021507825,Unemployed,598.4721890592467,13317.492257704456,60,0.1448,1,1,1,Very High
35.22660462409169,74020.11501172918,Salaried,640.1527199815492,61239.136080465214,48,0.1077,1,1,1,Very High
25.619404603125258,16369.263073049056,Unemployed,691.8838197304568,10798.56277328642,60,0.066,0,0,1,Very High
21.3937568057262,10135.87755178949,Student,566.3828251400696,8577.952778532665,12,0.0846,1,0,1,Very High
61.69977121044553,12155.094885307692,Unemployed,596.8853423936491,9772.633757650548,24,0.0804,0,0,1,Very High
38.361533321132825,19361.863915708378,Unemployed,547.93384945193,13471.11735929624,84,0.2571,0,3,1,Very High
31.05792590102238,20525.06064560826,Unemployed,587.1007957931685,23002.650965398978,60,0.1371,1,1,1,Very High
28.735884150092282,5000.0,Student,614.4162517629093,1000.0,84,0.07,0,2,1,Very High
18.257119042351604,7744.135546004984,Student,654.903623517562,4821.358514725251,72,0.0623,1,0,1,Very High
49.938036976708986,29667.845756879557,Salaried,685.8053284916402,19550.310799806357,60,0.1909,0,2,1,Very High
39.77687310638582,34452.12875733962,Salaried,733.0487406612756,30758.356830401382,36,0.1518,0,1,0,Very High
23.54319190918927,23947.54717155444,Student,618.8706323433715,5729.43011942547,48,0.0239,1,0,1,Very High
37.778572854014264,36010.53901221689,Salaried,656.9892890653055,34318.089773214015,36,0.1578,1,1,1,Very High
51.923191246973815,17214.67615130748,Unemployed,612.0436906516986,11814.225697172687,12,0.0686,0,0,1,Very High
40.77147842451512,65925.72879282586,Salaried,745.7478983893765,85772.86719853518,84,0.1551,1,1,1,Very High
23.846784708479696,24224.319856834823,Student,628.2245169667739,12429.324544448358,12,0.0513,0,0,1,Very High
43.030192976472904,52437.03858858612,Salaried,711.7344206832892,53652.614079963176,48,0.1023,0,0,1,High
22.49960511667287,6610.143110370207,Student,600.9985970587386,3048.730248716146,72,0.1211,0,3,1,Very High
39.49047617782022,27465.273240464092,Self-Employed,649.3968974236316,1000.0,48,0.0536,1,2,1,Very High
40.997673418658174,61027.6758606216,Salaried,676.0617648084418,52417.21175960521,60,0.1109,0,1,1,High
34.48253345259781,21561.5712175684,Unemployed,593.4369407609825,5163.736575351782,60,0.0239,0,0,1,Very High
24.724538175553697,18263.335411036365,Unemployed,601.5893950758606,3782.8440026566495,36,0.2207,0,2,1,Very High
25.447129101647082,21212.347863944437,Student,685.4595125412773,24510.66664090185,36,0.1155,0,0,1,Very High
39.19417252365649,11658.705515734546,Unemployed,615.0433476885725,7655.188001971139,60,0.1657,2,1,1,Very High
29.714219744886684,60053.82988784891,Salaried,708.0124453794205,72307.0865836608,36,0.1829,0,1,1,Very High
36.56871932573029,33528.56315127149,Salaried,660.6910225454237,29175.137037848817,60,0.1495,0,1,1,Medium
43.56184103313982,24948.664361450734,Unemployed,609.568641466278,5784.372592419075,60,0.0232,1,0,1,Very High
23.776926529512824,5000.0,Student,618.2859037607026,4465.928090493404,36,0.1143,1,1,1,Very High
49.088858680437156,14004.228283353998,Unemployed,651.9209242059945,16466.399945585414,36,0.1801,0,1,1,Very High
56.79020227932382,53961.49247089497,Salaried,734.3455744486986,26210.246276983497,24,0.0486,1,0,1,Medium
24.245092240138415,23464.516531972717,Student,578.3533624250452,14181.956185721665,36,0.0604,0,0,1,Very High
28.364167938903257,42855.64999015197,Salaried,643.3141943167881,7221.658017112033,84,0.1419,1,2,1,Very High
32.42111250910411,50771.20165033168,Salaried,615.3520745446227,46676.564326620275,12,0.2919,0,2,1,Very High
63.17791844695198,53969.31921457523,Self-Employed,659.1413386765232,65478.21297739615,36,0.1213,1,0,1,Very High
40.96090623321912,58637.61275802765,Salaried,702.747048620721,20452.318608744863,72,0.0974,2,1,1,High
41.02314029856001,20778.80252974497,Unemployed,636.9378320021121,26699.434253104406,60,0.191,0,1,1,Very High
28.278491132699195,58841.219675381704,Self-Employed,653.9597107184853,20880.9795796572,24,0.223,0,3,1,Very High
21.469690691560217,21677.21036825066,Student,666.5340725310366,15055.513641953272,72,0.1695,1,1,1,Very High
40.777773029012266,16700.648931936208,Self-Employed,613.2636225732174,17694.86598487894,48,0.206,0,1,1,Very High
32.46535251146207,10536.760807101342,Unemployed,589.0799402369636,1474.3727482309398,36,0.014,0,0,1,Very High
41.87554723622534,4382.059347934282,Unemployed,651.1200908042731,5292.470890443261,48,0.1833,0,1,1,Very High
30.31733660201909,77981.70206186907,Salaried,649.3136036010224,45693.79441712883,72,0.0586,2,0,1,Very High
44.64717269970033,61597.01643360575,Self-Employed,684.7490438990008,29772.964622420055,24,0.0983,0,2,1,Low
44.380365213481056,88350.90352827928,Salaried,640.3628747365452,60420.67566817734,60,0.0684,0,0,1,Very High
52.18434778485371,76955.91274590303,Salaried,689.4118491292165,63221.3289116323,84,0.1572,0,3,1,Very High
18.0,5618.350797080009,Student,650.7948173695063,2514.423728740147,60,0.0948,0,2,1,Very High
57.91907707152097,62095.12003763467,Salaried,595.8476125082615,54369.01594839445,36,0.1501,0,1,1,Very High
42.84683666400738,56652.42100877564,Salaried,672.1107723088363,34194.940089153795,48,0.0854,1,1,1,High
47.93505174317682,77710.88156432417,Salaried,621.7972250732365,34410.51421620843,24,0.1693,0,2,1,Very High
20.0,18843.212282118893,Unemployed,604.626400075242,7543.303786163486,12,0.44,0,4,1,Very High
25.752575070667763,32369.198193476597,Self-Employed,643.8704774021026,42063.79304122985,24,0.18,0,2,1,Very High
47.110939997114556,42313.53983603952,Salaried,624.5636822899717,13314.501346040834,84,0.0815,1,2,1,Very High
37.061572125337776,40664.85486461503,Salaried,722.0573228291602,39895.347515517475,12,0.2231,1,2,1,Very High
42.73317739941864,56600.519703548656,Salaried,587.8818512010569,39421.00850766588,24,0.4696,1,4,1,Very High
22.684103275930088,13966.188655010756,Student,624.0915905859255,7097.331846773812,12,0.1133,0,1,1,Very High
36.47922247011405,54225.762069018645,Salaried,613.8670855176442,48834.612138964374,60,0.0901,2,0,1,Very High
43.46588436720948,99225.72696648969,Salaried,676.6486004522172,54644.4359023308,48,0.0801,0,1,0,Low
28.763769309458144,5000.0,Student,570.0765038745326,2045.3785341280686,24,0.1659,1,2,1,Very High
41.95545842405762,96501.65655217462,Salaried,679.2918102133326,49205.001220592734,48,0.1135,0,1,0,Low
36.04258849506718,56208.322616217105,Salaried,667.1798472574629,93626.33275230923,36,0.1916,0,1,1,Very High
47.387719852337796,72803.90095494817,Salaried,601.2550692258142,38367.533091223435,24,0.0527,0,0,0,High
30.76847426341825,9465.613449787961,Unemployed,636.2071802779791,5471.113728593955,48,0.0578,0,0,1,Very High
32.621651377465035,67854.7003019173,Salaried,592.8913750822348,54225.05655356381,24,0.0799,0,0,1,Very High
60.25672054560253,27569.593887701274,Self-Employed,593.796941547396,37842.7744613721,36,0.3248,0,3,1,Very High
33.51420592026605,44448.09733074663,Salaried,620.4070632126243,10635.742061125195,48,0.0239,1,0,1,Very High
18.0,5000.0,Student,585.2799116447288,1252.180071344244,84,0.15,0,2,1,Very High
29.08343554797122,59398.892432163295,Salaried,615.9615076380153,47886.043342362784,36,0.1431,0,1,1,Very High
29.413334046512798,71797.55174859692,Salaried,679.6261175711547,40339.8854217652,24,0.1187,1,1,0,Medium
39.64289297568224,16338.259915442555,Unemployed,691.3710354644654,14855.18439162897,36,0.0909,2,0,1,Very High
44.80108736753286,55621.48618207235,Self-Employed,670.3830614943544,31677.989465134266,36,0.082,0,1,1,Low
38.0412140502612,64004.935794788566,Self-Employed,583.7563794644186,90278.43695560118,36,0.216,0,3,1,Very High
20.0,11309.979349542642,Unemployed,618.075979754577,6417.648175719598,60,0.1567,0,1,1,Very High
36.520314390723826,87524.24772695363,Salaried,693.3857017179706,100314.16037340411,36,0.3021,1,3,1,Very High
35.37046843048434,8014.500792198871,Unemployed,559.6605379192968,1000.0,48,0.0125,0,0,1,Very High
26.922468322125827,33013.31641410751,Salaried,653.8160117084744,5525.951353555071,12,0.0792,0,1,0,Medium
38.48041673317331,33360.949651242016,Salaried,654.0697590612315,7219.4282490851165,84,0.0216,1,0,1,Medium
37.48485309620664,47699.120389703065,Salaried,662.4597295272077,23213.066379487493,48,0.1737,2,2,1,Very High
32.99137388358037,95390.11583190257,Self-Employed,615.23262923795,86762.74045603447,48,0.091,0,0,1,Very High
45.58335154538222,73844.44124073199,Salaried,655.8898618367353,50796.49815359129,24,0.3688,1,3,1,Very High
23.307093848139058,82983.53461942218,Salaried,626.3802522301253,75596.46961721667,12,0.1411,2,2,1,Very High
62.76922538898866,39848.828406201625,Self-Employed,642.8756262511502,32835.372079296125,36,0.2824,0,2,1,Very High
31.028731325085893,19256.117410202354,Unemployed,565.5224629844691,18743.052763709096,48,0.1223,2,1,1,Very High
22.636077231626416,66529.62964142246,Salaried,687.0324823898761,46916.718487597456,12,0.1955,0,2,1,Very High
25.982740368463123,89571.03545649056,Salaried,619.6146094413191,80719.19150775387,36,0.0901,0,0,1,Very High
34.27564022510998,98205.1138662221,Self-Employed,693.4514204427788,142982.19825010656,24,0.2456,0,1,1,Very High
55.895449987767144,24227.376359632148,Unemployed,692.0747296779477,3281.0546752773025,24,0.0385,0,1,1,Very High
26.16665194229237,37899.56271923604,Salaried,698.6978796997246,17838.9419283242,24,0.0471,3,0,1,Very High
19.852517936611452,24758.6377757824,Student,640.247703612838,17590.573233398653,60,0.3835,1,5,1,Very High
34.2435573848588,65841.10987079363,Self-Employed,625.5584928855372,35518.19047352378,48,0.0539,2,0,1,Very High
31.514405351349215,22827.993256424274,Student,594.97129541095,11372.0474050288,12,0.1498,2,1,1,Very High
29.79302879456578,71272.24512270922,Salaried,631.8768337854201,51555.73747869012,24,0.1348,2,1,1,Very High
37.74538262942371,64966.080016962114,Salaried,653.9794812829114,19512.019064071756,60,0.155,2,2,1,Very High
28.98685483106745,15406.303591057975,Unemployed,630.228491788622,11614.390990574626,48,0.0754,0,0,1,Very High
41.264785271392,74244.16895657287,Salaried,645.8583312031441,47832.92494885349,48,0.0894,1,1,1,Very High
36.34258706736638,55748.42305425831,Salaried,703.1424559318885,15039.52832839067,36,0.052,2,1,0,High
37.79370338006136,100303.8395641429,Salaried,659.5471830856562,19214.963319266375,60,0.0192,0,0,1,Low
39.43138154650212,66704.97542718872,Salaried,700.1519434946202,32956.877776391506,36,0.0494,0,0,0,Low
51.21937201108676,65830.94060123706,Self-Employed,619.188488121949,28914.057408670444,60,0.1064,0,1,0,Medium
26.780547616643155,24369.411143844554,Unemployed,603.6317879625643,9827.094346609456,72,0.0403,1,0,1,Very High
22.812453202804406,28857.56851401583,Student,661.9787271936009,23060.720505031502,36,0.0799,0,0,1,Very High
46.850445114330185,59675.99751126086,Salaried,662.5299786027647,1000.0,48,0.0267,0,1,0,Low
35.144669764637406,83877.17360822312,Salaried,664.3649390536382,39168.61583408955,12,0.0967,0,2,0,Medium
22.005664714548832,28459.07255512881,Student,598.4903030571604,6251.086425390976,36,0.047,0,1,1,Very High
37.683955309761146,64426.71647290072,Salaried,612.1433521586686,16768.7179680296,48,0.226,0,2,1,Very High
41.426857893182834,29082.769328620314,Self-Employed,647.7010283045097,21025.85986754134,48,0.0973,0,1,1,Very High
49.48857402659587,76902.2957054839,Salaried,665.5723263462637,49271.28238774165,36,0.1141,0,2,1,Medium
46.30702611405629,94075.38538795713,Self-Employed,695.0481682550394,83922.07738760069,60,0.0892,1,0,0,Medium
36.82239544460212,27149.72777940696,Salaried,740.6655171972668,10298.253657532669,48,0.0379,0,0,1,Medium
34.966792178147415,20535.642851830562,Unemployed,630.3782566916178,5706.997449076156,24,0.3403,0,5,1,Very High
24.57429685536295,19313.47506584905,Student,605.1662642713848,21492.761340485307,36,0.1113,1,0,1,Very High
23.542220137399468,17880.237579652727,Unemployed,641.2314198118798,11327.028038362761,24,0.1633,0,4,1,Very High
53.24929481283418,78313.3581938239,Salaried,709.7262035808469,62232.01533688597,36,0.392,0,5,1,Very High
34.453402394346355,19294.276523717574,Self-Employed,643.2936030166405,29492.54804653125,60,0.2529,1,1,1,Very High
40.884655848823485,25626.61012370976,Unemployed,626.7679130239706,24903.94618957567,72,0.1597,0,1,1,Very High
45.4338346440478,64203.93444933017,Salaried,693.6782506666688,56372.481542126785,24,0.1378,0,2,1,High
57.73370542100969,38443.23190226493,Self-Employed,693.2945736614735,40873.914272312846,36,0.1563,0,2,1,Very High
28.525073066765906,14695.198708280632,Student,623.3834099422211,2176.5418976761994,24,0.1148,0,1,1,Very High
40.27837780601254,82962.63706020685,Salaried,651.4814983077868,60567.5601227912,24,0.2605,0,3,1,Very High
27.266047346265985,19566.516671462643,Student,657.1150529909294,14561.736793894426,84,0.1994,1,2,1,Very High
25.51236731266064,13942.466854953214,Student,616.8671186076289,15763.291413071613,48,0.2381,0,2,1,Very High
33.83999675457269,39259.014629451296,Self-Employed,708.7597935014579,14254.637906764336,48,0.0363,3,0,0,Very High
44.721743081484874,44841.69350490483,Salaried,674.0582997302524,40100.57317085109,72,0.1144,0,1,1,High
45.9440233353353,15886.8712921027,Unemployed,566.334730834454,5817.646077063643,48,0.0866,1,2,1,Very High
52.1482645166343,19310.372669781387,Self-Employed,668.138830443441,16172.404833232089,36,0.3337,1,4,0,Very High
25.288553039586034,16160.285340772849,Student,642.512953461953,13942.335312318306,60,0.0863,2,0,1,Very High
28.620515662628446,77344.76699327573,Salaried,623.6131472805669,42008.97637802869,12,0.2418,1,3,1,Very High
35.312808298064596,73917.1768990828,Salaried,709.4604919641914,69074.76555816534,36,0.1559,0,1,1,Very High
42.54703962982634,41661.60643197065,Self-Employed,643.9922086888695,13420.79207666003,60,0.3447,0,5,1,Very High
30.535673557828538,28291.479223070623,Salaried,659.985744516739,15709.127072416455,12,0.0555,2,0,1,High
47.22651107623037,52072.23253360421,Self-Employed,635.7266416557244,71672.72481470778,60,0.1376,1,0,1,Very High
30.849390572735558,7928.896284020839,Unemployed,572.0372063362222,7347.312752097638,12,0.1177,0,1,1,Very High
37.14211783192698,73877.34687874472,Self-Employed,554.3348491818099,100744.28025508844,36,0.2114,0,3,1,Very High
39.94509611085709,39864.68811782532,Salaried,649.1255029463305,16944.33035068966,60,0.0425,2,0,1,Very High
35.56957342392852,75379.78671031195,Salaried,659.3800034421198,88564.46947378431,24,0.1425,0,1,1,High
51.05244629728022,52843.613905372215,Self-Employed,663.8408313983108,1000.0,12,0.0644,1,1,1,Medium
46.239072507515935,101894.92182719827,Self-Employed,621.090652202078,16627.27627118985,72,0.0163,2,0,1,Very High
18.0,15285.376879854359,Student,609.8776380769755,8690.867310538266,24,0.0569,0,0,1,Very High
18.0,23925.141678744592,Student,589.0396221113596,17395.6569629534,36,0.1352,0,1,1,Very High
23.557837834406552,18934.46376006466,Student,666.8005358139046,13838.886531647728,24,0.1731,0,1,1,Very High
30.23960221677583,20680.538046841764,Student,589.1345655056828,10753.373473927417,36,0.1145,2,1,1,Very High
47.55543114833095,46557.91085449708,Salaried,654.6690692029338,1000.0,24,0.0271,1,1,0,Low
18.0,6680.623295299851,Student,591.3272545331714,4699.714890200901,84,0.1328,0,1,1,Very High
23.01982678803628,19890.166164712107,Student,661.1285578876857,13081.526332149775,84,0.2533,0,3,1,Very High
23.276899725259508,22274.209411928954,Student,605.1853557559118,1000.0,24,0.0545,0,2,1,Very High
31.095992589502018,74555.20984729353,Salaried,633.1170925583126,74447.54534704967,36,0.1624,0,1,1,Very High
42.43824508354856,75124.62596066706,Self-Employed,715.1422962174471,39763.21612816589,48,0.2529,0,2,1,Very High
43.72415508812988,32981.78625923649,Salaried,680.3454706373417,29683.086280442887,60,0.215,0,2,0,Very High
35.19892887551748,56767.23355567582,Salaried,708.0878907076021,1000.0,36,0.0268,1,1,1,Medium
42.84344629504528,24022.8143795024,Unemployed,593.2606078834709,17707.909252431105,48,0.0737,0,0,1,Very High
38.49621631212941,53025.75269118471,Self-Employed,626.7790763673419,32869.49058870806,12,0.062,2,0,1,Very High
55.49838946306827,98538.58831242923,Self-Employed,660.9393528349862,109269.62949666959,36,0.1734,0,1,0,High
26.50491490210805,36614.70164133225,Student,609.5762925022472,32224.106864542155,36,0.088,1,0,1,Very High
44.61729553785271,14336.306286865634,Self-Employed,622.7339432917113,6778.818652070855,60,0.2473,1,2,1,Very High
26.103100013743635,16745.681050990177,Unemployed,590.4310538785562,2781.0701641683563,48,0.1166,1,4,1,Very High
58.28280421715755,14035.732605195282,Unemployed,595.7457469521379,7350.743004263175,60,0.0524,0,0,1,Very High
41.06813995049545,78573.33242696698,Salaried,576.4345250212044,55969.125189512095,36,0.0712,0,0,1,Very High
28.38823353982638,71030.39731183487,Salaried,656.1043047316988,44166.92929047781,12,0.0872,1,1,0,Medium
42.50853361891477,25494.26684504382,Self-Employed,657.6979962063592,19259.806936621168,36,0.1505,1,3,1,Very High
37.07234531474912,55581.0940074295,Salaried,702.560887456888,40653.24049414709,36,0.2731,0,2,0,High
48.602652118055886,58070.537038255585,Salaried,665.7072237247401,13654.719165026392,48,0.0235,0,0,0,Low
31.33989872530097,85956.21937815537,Salaried,631.1444770808588,20013.16038958485,24,0.1483,1,2,1,Very High
49.86589907712146,42185.68758184562,Salaried,699.5700927470095,42263.7406061404,72,0.1252,0,1,1,High
24.57648241258922,17081.942907632983,Student,631.3807799987627,1959.8942189876498,36,0.0115,1,0,1,Very High
49.91216477775534,23535.570028693364,Salaried,632.4019425670277,8803.932269446675,36,0.0874,0,2,1,Very High
39.736477549459934,18063.713101351743,Unemployed,656.6977712074051,11298.772371750329,60,0.0625,1,0,1,Very High
48.20937156379101,50560.10920526576,Salaried,664.1407870895392,24718.13252081444,48,0.1114,0,1,0,Low
51.349974387265405,73611.06433724155,Self-Employed,740.0705561216098,45613.24682698794,48,0.162,0,1,1,Medium
34.936569205051406,49869.87253249321,Self-Employed,598.0151373780157,35276.7892846286,48,0.0707,0,0,1,Very High
38.46805114181571,71709.48169605636,Self-Employed,599.3771791363195,91452.7255635579,72,0.19,2,1,1,Very High
20.739173644406552,11246.927637495166,Student,611.7708386934123,16766.292835799934,48,0.1491,0,0,1,Very High
42.66150252727166,100765.10772401837,Salaried,582.339895214967,111598.93847361664,48,0.2108,0,1,1,Very High
24.62857732337291,16539.64296920761,Student,620.0862328330401,14332.560645248563,48,0.2117,0,2,1,Very High
36.23192908400868,24802.561418169313,Unemployed,618.011752453436,19551.326804835546,36,0.1413,1,1,1,Very High
32.456805006243115,67931.85323139364,Salaried,697.173461580284,45241.09180917083,24,0.1666,0,1,1,Very High
54.58431282259354,44217.46648606005,Self-Employed,619.0934721535276,21234.956597327535,60,0.1105,1,1,1,Very High
45.37120705597875,77094.75939056627,Salaried,593.4829437551967,34765.78230078312,36,0.0951,0,2,1,High
49.864267345988964,84127.69858776529,Self-Employed,650.9624477284765,60128.969746839924,84,0.0715,0,0,1,Medium
53.175349632522035,81234.68095514255,Salaried,638.1766073223962,72998.80284648646,12,0.0899,0,0,1,Very High
52.30721065564658,70701.92981787756,Salaried,704.5627423526745,67905.90585322784,24,0.096,1,0,1,High
35.68785862336254,62242.54472397602,Salaried,606.0805458830171,8816.109771965475,84,0.2017,0,3,1,Very High
45.38434833918681,74334.29393693479,Self-Employed,614.2552640780601,24808.393327216116,12,0.1334,2,4,1,Very High
31.341444721873067,69730.76156414034,Salaried,685.0140212848985,57012.18361995592,24,0.1068,0,1,1,High
40.10544775947429,17332.225940852768,Salaried,671.5605099909586,25434.76958632427,24,0.1467,1,0,1,Very High
67.43449313702831,70535.06073112294,Self-Employed,638.9797678741091,31356.999070416052,84,0.1695,2,2,1,Very High
25.862895231206,91036.69343215946,Salaried,686.9953394334117,102616.99675680009,60,0.1127,1,0,1,High
45.18091017221409,32110.741731206443,Salaried,612.9154534438719,22525.067293016225,48,0.0951,0,1,1,Very High
18.0,24943.417539895927,Student,622.5933493714207,20791.997384740353,48,0.1334,1,2,1,Very High
49.98005816354711,44446.39176845983,Salaried,599.6254736177491,51578.55253290079,36,0.241,1,2,1,Very High
38.666343471249796,27795.178501023423,Unemployed,620.7190975003033,22964.91383933868,24,0.1451,2,1,1,Very High
45.38929441236317,31066.60887769497,Salaried,660.9816209489701,21390.816722602256,36,0.1939,0,2,1,Very High
49.53900207133621,86522.154868877,Self-Employed,639.449456458361,115849.21712297222,24,0.1589,0,1,1,Very High
59.244386832914,101626.30015633372,Self-Employed,667.5551090953086,28450.730607675774,48,0.078,1,2,1,High
40.979167546105955,38130.54140613626,Self-Employed,663.8463497917602,18797.72696116852,24,0.0993,1,2,1,High
43.74989258612791,47383.26004331844,Salaried,660.4679599023161,38230.40498613231,36,0.1807,0,1,1,Very High
44.88947999746016,78017.90579163062,Salaried,679.7212515075753,47012.82029342497,84,0.0603,1,0,1,High
48.04116682549535,79661.92420154213,Salaried,602.6907390981178,42835.208612807495,36,0.0788,0,1,1,Very High
23.0,38314.84590246389,Self-Employed,681.7750495352512,20463.389248978983,36,0.2409,0,3,1,Very High
41.060143609480335,7934.528826220685,Unemployed,649.5580830723375,1386.5334959124748,72,0.0175,0,0,1,Very High
31.781387615932942,59670.03861939633,Salaried,687.8139384849478,41907.41404876001,60,0.1327,0,1,0,Medium
26.10829183596359,17237.713703888523,Student,599.1322016163313,9773.007037452824,84,0.2442,1,3,0,Very High
36.926375670567396,99477.87656247723,Salaried,686.2146180924738,62960.84655211278,36,0.1633,1,1,1,Medium
35.23410992738649,61606.291112299186,Salaried,651.4651167311663,45655.87220363151,36,0.0741,1,0,1,High
21.641774440536217,14218.010928774771,Student,618.7336279362855,8088.443620210037,12,0.0569,0,0,1,Very High
36.21334965207949,35432.113809560215,Self-Employed,713.99750386365,15840.580455037378,36,0.1447,1,1,1,High
27.638261085336392,7618.4901482973455,Unemployed,591.7903456052562,2846.989905059429,60,0.0374,0,0,1,Very High
42.547890274143654,62707.75281999355,Salaried,690.9612257154713,57723.10914914313,60,0.1171,0,1,0,Medium
43.602381895542784,64338.47269981809,Salaried,581.8945889559011,27738.290288552667,72,0.0681,0,1,1,High
52.91641994667637,17678.315830210413,Unemployed,724.3154380850665,15301.456405154931,12,0.1116,1,1,1,Very High
26.367246718696737,23345.145086645207,Student,624.5659129193538,28197.56323481672,84,0.1833,0,1,1,Very High
38.73075738164539,51127.13993871322,Salaried,645.9902164821323,21695.80116163804,72,0.0424,1,0,1,Very High
32.428874045528396,94774.92885327907,Salaried,645.8391369716783,1000.0,84,0.0011,0,0,0,Medium
42.88223095246901,10052.358100997419,Unemployed,599.1219076069955,1000.0,84,0.0099,1,0,1,Very High
28.567920560577626,107672.65208106418,Self-Employed,596.9528769629259,72231.78081799389,60,0.0671,0,0,1,Very High
42.187334797646905,54023.07111467732,Self-Employed,682.3013735777497,38599.10211942396,72,0.0714,1,0,0,Very High
38.42100902035048,92948.37542757885,Salaried,689.6678296631436,87030.80387324959,84,0.0936,1,0,1,High
18.0,12357.57651341052,Student,601.5436838995765,6210.072787700281,60,0.1503,3,1,1,Very High
30.84338409752277,42795.717385511554,Salaried,629.8645796763705,11698.795075238952,84,0.0773,0,2,1,Very High
37.746177664027144,13775.223743000754,Unemployed,656.264904983841,9567.150738180579,60,0.257,0,3,1,Very High
52.49662788594753,15059.477376967554,Unemployed,642.9058534542828,10613.310800678915,12,0.1705,1,1,1,Very High
20.736698999892326,16639.070974531616,Student,666.7026664433242,9724.834225679413,24,0.1084,1,2,1,Very High
34.13893612897274,36913.649526290625,Salaried,659.7368332890863,18244.89030665383,36,0.1744,1,2,1,Very High
42.52143052060431,65291.232303473305,Salaried,725.7829957164984,77535.39500023508,84,0.2188,0,1,1,Very High
45.23665395376371,74532.0593464796,Salaried,658.8391852431956,84406.25018152388,48,0.1632,1,2,1,Very High
30.13568016343329,16577.22060306801,Student,657.5002996180176,14007.159568445502,36,0.0845,1,0,1,Very High
21.56638511038601,35672.855271055414,Unemployed,659.2138305426054,16309.442483274379,24,0.0457,0,0,0,High
27.141123883896707,39943.0570301518,Self-Employed,622.8627883496346,33320.17234907202,24,0.0834,1,0,0,Very High
29.13898403144409,56126.98344572788,Salaried,670.2490427162653,38282.17598859198,24,0.1682,1,1,1,Very High
46.88602645446488,63000.65867252099,Salaried,683.9746489859484,1000.0,72,0.0641,0,1,0,Low
33.68176364160496,68311.19493909947,Self-Employed,628.7850897972814,70385.1770195289,60,0.203,1,1,1,Very High
34.28334224248699,64118.16565203138,Salaried,615.0013540181683,66142.33135924456,48,0.1657,0,1,1,Very High
20.613574693138723,22124.258280298873,Student,661.872246155764,10438.981810850157,48,0.1722,0,2,1,Very High
50.08238194204551,67259.05208024944,Salaried,691.9604768029699,5795.756650010755,72,0.0586,0,2,0,Medium
38.551468347810584,65702.91321921705,Self-Employed,649.4373897979433,38891.930375205164,12,0.0592,1,0,1,Very High
52.07151310284232,100984.49007361237,Salaried,617.2247092936839,65881.60968658737,24,0.0902,0,1,1,Very High
40.45474650884498,35107.937843158055,Salaried,672.4978595923476,45446.944898861235,60,0.1294,0,0,1,High
35.928206116952495,41522.604532835845,Salaried,577.6665537633609,37741.97761570968,72,0.1534,0,1,1,Very High
42.950199292340955,55959.59621569609,Self-Employed,641.6635008623778,24772.90928550359,72,0.0443,0,0,1,Very High
35.295428815114306,60933.81145378755,Salaried,661.891991196984,48616.115263072905,36,0.1798,0,1,0,High
35.05412452166312,21332.80182761147,Unemployed,649.6565541177619,4631.057439537497,60,0.0217,0,0,1,Very High
25.424030748551672,25294.492048813012,Student,627.539991853909,15523.504230032555,36,0.0614,0,0,1,Very High
23.308344494842487,16318.922368230731,Student,658.896709865522,9217.238086023908,24,0.1815,0,2,1,Very High
46.321709440031626,54224.31960464723,Salaried,661.7922721899415,34267.73889353837,48,0.1882,1,2,1,Very High
45.71036982593732,101529.61823344429,Salaried,738.4378814947155,91116.82561038075,72,0.1522,1,1,0,Very High
51.4319683761394,13524.19200650683,Unemployed,611.1150804451079,11806.27331955341,72,0.2873,0,2,1,Very High
64.43867710201283,76583.62910736889,Self-Employed,686.1252741456963,44323.41459554089,12,0.1204,0,1,0,Medium
47.17146683631768,17066.73375510671,Salaried,607.0859748763955,10819.621531327155,72,0.1634,0,1,1,Very High
53.2450597060379,68048.30923117511,Salaried,641.9175235737825,38501.3689215443,12,0.0566,1,0,1,Very High
46.79649198323712,83246.23341941854,Salaried,725.529607602894,67994.83032833766,48,0.3317,1,4,1,Very High
34.885030516168555,23914.87264078979,Unemployed,619.7106473184233,31190.072816713608,24,0.1304,1,0,1,Very High
20.387636628113672,25344.84692250111,Student,637.2488691888492,9894.636181067344,60,0.1015,1,1,0,Very High
48.80002339353199,60560.0432106049,Salaried,641.1265911544526,44770.47866407669,36,0.1989,0,2,1,Very High
47.46957687520637,11533.185601352041,Unemployed,607.280269876978,8903.060858321895,84,0.1397,0,1,1,Very High
18.603096093788345,10407.555251585993,Student,608.5140323102696,5205.391070529813,36,0.075,0,1,0,Very High
21.7518207407685,24944.82857251692,Student,613.8164004157655,28102.384871129274,12,0.1377,2,1,1,Very High
50.41974677307707,79676.75003060218,Salaried,718.6377544121424,77114.03465960616,72,0.2218,2,2,1,Very High
22.47925368092558,23726.799778108594,Student,622.4612671620032,4720.435321081824,48,0.0824,0,1,1,Very High
51.71314741042643,53728.41868998499,Self-Employed,627.5445600250875,26943.850322858456,60,0.1751,0,2,1,Very High
38.146787021671265,42256.99853421257,Salaried,695.4280329014911,30900.80543682079,60,0.1731,0,1,1,Very High
33.849280494602944,13226.357017363895,Unemployed,610.4205701117093,1000.0,60,0.1076,0,1,1,Very High
37.595932855731036,36970.28470727285,Salaried,661.6442833155695,50832.447211716884,24,0.2375,1,1,1,Very High
40.58571161288182,79414.55558632362,Salaried,576.2520669297851,37569.65453821093,48,0.0473,1,0,1,Very High
55.63915578568469,36719.71873767032,Salaried,629.8289584149511,7905.997787220122,84,0.0215,1,0,1,Very High
36.84358443534474,92735.19942442575,Salaried,684.4043388693907,115512.46729022932,84,0.1246,1,0,0,High
36.269742407477274,77678.20755467485,Salaried,658.7446570161178,32432.190502133948,60,0.0918,0,2,0,Low
38.996672454298945,60770.799807875395,Salaried,621.3778275729571,49877.45838647199,24,0.1821,1,1,1,Very High
40.12473217071373,5631.118072269834,Unemployed,607.4566545097305,1892.9738710610025,60,0.3336,2,3,1,Very High
30.787680455758096,88002.55459253106,Salaried,603.37282016968,3759.1871712339635,48,0.0043,1,0,1,Very High
36.937071270931305,82787.02371710652,Salaried,708.1830169266018,22812.74413252026,12,0.0276,2,0,0,Medium
27.223328607391107,24771.368959558153,Student,558.770033477228,12715.84630996541,24,0.1513,0,1,1,Very High
26.96477945826657,89832.7452579748,Salaried,644.429904488588,134635.40812220442,36,0.1499,1,0,0,Very High
37.79037498856651,84826.56436866922,Salaried,610.0991593346909,33742.957145225984,48,0.1398,0,1,1,High
46.40204610250858,60638.66874825708,Salaried,674.1700742682498,25446.803470696483,12,0.142,0,1,1,Low
34.70919693846855,5095.588078342495,Unemployed,601.9496511665254,5723.921454892949,60,0.1123,1,0,1,Very High
43.74207860362183,5843.993523496973,Unemployed,605.0112016519611,6833.962929981311,36,0.1169,0,0,1,Very High
22.0,39653.27842480912,Salaried,626.8646905166746,28090.03709431959,72,0.1208,0,2,1,Very High
50.19871880957702,94933.64992418305,Salaried,712.5560340934254,53325.588465089415,36,0.0812,0,1,0,Low
36.78425445759866,37758.98338294696,Salaried,600.1574754847802,17805.756814509983,60,0.1472,1,1,1,Very High
56.28673336634424,49210.916078629685,Self-Employed,604.1534482125722,53054.76857228525,60,0.1078,1,0,1,Very High
43.38274194299416,63394.76060266382,Salaried,697.8474559050994,84637.28199941004,36,0.2335,0,1,1,High
23.031921647809806,18664.205780672204,Student,667.6399893015965,20424.770606780996,72,0.2969,1,3,1,Very High
39.70314201131821,9463.548180189338,Unemployed,667.3403185797395,7190.398540965255,48,0.076,0,0,1,Very High
32.18564823592329,53489.02413724823,Salaried,656.5245605095938,25146.957012357423,84,0.122,1,3,1,Very High
18.0,15429.630718837485,Student,583.1930682251266,19963.468805144345,60,0.1544,0,1,1,Very High
43.816431125645636,88044.40774455837,Salaried,659.5321354972995,67515.62133266617,36,0.2767,0,2,1,Very High
44.046795580334866,70662.71657772026,Salaried,610.4953099902629,58659.64614626969,36,0.158,0,3,1,Very High
44.187750515431844,92467.60682235577,Salaried,644.1052128409384,139207.86573677178,48,0.2755,0,2,1,Very High
39.320212297893264,84202.89530750927,Salaried,646.4961552733233,82336.88744144833,36,0.3978,0,3,1,Very High
23.810389383028262,23694.79075450267,Student,597.6559837023002,1000.0,84,0.0042,0,0,1,Very High
32.088722131493725,22244.085646023774,Unemployed,649.2939539221343,28527.659082311882,84,0.1282,0,0,1,Very High
35.24661053238656,12213.824080140224,Unemployed,576.4800374825727,12363.856507678887,72,0.1012,0,0,1,Very High
48.995165675026755,71478.7195682113,Salaried,691.6264669836055,51174.96718842754,60,0.0716,0,0,1,High
57.169300963826274,65617.42711358084,Self-Employed,695.5036726093037,58620.116367894465,72,0.1518,0,1,1,Very High
33.65548647756702,61325.00092258852,Salaried,683.2435481952288,25329.146625178237,48,0.0913,2,2,1,Very High
30.022810231308327,66551.65568968549,Salaried,609.5567043131714,21011.130031702127,72,0.0316,0,0,0,Medium
35.75908960630112,109996.15611437065,Self-Employed,643.3611229967862,89392.62800273746,48,0.0813,0,0,1,Very High
30.029169643854985,60645.20000695682,Self-Employed,664.5834389826457,21899.43519631085,12,0.0986,1,1,0,Medium
19.55720845732262,11910.66291321077,Student,630.070509278304,7098.9449349787465,72,0.1221,1,1,1,Very High
40.33659724513304,35033.155043979,Self-Employed,656.4775619889787,1000.0,36,0.0654,0,1,0,Medium
41.234255867902725,84896.53930672703,Self-Employed,690.1891873367034,72616.16608722734,36,0.1855,0,1,1,Very High
44.18613863762415,49330.62106378835,Salaried,662.091114257436,2141.113133664825,72,0.0043,0,0,0,Medium
23.106242743924092,12161.059336566072,Student,601.3019923619042,7451.777355336463,84,0.0613,1,0,1,Very High
22.0,58891.71376199677,Salaried,618.3143909268972,28238.903770268233,72,0.1105,1,1,0,High
43.82050441611791,40293.40389671788,Self-Employed,632.1714107153972,24562.47080302825,60,0.111,1,2,1,Very High
33.77934986800261,82666.77289062334,Salaried,605.0515100640672,40299.860905514055,24,0.0487,0,0,0,High
18.0,21673.75218569463,Student,602.2894464134275,20365.202536954093,48,0.119,0,1,1,Very High
40.72726169340597,45939.44266606188,Salaried,678.7875558309579,25553.00582322206,72,0.0556,1,0,0,High
35.20980598891671,46255.16713101348,Self-Employed,673.350412623453,4916.781812405596,60,0.0856,1,3,0,Very High
39.41315387717487,69916.53825520768,Salaried,646.1799514300162,36377.69189426355,36,0.052,0,0,1,High
31.318791340161418,57077.38339938449,Salaried,667.0804729604107,50798.97518649521,36,0.114,0,1,0,Medium
49.06622865289517,69192.76911723896,Self-Employed,742.6870773821181,50352.388676840084,36,0.0978,0,1,1,High
24.950119477132727,21746.517075349115,Student,595.3624806138521,31720.486302010486,36,0.1959,0,2,1,Very High
43.89597520209983,38781.485631894124,Self-Employed,631.1379719016536,9664.124952308985,48,0.0249,0,0,1,Very High
25.07879528552341,13605.628173298674,Student,589.2357126388312,9513.493564412864,48,0.1699,1,1,1,Very High
28.46841048442247,67651.70740096943,Salaried,611.4528408473135,33938.25857610389,36,0.2377,1,3,1,Very High
31.18545249787508,38026.48687252085,Salaried,645.4851957590022,11457.676071749316,60,0.0551,1,1,1,Very High
37.404574384599854,80208.4133273744,Salaried,641.1499075352096,53791.01783900149,24,0.2671,0,2,1,Very High
45.63819384217243,16326.760876835559,Unemployed,594.5868277529979,10810.303028425156,12,0.4662,1,4,1,Very High
28.127428292591265,36542.226148197056,Salaried,685.2247222298386,47386.822667600594,24,0.1297,2,0,1,Very High
37.536769824021725,29604.069797577526,Salaried,619.1193516894783,21949.173297038302,48,0.0741,0,0,1,Very High
47.2705631232668,65141.09939238172,Salaried,647.239531040273,66772.55353450199,36,0.1025,0,0,1,Very High
18.0,10465.47457481892,Student,616.6267934614824,5098.358360790126,36,0.1112,0,1,1,Very High
33.04222943433235,17373.368708574475,Unemployed,656.6297046546753,3000.971288103463,48,0.0173,1,0,1,Very High
37.86653963278734,42752.66008887581,Salaried,605.8114361204406,1000.0,36,0.1273,1,2,0,Very High
20.0,17272.81254125844,Unemployed,649.0347267992563,14823.328222849737,60,0.1108,0,1,1,Very High
36.54012930589617,6899.503378881778,Unemployed,608.7183724021806,1000.0,24,0.2145,0,2,1,Very High
21.104241358089627,11712.20853506201,Student,608.0284952660932,5960.499814110915,48,0.0759,0,1,1,Very High
31.606806583363824,17049.463280796677,Unemployed,539.0440751852157,16521.292013727216,72,0.1469,0,2,1,Very High
46.365983790239504,69842.00386703068,Self-Employed,605.1242887032761,56252.709703552966,12,0.0805,0,0,1,Very High
50.21902783871175,37745.07645405069,Self-Employed,654.2961487875418,35036.869162782874,60,0.1928,1,1,1,Very High
35.82595637660385,46826.33117779295,Salaried,696.0196190753175,35083.81301399066,60,0.2749,2,2,1,Very High
45.910035840012355,78363.68028777435,Self-Employed,642.5402411519708,50839.18395658286,60,0.0899,0,1,1,Very High
50.07460609476221,101364.21014555215,Salaried,685.4954129422,86724.25431578481,60,0.0856,1,0,0,High
28.417833035172627,96656.58893546667,Salaried,625.6473893553641,23219.35514490453,36,0.049,2,1,1,Very High
44.0038440597734,22003.69002547692,Unemployed,647.4783845839571,10193.695171095307,24,0.0463,0,0,1,Very High
46.61212556605176,106228.75420395918,Salaried,637.331713430355,13965.108146483952,48,0.0631,0,2,0,High
30.32466040867992,20070.352013359414,Unemployed,651.6393827309864,5017.013502995767,12,0.15,0,2,1,Very High
45.618698091085875,19913.378676154993,Unemployed,601.358824302732,12714.4011758607,36,0.1263,1,1,1,Very High
47.37651985996508,90500.91637428867,Salaried,638.9328617002777,67562.65064454719,72,0.1997,0,2,1,Very High
38.578908840730826,42979.87322981296,Salaried,613.3390625924848,53763.20455210913,24,0.1251,1,0,1,Very High
44.26406679698192,52211.85658632666,Self-Employed,646.3479660484777,54190.345791039086,48,0.5038,0,4,1,Very High
48.30100723951077,91258.0135241901,Salaried,654.1050311291272,44601.68655614104,36,0.0489,2,0,0,Medium
20.768526150010402,22963.867398520044,Student,620.7011353657102,12535.679085899843,36,0.0546,0,0,1,Very High
34.20538930658045,60947.9657287688,Salaried,683.4078655161755,1000.0,36,0.0016,0,0,0,Low
38.6599026098445,63382.502997573276,Self-Employed,696.7436631031253,31249.017011110813,84,0.2368,0,3,1,Very High
52.043770643135005,90524.06823158648,Salaried,693.8512044512997,132022.83827957942,24,0.2083,1,1,0,High
20.994573326569334,18620.563903267088,Unemployed,629.796014214206,14536.373001936765,72,0.2781,0,2,1,Very High
28.78272652962537,35303.70113159959,Self-Employed,615.7748842906353,24453.567022807474,24,0.1318,0,1,1,Very High
48.539729634301615,32683.470344395868,Self-Employed,700.2722419012977,19672.307160002027,60,0.0852,0,1,1,Medium
20.63320658532952,18396.462529252443,Student,623.3929277077556,5596.369854377192,72,0.0304,1,0,1,Very High
22.91801529512017,23712.01788074609,Student,643.489095307978,12553.784720224645,12,0.2529,1,2,1,Very High
57.414100847381704,9979.17712963606,Unemployed,631.8381599648036,4914.896975900118,48,0.0493,1,0,1,Very High
58.801742532472865,28673.985695212334,Self-Employed,616.7605288572719,9184.917352871133,12,0.157,1,2,1,Very High
20.44223405898839,17117.720046791084,Student,572.0757495043234,10094.408939367071,60,0.1215,2,1,1,Very High
23.541424287276843,6863.416697849041,Student,669.9682020993823,1000.0,36,0.0646,1,2,1,Very High
36.481526225659344,62419.55758772378,Salaried,619.744360360692,23135.683497531103,72,0.2371,1,2,1,Very High
34.577141585872646,46748.1092447445,Self-Employed,645.7656493567453,43923.36905480422,24,0.119,0,1,1,Very High
18.0,17053.016533214704,Student,627.3062694739,8010.0395854243925,36,0.1095,1,1,1,Very High
32.36146277715482,18818.117485860213,Unemployed,632.8792976273226,12684.874578687739,36,0.1924,0,2,0,Very High
39.92865802410078,87992.07345814255,Salaried,566.6905703936476,81460.74332608802,12,0.1676,1,3,1,Very High
38.31096108164393,70562.87452909254,Salaried,663.8488446185155,45989.4995737882,48,0.0652,0,0,0,Medium
18.852444657028247,12378.051687383822,Student,671.8090652773909,5180.978027749269,72,0.1044,0,1,1,Very High
54.222924825697234,73040.28284989948,Salaried,658.0459259224107,40478.95484582964,72,0.1804,0,2,1,Very High
29.942937533956886,33796.48177059458,Self-Employed,636.3684404084914,25027.65360900358,60,0.0741,0,0,1,Very High
51.59682912255117,12000.0,Salaried,587.5604960186732,6201.455929989537,60,0.2517,3,2,1,Very High
18.0,6049.101919791276,Student,620.1107567908628,4676.854232742645,36,0.1398,0,1,1,Very High
47.7658380321459,66341.94461034732,Self-Employed,679.8883577677282,46538.06627465124,48,0.0701,0,0,1,High
45.221430589659555,38477.11723210068,Salaried,688.9917804700278,31507.1415817904,24,0.1069,1,1,1,Very High
34.42016126934947,10187.072292839533,Unemployed,603.5336640021114,8005.784643617997,60,0.0786,0,0,1,Very High
65.0,17587.826313131773,Unemployed,591.9864827990277,11016.881982797086,48,0.0626,1,0,1,Very High
41.744682522726926,17413.374030674684,Self-Employed,654.0600039222119,14657.806607528417,48,0.2717,0,3,1,Very High
23.55977550656153,23432.418379934854,Student,650.6653676200414,9857.134207884548,60,0.1046,0,1,1,Very High
33.541630125289984,71453.6953265493,Salaried,614.5537075565821,68349.55267972648,48,0.0957,0,0,1,Very High
43.795862448327306,61644.338729555486,Self-Employed,671.7047319400276,29994.63767241053,24,0.1112,1,1,0,High
49.23859596553474,42535.898686778455,Self-Employed,633.6779264175375,2708.3973696402663,60,0.0314,1,1,1,Very High
48.009516750749604,40758.46072752368,Self-Employed,644.64535407347,31956.56563902908,60,0.1409,1,1,1,Very High
64.79825640164574,25939.074678794383,Self-Employed,636.31010536652,6187.356936615049,24,0.0489,0,1,1,High
39.42573906782451,78081.55190004344,Salaried,608.4368436755599,32724.27599016264,60,0.1669,2,2,1,Very High
34.987847960126814,98274.27174597624,Salaried,630.0880662301793,71011.5892786213,36,0.0723,0,0,0,High
43.16027019784232,21806.1791367603,Unemployed,642.0286893661525,18564.52998945718,36,0.1476,0,1,1,Very High
32.529035418359626,29021.96598236869,Unemployed,611.0104841599265,6901.299757959907,24,0.1488,1,2,1,Very High
19.13674420466659,13306.96705787949,Student,567.6865055917887,9429.296651140034,36,0.1959,0,2,1,Very High
27.010629510940092,56862.709708905895,Salaried,642.0821276435981,50359.51638685377,48,0.1511,1,1,1,Very High
42.86146019894145,69906.60781822226,Salaried,572.4410503283267,19960.190849291903,84,0.1536,0,2,1,Very High
49.21062754507585,50970.75833540551,Salaried,605.2554560208956,38368.85411732917,36,0.1503,1,3,1,Very High
39.516306367659276,54196.63454173267,Self-Employed,584.8799391899457,13689.196820577434,48,0.0253,3,0,1,Very High
25.786834795545307,21107.439133331176,Student,592.1730983302251,8078.03863884152,60,0.3383,3,3,1,Very High
42.71984757807631,65006.852766396485,Salaried,708.4475910300166,17390.640856467347,84,0.0518,2,1,1,High
51.64592855158316,40659.9229332556,Salaried,733.4057300335718,14123.334042400784,36,0.0972,1,1,0,Low
23.698241470142793,27554.85781889998,Student,546.1605152904583,13704.971717469596,36,0.1497,0,1,1,Very High
41.31442759362489,91107.68273789203,Self-Employed,611.8581456515651,78405.20782074897,24,0.2111,0,2,1,Very High
65.0,16719.897419069734,Unemployed,664.4730411222176,18495.88887079914,84,0.1106,0,0,1,Very High
26.303518569497196,18441.417055998874,Unemployed,669.671546014758,12813.57275466701,72,0.1695,0,1,1,Very High
50.19269832860891,11679.432299154509,Unemployed,636.1062000571613,5962.082715162843,12,0.076,1,1,1,Very High
44.95892834967586,44726.06954744431,Self-Employed,713.8205621561668,11760.980825469567,36,0.0263,0,0,0,High
36.12573409238196,65276.727477363296,Salaried,647.986214105239,50716.636500963796,36,0.3777,1,3,1,Very High
61.03992991421199,15508.839150755992,Unemployed,592.5077560636963,8607.978905817085,72,0.0555,0,0,1,Very High
27.361679640127214,23154.966917506626,Unemployed,638.3946473708145,19117.041228508417,60,0.2076,0,2,1,Very High
21.98044175571909,7264.902046279789,Student,621.0076653141521,8434.194282080325,84,0.1786,2,1,1,Very High
23.09581801280974,16989.93223449023,Student,620.2222211674612,14114.209239975642,60,0.2706,3,3,1,Very High
40.50798914161194,73880.94895313155,Salaried,651.9906731912928,67690.41061094511,36,0.0916,1,0,1,Very High
44.56126064858811,39273.2228862904,Self-Employed,677.3569361580467,31883.214685404884,48,0.0812,2,0,0,Very High
19.837390614854392,18123.89831317284,Student,613.417642307022,6278.1365085159505,36,0.0346,1,0,1,Very High
41.26835131552866,3319.6424848434835,Unemployed,580.9742438646651,1000.0,36,0.1301,0,1,1,Very High
20.0,9396.373402040852,Unemployed,579.3814819080062,10793.740733106511,60,0.1399,1,1,1,Very High
36.11099415592289,66951.86521703628,Salaried,733.0965975709945,32370.96213890079,12,0.2483,1,2,1,Very High
57.926673153060534,59036.63517385014,Self-Employed,609.9062535329083,11251.77393297475,84,0.0441,0,1,0,Very High
34.397289845840234,36739.27525213646,Self-Employed,694.9218924148208,28495.707943945166,48,0.2026,0,2,1,Very High
22.037200623589573,23872.21235337743,Student,624.7057813315214,22849.60998354353,84,0.1457,1,2,1,Very High
46.1177605485045,73202.82173267177,Self-Employed,647.700940546452,37975.78649186149,36,0.0519,1,0,1,Very High
25.72098083876093,24513.477293241984,Student,584.0286930106294,15438.587361297828,84,0.188,3,2,1,Very High
29.247545058487812,79594.22904955556,Salaried,629.6586597170847,86507.9453862547,60,0.3087,0,2,1,Very High
21.828374457138082,29199.96628725425,Student,624.6350612402747,11175.261818192772,48,0.0633,0,1,1,Very High
20.0,24083.789219654747,Unemployed,577.146775066156,23368.92368047652,24,0.122,1,1,1,Very High
33.129233805084496,66636.39527452356,Self-Employed,757.2308349057264,24164.91340562432,60,0.1113,1,3,0,Medium
42.595932542290875,82511.73346235222,Salaried,628.011374158026,65248.97904515952,60,0.0791,0,0,1,Very High
39.8322084687739,50457.63550813037,Salaried,656.7329427095475,13654.241951982607,36,0.1271,1,1,0,Medium
42.179361047062976,39261.868654744925,Self-Employed,723.2156486563149,28309.914403508545,60,0.0721,0,0,1,High
26.693730290415466,3000.0,Unemployed,580.7583179815736,2191.0637419319683,72,0.123,1,2,1,Very High
24.847351404026725,65897.29160312573,Salaried,575.6717603284955,44001.88884203704,84,0.1418,0,3,1,Very High
48.43335763535165,52357.5091297726,Salaried,661.0454784036139,15465.730616042616,36,0.1545,2,2,1,Very High
45.18624327552592,69468.58205709896,Salaried,659.209568953857,51446.56474257072,72,0.1366,0,1,0,Medium
40.86774011090102,82780.6917223061,Self-Employed,611.9153383391242,34208.89876301192,72,0.0413,0,0,1,High
44.48495517769856,5746.870025656604,Unemployed,633.8905963124964,2296.9147335016078,36,0.04,0,0,1,Very High
45.887192314145835,86507.96398766013,Self-Employed,680.0372619560757,68031.56811624284,60,0.2786,0,2,1,Very High
20.0,18100.13483148601,Unemployed,522.9256245567665,13951.583806123923,24,0.2646,0,3,1,Very High
48.32838965677257,49327.2900596371,Salaried,625.447814895998,28139.44804826111,84,0.057,1,0,1,Very High
38.35045485090639,5368.093164204656,Unemployed,618.8120039596611,2740.823649506494,72,0.0761,0,1,1,Very High
44.267176577170396,25124.612167016712,Self-Employed,679.0022756018351,14461.984803222827,36,0.1326,1,3,1,Very High
22.0,74655.43087106253,Salaried,658.7119185610894,23564.815401216067,48,0.0816,1,2,1,High
48.513557590957966,57704.630266727516,Salaried,606.2917218442453,68149.14906069492,48,0.2431,1,2,1,Very High
23.93865260109571,38366.01720992422,Student,672.0956986375569,32280.7927890355,48,0.1466,0,1,1,Very High
42.571279703107805,86179.20521340068,Salaried,717.4142905701704,71258.82675477219,36,0.0827,1,0,1,High
27.894777855892755,38836.56131901992,Self-Employed,646.3083281994205,26245.396248454846,24,0.0676,0,0,1,Very High
23.491443559584646,14467.966312465196,Student,690.6462810289516,13865.715159337755,12,0.1583,3,1,1,Very High
41.152196973150765,42307.14251544359,Self-Employed,749.6298201733151,46425.56158737985,60,0.2347,0,2,0,Very High
47.265798759269174,67718.54083842559,Self-Employed,652.8617558210892,46422.02207673667,84,0.1311,0,1,1,Very High
34.03349392656089,4219.677265497525,Unemployed,572.9591761129751,2669.697058032228,84,0.0633,0,0,1,Very High
27.325809830192522,30772.690823622914,Self-Employed,668.3966794544866,25529.061423974545,60,0.083,0,0,0,Very High
46.802576834535415,68660.51525053298,Self-Employed,615.293150924984,49414.58728210965,48,0.072,0,0,1,Very High
41.52291630518662,76111.19736287775,Salaried,644.135245024017,12007.3534471356,12,0.2033,1,3,1,Very High
33.642668008156484,23483.23146111191,Self-Employed,589.8644930960133,11332.623305311541,60,0.0483,0,0,1,Very High
22.0,42416.527094500125,Salaried,659.4929460708937,67906.88398048529,48,0.1601,0,0,1,Very High
44.10896450667542,5497.54738115558,Unemployed,578.0123470888774,6688.358196862911,12,0.1217,1,0,1,Very High
49.88890860126675,46156.3800608139,Salaried,671.0961059342275,17059.50178786545,48,0.037,0,0,0,Low
59.50797673368601,89721.77350271345,Salaried,651.8393987963431,57968.68161899155,12,0.1271,0,1,0,Low
49.29029775372978,74767.748226311,Self-Employed,695.6613878710816,16341.36868511112,48,0.0219,0,0,0,Medium
54.95424819259957,61743.32151498147,Salaried,628.821517859337,46492.017166301004,60,0.0753,1,0,1,Very High
25.48271570716758,15816.15255806125,Student,590.0092850961498,2555.3885734610685,48,0.0787,1,1,1,Very High
49.763376988131746,71693.59467093684,Self-Employed,691.5033422646493,33383.33684872617,36,0.1466,1,4,0,Very High
47.29104477499924,46040.98837604955,Self-Employed,681.4517556475919,8222.107195417877,72,0.1179,0,1,0,Medium
29.909673146512404,14301.282355829704,Student,615.6147470796583,5919.2189694523,36,0.2289,0,3,1,Very High
23.717973441630946,23133.106300223222,Student,678.9183868814233,12759.999960949244,60,0.1177,1,1,1,Very High
28.2526525818706,31595.506267299996,Student,623.4345713294806,20756.068498585446,12,0.1657,0,1,1,Very High
41.607250204589,33031.83357108632,Salaried,584.7810797692964,22183.124973673464,48,0.0922,0,1,1,Very High
39.12421354310871,32634.00914678948,Salaried,627.6087006890546,12251.966712485166,36,0.0375,0,0,1,Very High
38.24517672263306,66746.07919653694,Salaried,686.2911900490767,31842.67934517192,24,0.1102,0,1,1,Low
50.132990676766866,7193.255917116729,Unemployed,662.046822824223,5019.985622503878,84,0.1198,0,2,1,Very High
24.64597432305588,88636.63143009561,Salaried,624.7461638542825,78779.35008354357,48,0.0889,1,0,1,Very High
36.38743681126296,77157.88502622278,Salaried,686.4326026702623,1000.0,24,0.0263,1,1,0,Medium
47.036510599227256,24953.043035830975,Unemployed,608.3622594604747,1060.2017385091767,24,0.1292,1,2,1,Very High
18.0,20789.070468071775,Student,674.6559323845146,10262.43144274204,72,0.0494,0,0,1,Very High
40.38480731269876,24429.34650755178,Salaried,645.6012785845461,11811.525076022159,84,0.1483,1,1,1,Very High
55.79681804561604,85082.02060606661,Salaried,539.2055592575592,55142.4643534459,36,0.1898,0,2,1,Very High
27.12888104221946,18175.86184457587,Student,653.0712017659216,10544.793200370194,72,0.258,2,2,1,Very High
18.0,12305.108826569956,Student,592.2049911662559,15373.625995109895,36,0.1249,0,0,1,Very High
29.4119117734698,12524.780986197899,Unemployed,555.506658833948,10085.902430327162,72,0.143,0,1,1,Very High
28.411980784719056,12440.878585835115,Student,583.9815732796751,15131.292377312253,24,0.1841,0,1,1,Very High
39.470107956770796,33154.28897532476,Self-Employed,675.6984350618487,6999.151854061116,60,0.0211,0,0,0,High
23.289373570274435,19042.855483420262,Student,662.5728478056242,1000.0,84,0.0053,1,0,1,Very High
37.88721727412556,60024.499885798345,Salaried,714.7685011292916,21823.378028274597,36,0.0989,0,1,0,Low
37.18913367037723,86457.72940625003,Salaried,743.1184118883257,81463.37479467255,72,0.0942,0,0,1,High
23.0,58453.23208975539,Self-Employed,637.4392031077614,30247.347958129765,72,0.0517,2,0,1,Very High
22.54381474466782,22418.197167792787,Student,649.6535524670132,4499.658171332448,60,0.0201,0,0,1,Very High
35.78060377527656,79972.04533471695,Salaried,645.1921983304668,37712.53920252404,60,0.2972,1,4,1,Very High
37.48661606837545,50310.26310915442,Salaried,653.6873362007336,11600.357587492825,72,0.0481,0,1,1,Low
43.60476007018801,57042.70774212145,Self-Employed,667.1674577381095,33625.32942425998,36,0.0589,2,0,1,Very High
18.292204458354213,10674.64338702268,Student,682.2718031843107,3617.644988789421,36,0.0339,1,0,1,Very High
42.41080443540785,47085.55124306319,Salaried,640.0541074277576,10407.161834094099,48,0.0471,2,1,1,Very High
21.543022801237736,5000.0,Student,650.4122119629935,4957.501841460064,36,0.4117,1,5,1,Very High
33.700725752771014,55820.00221838967,Salaried,628.2622281207973,15683.997791282727,36,0.0906,0,1,1,Very High
46.35753656514102,108734.16321863746,Salaried,703.0177540321939,61596.03760079329,24,0.0566,0,0,0,Low
30.077321990922268,28219.032397917545,Salaried,594.3535119591529,4235.096754998722,72,0.115,2,1,1,Very High
46.107464629067735,74617.8447414375,Salaried,640.5890728848834,10070.72616441183,48,0.0135,1,0,1,Very High
20.665278572775275,13772.590951075796,Student,639.5693518155838,9803.727185959808,24,0.0712,1,0,1,Very High
50.01778804002374,32896.33672185514,Unemployed,626.2846437860944,18364.275353134268,12,0.1308,1,3,1,Very High
58.992728562121584,73788.17930642082,Salaried,650.3701938606131,54749.804712687226,24,0.0742,1,0,0,Medium
25.799611977784803,112471.90788912262,Self-Employed,658.92009121329,84922.42694782552,24,0.138,1,1,1,High
42.51084831433391,39033.26126721593,Self-Employed,636.4504604041098,14734.86099094362,12,0.0877,0,2,1,Very High
29.68771894124147,38258.415831827515,Salaried,638.0428123521699,28190.014245965744,24,0.1737,1,1,1,Very High
28.56181734823008,61676.2581376695,Salaried,605.2699039130888,67646.63191202514,60,0.1097,0,0,1,Very High
35.37796708258556,54316.54134460186,Salaried,692.4451236803819,19424.552374264844,72,0.0983,0,1,1,Medium
23.451701989325322,4261.580817449769,Unemployed,682.1891183285446,1000.0,60,0.0235,2,0,1,Very High
42.849614136336676,80347.69538057361,Salaried,637.676439237022,35138.21280728749,12,0.0437,0,0,1,High
23.11554216065958,68384.70631982687,Salaried,653.9198526394175,52433.86431433251,60,0.0767,1,0,0,Medium
33.550503966717585,44203.1108694446,Salaried,630.5637941122978,26055.19978277309,60,0.0839,0,1,1,Very High
21.815736233685797,18329.543175874205,Student,634.7924357620889,17316.163534401185,12,0.0945,0,0,1,Very High
25.344584539414733,16092.95559094873,Student,657.8760625423686,13587.814400991834,60,0.1469,1,1,1,Very High
42.72467958317855,59862.648993734125,Salaried,642.0022952983932,57589.801831404926,84,0.1587,0,1,1,Very High
40.675683194960314,79743.016110861,Self-Employed,661.6598831088991,71473.42829099737,60,0.0896,2,0,0,Very High
25.996849403161242,9016.155581470517,Unemployed,612.5707847125489,8689.677019056333,36,0.2839,1,3,1,Very High
29.356538407288404,11650.837098903385,Student,626.0790323046047,6520.033357820616,84,0.1185,0,1,1,Very High
62.68637822942173,82713.71307305465,Salaried,708.754957604771,129299.41985540555,12,0.1813,1,1,0,Very High
28.730173107975318,18138.768144268433,Student,569.8435797066348,11801.376226304132,24,0.5651,0,5,1,Very High
31.39131866086597,59130.48875370959,Salaried,700.3660665822639,16781.262394892397,60,0.0284,0,0,0,High
37.06794645120806,113016.27640678725,Salaried,668.8791045658652,62578.76642591419,48,0.0554,1,0,0,Low
31.199140608894353,19297.83537834374,Unemployed,623.4327360338472,11782.96923316673,60,0.1611,0,1,1,Very High
38.03962813708404,53584.34742028834,Salaried,716.8511807686883,59639.734274189104,84,0.1613,0,2,0,Very High
46.224500276501075,80964.86492380782,Self-Employed,678.4224859483209,57828.99153744785,48,0.1714,1,1,1,Very High
20.23813145844459,23640.17034046591,Student,675.6547450111806,22155.600111019892,36,0.0937,0,0,1,Very High
38.72349127672527,24285.14968959413,Salaried,603.6625915429848,16912.605024575798,84,0.1321,0,1,1,Very High
62.431221736350906,9413.531319524795,Unemployed,564.6612024993643,6294.728873815331,72,0.0669,0,0,1,Very High
30.946351637920184,61760.66863365061,Self-Employed,637.8627979469726,25680.35743382052,84,0.1041,0,1,0,High
22.6779599986295,21478.078156218246,Student,599.7091645894495,17170.734845877156,48,0.3799,1,3,1,Very High
43.50581896860439,89874.90627949534,Salaried,725.4754678419687,153829.6265374669,24,0.2337,0,1,1,High
18.004714672855666,31283.030551783777,Student,596.480666863232,22593.879662164578,60,0.1347,0,1,1,Very High
44.973590630900205,10816.283950472496,Unemployed,544.066930299409,11036.042034762611,72,0.102,0,0,0,Very High
23.575780164079667,24808.130138477623,Student,656.5524843300685,17878.944969611537,60,0.1471,0,3,1,Very High
54.580632782224455,72273.96300685925,Salaried,649.7453334661275,22213.124098412307,72,0.0557,1,1,1,Very High
34.04533652565078,79159.93002651677,Salaried,630.2913768800781,24315.380543009192,60,0.0307,0,0,0,Low
20.67552135873599,25232.830119985047,Student,651.2505975354901,31433.16175407352,84,0.1246,1,0,1,Very High
23.0,55992.20060602315,Self-Employed,617.8198662520435,59020.10832586508,36,0.1679,0,1,1,Very High
24.189843940226048,11697.6339501541,Student,595.3599224069242,11300.47626037362,60,0.1216,0,1,1,Very High
35.269501351314666,65287.76640399915,Salaried,578.5767875261063,44576.10305263432,72,0.1308,2,1,1,Very High
50.234292744049704,24482.29925490173,Salaried,713.9155773288359,13272.785000724229,60,0.0542,0,0,1,High
33.95617647652122,84877.2569028098,Salaried,671.875859944387,107657.95646309,24,0.2518,0,2,1,Very High
51.07137711523624,64431.16642247684,Self-Employed,660.7812337337339,58504.23029637334,24,0.1533,0,1,1,Very High
21.33789746326994,27032.359968767974,Student,631.8125459597281,15346.82204741929,24,0.2443,0,3,1,Very High
26.071408114562804,24574.84095986045,Student,605.9834427654077,14272.664592949486,24,0.0831,1,1,1,Very High
38.93383632895004,38185.14340762688,Salaried,691.8451359258502,40622.82788490442,24,0.1314,0,1,1,High
52.64469192205334,25493.32675503801,Unemployed,582.1020498351891,1282.5378679298665,60,0.105,1,4,1,Very High
30.486642084119953,44761.76849400633,Student,629.9649821949636,27971.70274960695,24,0.0625,1,0,1,Very High
39.773842957825224,34084.83733031806,Self-Employed,629.6282512401889,19835.076987778662,60,0.1207,0,1,1,Very High
50.68025614189474,36930.6569094004,Salaried,631.2107515698768,43959.2725723749,60,0.1815,1,1,1,Very High
25.31563291960381,66371.6956403126,Salaried,641.2199826621572,88618.46241384593,48,0.196,0,1,1,Very High
57.07599872219275,30183.067002386273,Self-Employed,655.1569043454554,17323.322908584574,72,0.1574,0,1,1,High
43.10653532785035,61814.26139299671,Salaried,613.0997370694714,30976.84965853153,48,0.2501,0,2,1,Very High
35.33221201820062,91702.17159326862,Salaried,660.558321095388,59197.75559695645,36,0.1896,0,2,0,Medium
19.269404725492755,18325.621356681953,Student,581.8999741047004,9578.845501110518,24,0.0773,0,1,1,Very High
20.0,18445.389084244955,Unemployed,636.1167486555469,10060.862549682854,60,0.0545,0,0,1,Very High
56.80259153495025,66631.93560632362,Self-Employed,687.1593798698757,48775.820657025426,72,0.1982,0,2,1,Very High
51.54247355560979,51227.66518699701,Salaried,602.721747542519,1000.0,84,0.052,0,2,1,Very High
45.18278877523302,63117.311520135976,Salaried,569.5127270860409,27389.035730008,60,0.2309,0,3,1,Very High
38.162071109145685,45244.650612481746,Self-Employed,706.4345790929514,55333.036813223545,24,0.1848,0,1,1,Very High
24.612618404622317,17601.93582691116,Student,559.9327762082277,19767.782597216705,84,0.1123,0,0,1,Very High
39.346281548689966,56039.03145405608,Salaried,674.712875288867,55351.55846236249,36,0.2238,0,2,1,Very High
47.509773180476344,62965.58953702327,Salaried,634.9323316431024,3430.2169985016517,72,0.0054,1,0,0,High
35.02347292258822,56281.718854008635,Salaried,646.7500837845769,46220.4577275511,36,0.2071,0,2,1,Very High
25.464600181947972,79109.33249433382,Self-Employed,651.5848163785942,25052.8056171982,48,0.0817,0,2,0,Medium
24.54458760396876,18226.042972080366,Student,605.4755981780213,2241.2519823239836,36,0.0623,0,2,1,Very High
49.086093129869155,19062.29212161512,Unemployed,614.8554628174089,18651.196086186384,84,0.0978,1,0,1,Very High
41.850308109237055,39470.57896860692,Salaried,724.5552516248543,3547.993605375712,24,0.084,1,3,1,High
27.96855447451032,15901.483795352038,Student,582.3976089335672,9529.88106115828,60,0.0599,0,0,1,Very High
26.809806668431822,15834.943961005403,Student,596.9665311675183,6550.151560914927,48,0.1164,0,3,1,Very High
39.09921074552215,23840.824188060193,Salaried,735.1964940102652,30198.899294665596,84,0.2017,3,3,1,Very High
41.3061560106022,16590.896148933753,Self-Employed,600.563000149064,6606.291900974819,12,0.0898,0,2,1,Very High
23.693403203135887,84686.5807920167,Self-Employed,581.6940318197312,54692.16422267171,12,0.0646,1,0,1,Very High
46.271246234844234,3374.252589679665,Unemployed,665.0485052939279,1000.0,72,0.0296,0,0,1,Very High
23.932281174906983,17446.613364427278,Student,577.4273229313309,11066.201741323157,24,0.1634,0,1,1,Very High
47.18780200918999,9661.044899361013,Unemployed,579.5330527235318,3002.246471278924,48,0.0311,1,0,1,Very High
28.47837339693782,51402.12111838183,Self-Employed,687.9510419193398,26815.318107761945,36,0.1522,0,1,0,High
36.19446958506103,31197.4565158589,Self-Employed,621.5313390439576,1132.3137804324697,24,0.0036,0,0,1,Very High
35.909647233652876,45233.15035547694,Self-Employed,687.0927662954766,15063.392306155733,48,0.0333,1,0,0,Medium
50.22570822256354,109241.11355838983,Self-Employed,649.5922850663729,52030.47185023591,48,0.2476,0,2,1,Very High
38.75636003737627,34932.440239635296,Self-Employed,585.6536738227296,12882.15827606657,24,0.0369,0,0,1,Very High
44.957950661446084,10736.506102175865,Unemployed,576.7552937399678,4552.378557470316,60,0.0674,0,1,1,Very High
34.37747064760545,35204.291533673335,Salaried,631.1907353119768,41018.93281572376,48,0.1665,1,2,1,Very High
22.671452217475068,14315.70485835721,Unemployed,539.0202552448465,7803.138209649347,24,0.0795,0,1,1,Very High
36.96767515130407,14007.977922691542,Unemployed,639.7538449435477,17234.786461965847,72,0.148,0,1,1,Very High
29.172888489940323,21404.696058217054,Student,560.0335864167557,15734.284732617849,72,0.1235,2,2,1,Very High
32.14602431278176,11946.629489841609,Unemployed,554.9548946793176,1000.0,12,0.0084,0,0,1,Very High
43.58673012080341,22454.120718623966,Unemployed,599.9656122818398,6997.834946081334,48,0.1312,1,1,1,Very High
41.23742491733692,61812.623765887816,Salaried,702.5131873432684,53045.4206726414,12,0.1483,1,1,1,High
58.65288578230721,61053.62900578381,Salaried,603.8114156503792,41397.78911746101,12,0.0678,1,0,1,Very High
42.49249426161181,62375.50345307915,Salaried,592.2065528613128,39568.37492454354,72,0.1134,0,2,0,Very High
40.181811089178176,50217.5521591997,Salaried,695.5102766647168,27374.510933759815,36,0.0795,1,1,1,Medium
39.97582180154378,93037.0847652796,Self-Employed,684.381121774702,112919.59765764947,48,0.1839,0,1,1,High
38.26096255660451,64311.26037271734,Salaried,703.4313809799,35738.50361865187,48,0.0556,0,0,0,Low
40.04539165239092,92712.20009002976,Salaried,683.8168258784965,49640.07094665739,60,0.1285,0,3,0,Low
40.89895490981917,67794.99944209684,Salaried,682.8417666928327,53433.74601289309,60,0.1788,0,4,1,Very High
49.69358546040435,48422.263582764164,Salaried,654.0435445132027,16651.65805381233,84,0.1344,0,1,0,Medium
52.88780629542559,43902.40195428679,Self-Employed,588.7077460591689,47246.64630620747,36,0.1701,0,1,1,Very High
44.53150028689316,49880.088430286785,Salaried,625.2699853232583,27007.59970969516,72,0.3541,2,3,1,Very High
46.146301827950964,24792.598298655746,Self-Employed,640.1509482758095,19919.899920727235,60,0.0803,0,0,1,Very High
39.344796963274476,41724.76900878841,Salaried,658.6698623151755,11773.695092658278,60,0.0282,1,0,0,Medium
45.6988575989751,95570.59168987861,Salaried,708.3477426526507,22972.023457821317,36,0.149,0,2,0,Low
18.0,20435.656671686866,Student,668.688385570214,9585.007097261374,36,0.1719,0,2,1,Very High
50.69740810513301,69632.57425456202,Salaried,644.2223966282231,63524.9101451039,12,0.2162,0,5,1,Very High
43.990980752989074,92040.78496344067,Salaried,654.2275200731262,51209.56593244879,60,0.0556,2,0,0,Medium
33.05098564192935,53491.6262024408,Self-Employed,629.2904567619207,35443.83983563579,60,0.2538,0,3,1,Very High
19.42813447194459,20314.884996928522,Student,648.0939716390894,29501.86987342561,60,0.4452,0,3,1,Very High
47.870683995782734,59140.41327586764,Salaried,653.493532728152,50603.980129221425,48,0.0856,0,0,0,High
25.36280027662791,92151.51488515166,Salaried,681.1081805077052,74517.4610412492,36,0.1309,1,2,1,Very High
50.51267274314325,9006.034139738007,Unemployed,700.7843516543254,5755.010521621109,72,0.1639,1,1,1,Very High
54.9771423657881,58882.02034255283,Salaried,639.2327541568231,43391.77519151941,48,0.1362,1,1,1,Very High
32.26714583281987,54246.748461939555,Salaried,676.6460061008655,52043.14041762353,60,0.2834,0,3,1,Very High
44.32134747746289,91128.88890011067,Salaried,632.7123322838302,93972.24086836135,36,0.1281,0,1,1,Very High
25.2603969503967,3000.0,Unemployed,611.765313463707,1000.0,48,0.0583,0,1,1,Very High
48.61800959167665,12594.065189847375,Unemployed,649.6779906077801,13666.666966282857,60,0.1335,0,1,1,Very High
23.0,36023.55775395227,Self-Employed,648.0934856963441,24466.46110904326,48,0.0929,0,1,1,Very High
27.55881304941068,58976.666488256385,Salaried,582.8300394075043,9079.439794408103,72,0.2654,0,4,1,Very High
23.05842651492681,43752.21815192273,Self-Employed,624.2785045938165,26855.82010296157,60,0.1614,0,1,1,Very High
44.87531357308001,77075.64880936923,Salaried,745.4392060569828,53325.22593742075,24,0.1942,0,5,1,Very High
51.0322871644811,11471.042308738874,Unemployed,628.989637342294,8815.59446613345,36,0.1394,0,1,1,Very High
32.81031507324848,15216.356598446986,Unemployed,606.6109550949449,16259.984062392357,60,0.1319,0,1,1,Very High
42.56899691227421,11142.01552943272,Self-Employed,643.4078076751665,7264.597388461051,60,0.0652,0,0,1,Very High
26.26213710623378,22515.206835879646,Student,574.0437414713579,21972.887072790054,48,0.1601,0,1,1,Very High
25.336204022589286,68206.23744278324,Salaried,671.994695003442,50305.16044527321,72,0.0738,0,0,0,High
45.48404894222022,56889.20481720614,Salaried,702.5508926953714,51021.10072929203,60,0.0897,1,0,1,High
30.657842190773394,77616.17992003188,Salaried,670.1018428090607,20936.734800691676,36,0.077,0,2,0,Low
35.56078017644201,94942.28916995355,Salaried,656.1525613067008,47441.04119890016,60,0.2375,2,3,1,Very High
34.675269623527335,18086.431760506326,Unemployed,608.1843982230951,19684.41108296407,24,0.2338,1,2,1,Very High
48.3538034502372,30006.5450058513,Self-Employed,664.1996494103076,3940.379240641343,36,0.0131,0,0,0,Medium
26.476912736822467,44888.1474347139,Salaried,681.4119800304526,20255.07894247071,60,0.1701,0,2,1,Very High
40.3737147554895,36575.63617748863,Salaried,683.0214323030639,52702.33469811347,12,0.1441,0,0,1,Very High
52.637320971113986,97134.1679038138,Self-Employed,671.0693030280701,72081.6411665513,60,0.0742,1,0,1,High
18.0,25127.278519435666,Student,592.0662866262306,8303.529524610463,36,0.2205,0,3,1,Very High
21.06340700895222,23472.930123122936,Student,608.289097268011,14965.690194812994,60,0.0638,1,0,1,Very High
46.20088903409096,31997.324028931744,Unemployed,572.793943931208,23860.446519355737,24,0.1371,0,1,1,Very High
48.534339740912976,19203.630513635675,Unemployed,640.4256010410296,17095.669961145635,24,0.1515,0,1,1,Very High
35.80013908436662,16632.084075331964,Unemployed,637.2082228864928,6577.889508492067,48,0.1645,1,2,0,Very High
36.329379748203415,65450.40180406295,Salaried,644.5967662354215,20995.731092885104,36,0.1571,1,2,1,Very High
23.211881495888164,16109.276457700833,Unemployed,600.5204690578884,10988.033473493848,48,0.0682,1,0,1,Very High
30.105219878418637,17406.246972324123,Unemployed,570.7840713353403,10668.12891784768,24,0.0613,0,0,1,Very High
46.628482466232256,55403.75620287055,Self-Employed,669.7715796008752,69330.00307418079,48,0.1251,1,0,1,Very High
52.52761310510386,44002.95520886617,Self-Employed,624.5460969624352,20445.817021786006,72,0.0465,1,0,1,Very High
22.576594104466714,13844.159163230244,Student,556.3905074936958,17265.5678784615,84,0.1247,0,0,1,Very High
35.90151975746067,112083.19631044274,Salaried,681.7283868727973,103931.40073063812,24,0.2927,0,2,0,Very High
18.0,17561.16629974238,Student,609.5899445452504,14917.976052573373,48,0.3849,0,3,1,Very High
23.539545943183274,18857.66500003005,Student,546.0369739088379,12663.015023210017,48,0.0922,0,1,1,Very High
46.94824712045263,73357.41219683053,Salaried,721.8788829534731,25279.912111812493,36,0.2345,1,2,1,High
27.721608580958407,7435.844111594819,Student,609.6000307453944,6287.9429232558905,48,0.2096,1,2,1,Very High
45.06103516872937,54557.20170180713,Salaried,642.4091970601039,86477.94476504781,24,0.1585,0,0,1,Very High
36.9883289556888,39903.81365713834,Salaried,688.6825832651365,3199.1015655489173,12,0.108,1,1,1,High
40.66872067954079,54723.108181592244,Self-Employed,639.7933117332977,46754.9115777087,60,0.1479,0,1,0,Very High
29.340801757550967,35682.89764060441,Self-Employed,592.7485967346576,22042.993579686976,48,0.1618,2,1,1,Very High
31.600970043795982,56150.541142999784,Salaried,695.9514063151917,69744.7208562276,36,0.1867,1,1,1,Very High
40.75376502655186,96232.03904720265,Self-Employed,666.9119637815219,65356.43444751471,60,0.1179,1,2,1,Very High
19.0758326326256,21390.301697243485,Student,594.2756322570808,19614.38038793647,48,0.1542,1,1,1,Very High
54.048862508693055,39059.31182643204,Salaried,645.7650155171788,27171.15597174422,36,0.1946,0,2,1,Very High
18.0,17702.818589693965,Student,620.3666524740783,23758.50416633864,72,0.2592,0,2,1,Very High
24.733019359485475,10797.277023074337,Student,619.5183885069415,3911.677737350275,48,0.1612,0,5,1,Very High
20.604274995866316,25935.45570816996,Student,579.9768712295619,27647.18647714651,84,0.2066,2,1,1,Very High
34.077780051515184,13748.719520282912,Unemployed,604.4956135771074,5382.154675166546,36,0.0391,0,0,1,Very High
34.36938304238743,86514.45934988384,Salaried,673.1694567372602,65890.73204588059,84,0.0762,0,0,1,High
23.42871459967409,6377.970089296761,Student,578.475105700426,4080.0675571869606,48,0.064,1,0,1,Very High
38.895308562324104,25452.115129288315,Self-Employed,626.3269391160449,8513.267697189387,48,0.1334,0,1,1,Very High
31.632367844556043,57714.768766415145,Salaried,666.7015154895936,24827.969576399206,72,0.1055,1,1,1,High
19.849327190305075,14163.272119611946,Student,599.389891965988,7334.725743064495,60,0.0768,0,1,1,Very High
45.49431070723224,13470.910083354189,Self-Employed,633.203242169419,8557.087863709268,48,0.0635,0,0,0,Very High
53.84272125274168,38801.5989361466,Self-Employed,649.9751084584007,43409.13385408968,12,0.2119,1,1,1,Very High
49.30305945509635,83604.1841324624,Salaried,614.258543924165,60658.49599295447,60,0.0976,0,1,0,High
54.89295272175358,15812.256451569263,Unemployed,578.9439448766195,10985.968527272351,72,0.1945,1,2,1,Very High
40.684945341596986,62796.38156609023,Salaried,649.059165774885,26379.841655641503,84,0.167,0,2,1,Very High
45.225485569776524,41838.013361206526,Salaried,687.2709090732038,32619.33772061237,48,0.1405,1,1,1,Very High
43.884643007913255,87359.35282051489,Salaried,724.7855996840078,100108.51958987337,24,0.3146,0,2,1,Very High
35.63218428719798,42784.97317890924,Salaried,678.269666909915,32215.825089561535,36,0.2003,1,2,1,Very High
26.082039734686447,13620.826642137385,Unemployed,671.1219578714332,10532.652391772797,24,0.1398,1,1,1,Very High
51.998201636944856,17899.02945197018,Unemployed,623.9451200990449,13374.450063058957,48,0.1997,1,2,0,Very High
47.79009590223812,55829.49485085901,Self-Employed,689.2645841466771,40162.03142372993,84,0.1344,1,1,0,High
29.412333898759336,27272.370936696574,Self-Employed,601.885606943268,25333.59786658022,12,0.2179,0,2,0,Very High
56.92452693957981,86194.54034469549,Salaried,711.2174084562961,5734.862685186694,36,0.0067,0,0,0,Low
22.885553766544536,17326.305450730764,Student,624.363025382235,12856.278336631187,72,0.1242,0,2,1,Very High
51.710879768132266,80794.00228051054,Salaried,565.6128297689387,14993.07560019593,60,0.1186,2,1,1,Very High
21.245911231684826,17499.90073389925,Unemployed,658.4246109512217,19858.501216476147,60,0.1135,1,0,1,Very High
41.44544490441498,69657.6355703245,Salaried,665.2346246270592,69239.99301985567,24,0.0994,1,0,1,High
22.94516232818482,22625.983287987892,Unemployed,568.506589737867,14312.909193410358,48,0.3633,0,3,1,Very High
37.17659271599807,62942.98975087871,Self-Employed,605.2838699044734,91762.42346792707,36,0.2458,1,1,1,Very High
32.18491917037657,31765.01858523931,Self-Employed,648.5331441944821,37325.50823147992,60,0.18,0,1,1,Very High
29.557696782501964,17290.835835638023,Student,577.7351791191847,9343.862398431065,36,0.1165,0,1,0,Very High
41.80547369876405,50371.134868822584,Salaried,524.759789154303,35983.55032420026,60,0.0714,0,0,1,Very High
34.07890872836484,56110.447171023814,Salaried,639.1331835321704,46593.95870482724,84,0.133,0,2,1,Very High
49.146616289075915,82345.71020355262,Salaried,639.5047071788114,68412.27974295434,36,0.0831,0,0,1,Very High
42.675392698269405,7117.747719483692,Unemployed,606.2517102561974,3781.714574324709,48,0.0531,0,0,1,Very High
30.208525834231068,47200.41876051658,Salaried,629.530289822948,10706.15564559327,24,0.0477,0,1,0,High
26.644503376177408,9346.224122346155,Student,630.1069124221157,8986.980417912133,48,0.2212,0,2,1,Very High
34.76835791881384,74838.20244039604,Self-Employed,615.6945788671633,50070.38779648117,12,0.0669,1,0,1,Very High
47.43929075991909,75618.06387591313,Salaried,630.0072810314888,44462.10877728883,36,0.1088,1,2,1,Very High
40.10024043341015,33058.785098736524,Salaried,631.5932135284565,23601.937412121286,72,0.1214,1,2,1,Very High
61.54889916378643,50910.20671260213,Salaried,663.6463818165781,1000.0,60,0.052,1,2,1,High
48.369431743480085,66584.85668819354,Salaried,657.337143827552,42889.02503388516,24,0.1269,1,1,1,Medium
52.525003470459396,75589.69932839044,Salaried,693.0595339232384,24842.379952439052,12,0.1579,1,2,0,Very High
21.73740613880007,17730.86901919091,Unemployed,625.8729672640053,3348.8212307797594,24,0.0689,1,2,1,Very High
30.54281977376047,30010.564004078307,Unemployed,618.4302652337145,31576.634148157296,36,0.1052,2,0,1,Very High
20.0,21599.360608576928,Unemployed,579.9701217029798,6553.017847737292,60,0.2803,1,4,1,Very High
32.988134152939665,8922.381781897002,Unemployed,646.0277239115451,6342.3226085879905,36,0.0711,0,0,1,Very High
52.125548161194146,81487.02183544124,Self-Employed,616.3786759051029,80356.83129989308,24,0.0986,1,0,1,Very High
18.31521931854985,22345.23414644156,Student,592.1934349170788,19645.291956179466,24,0.0879,0,0,1,Very High
18.0,11757.691443582135,Student,577.0501375094886,7194.787857296442,48,0.0862,1,1,1,Very High
23.852391312145574,88993.070300993,Self-Employed,681.8960293143316,101591.0108826857,12,0.1142,0,0,0,High
20.0,6241.035565341193,Unemployed,619.9478995710355,4430.586832215271,60,0.196,1,2,1,Very High
50.11226579792855,71040.3336447982,Self-Employed,644.6418176595369,61413.94008504333,36,0.1364,0,2,1,Very High
18.931453662014498,7276.874299775731,Student,575.6808183987705,5103.869968675829,48,0.1201,1,2,1,Very High
32.87640729138069,70917.82562378491,Salaried,759.8860694609035,30264.385705853536,24,0.1677,1,2,1,Medium
30.362779504677803,75719.28540855118,Salaried,624.7394405692079,104237.25189768375,36,0.2627,0,2,1,Very High
42.841050813709565,62655.969391805,Self-Employed,598.7659942195755,50913.40979188299,84,0.1063,0,1,1,Very High
38.648586662578175,74506.45745757577,Salaried,684.5379165786404,47298.92848857114,48,0.0635,1,0,0,Low
30.970961068691835,81800.62589393699,Self-Employed,616.0544035593598,1000.0,24,0.0262,0,1,1,High
39.869577140737945,32356.05754215076,Self-Employed,694.6902353505677,26067.030964619036,36,0.0806,0,0,1,Medium
18.725596610952724,20380.57286202141,Student,630.6723180278507,1754.6873857914543,36,0.0586,2,2,1,Very High
26.704595693784267,21678.190403556175,Student,637.2531976151357,22061.82002088662,84,0.2018,2,1,1,Very High
29.207488619816907,34464.07706231628,Self-Employed,627.2200311196625,20887.770720574375,36,0.1606,0,1,1,Very High
40.60036485121149,88304.06707255481,Salaried,646.8240036854985,26684.712133547553,72,0.0302,1,0,1,High
57.84908383613223,26009.442176165277,Unemployed,646.7026032304348,11327.806937325517,72,0.0436,1,0,1,Very High
42.72495070928767,20636.04324965855,Unemployed,487.3789625911527,18302.35703441893,84,0.1137,0,1,1,Very High
24.532774388587544,88437.54179523751,Salaried,609.5593843929897,84180.83737728532,24,0.1577,0,1,1,Very High
44.70485920425937,81307.59797812463,Salaried,695.7476290863093,47994.55849833775,24,0.084,0,1,0,Low
37.5439185772394,32141.712900049373,Salaried,667.2865686789415,1000.0,72,0.2531,0,4,1,Very High
22.142060426019793,15427.74446376622,Student,598.7828184651927,8954.271400256419,72,0.308,1,4,1,Very High
27.100533073749432,31167.865155117965,Self-Employed,617.4187155254027,3962.045863397121,84,0.0127,0,0,1,Very High
21.387438791017626,27027.570453807726,Student,609.980818223161,27937.506880648667,12,0.1659,1,1,1,Very High
48.38839266050309,53387.17769303148,Salaried,590.2032955179553,37578.50072580166,36,0.0704,0,0,1,Very High
43.9494790996087,12378.794767614198,Unemployed,617.4641571236746,13171.004288728334,36,0.1689,1,1,1,Very High
45.215484312974084,71161.24846117166,Salaried,647.2366598700554,58840.81715801754,24,0.2702,2,3,1,Very High
18.809083900925913,20670.024000498397,Student,571.1974144331143,13094.675293254342,24,0.0634,1,0,1,Very High
42.26945833451401,15473.26159144744,Unemployed,683.9469198246683,10594.914665086639,60,0.0685,0,0,1,Very High
55.1424810979423,40616.16365465303,Salaried,685.1800697754418,40751.19765363505,24,0.2003,1,4,1,Very High
57.15409108264622,18233.780745980202,Unemployed,573.2494634417467,18638.626064021573,60,0.1272,0,1,1,Very High
26.601137426184167,65947.91177701084,Salaried,654.7197345379509,29084.827248562484,36,0.0441,1,0,1,High
47.309310421197004,31623.689249037674,Self-Employed,658.0950520037679,36160.81191157766,36,0.1143,0,0,1,Medium
46.82326684680222,38624.08268983243,Salaried,581.2802681582301,25801.00951925494,72,0.1918,1,2,1,Very High
49.26926095792265,94090.45122000908,Salaried,608.71446241902,1000.0,24,0.0011,1,0,1,High
26.66602832691717,95306.61022170157,Salaried,591.9396383344825,41733.49919299675,60,0.0438,0,0,0,Medium
52.1581579126336,75842.14581558986,Salaried,629.6364935991579,99919.91249737746,60,0.2817,2,6,1,Very High
28.8809451827396,19555.031370222605,Student,585.0280604522319,9700.547488309434,48,0.0746,2,1,1,Very High
36.96163053368967,64496.67397679863,Salaried,661.2197200852544,34831.718209578685,84,0.079,0,1,0,Low
18.0,19744.99313176978,Student,569.0511578108142,15093.955076506612,48,0.1014,1,1,1,Very High
40.5800872879955,71079.53662584472,Salaried,678.9257834781166,35186.86931424269,48,0.0495,0,0,1,Medium
42.5901847279226,49562.46015620476,Salaried,583.2318371168459,13680.546314296931,24,0.1526,1,2,1,Very High
20.0,11841.498831096822,Unemployed,607.6823317608026,1000.0,48,0.0084,0,0,1,Very High
50.005099620907146,7188.10956496126,Unemployed,609.7886130073318,1931.9311173007004,60,0.1519,3,2,1,Very High
31.97981288966105,53398.43331831057,Self-Employed,662.9444390059028,11867.52885355844,48,0.0847,0,1,0,Medium
35.367234695831726,90490.06312686944,Salaried,631.9261409403763,54952.12198185656,60,0.1107,0,2,1,High
25.007693198886482,19259.49528282107,Student,599.1057339229485,19847.13362333323,84,0.1031,1,0,1,Very High
46.40715025680265,10258.434019130862,Unemployed,664.7679925863072,13683.072377777922,60,0.1334,2,0,1,Very High
37.41122474269163,51847.946591737506,Salaried,637.772490612955,39852.279790893255,48,0.0769,0,0,1,Very High
22.201139569941752,28862.037303485366,Student,605.2928200553507,5692.05277556733,12,0.0197,0,0,1,Very High
44.5721747481523,60337.449642738706,Salaried,610.3535564558742,38771.60003422912,24,0.1643,0,1,1,Very High
41.42636226727156,61556.45455613885,Self-Employed,664.0930196368224,19846.050628785793,60,0.1322,0,1,0,Medium
42.44920625072805,28805.371663606697,Unemployed,611.0092603819129,18778.56953575046,36,0.0652,0,0,1,Very High
20.295930777274524,11101.456324195657,Student,634.4307656109104,8297.48297235501,72,0.2747,0,2,1,Very High
51.3815284814805,26199.227115705824,Unemployed,626.5105939086948,19400.421905320978,48,0.124,0,2,1,Very High
39.13674719419101,95048.754096296,Salaried,697.0160493209781,107704.71979374578,84,0.1133,1,0,0,Medium
37.06052336478518,72073.2863564458,Salaried,640.5921467284816,36183.40941897585,60,0.3502,1,3,1,Very High
28.704437616790415,83039.06932081272,Salaried,665.8118073834117,49567.95814370061,24,0.0597,3,0,1,Very High
31.44082677709494,56353.301307850845,Salaried,654.2104485938322,40929.82352150693,12,0.0726,0,0,0,High
37.99999538850571,58445.94218255178,Salaried,616.6135606099617,50861.97910431716,48,0.1495,0,1,1,Very High
37.69703368008653,3000.0,Unemployed,624.3327257712784,1609.9212762235554,48,0.1537,1,1,1,Very High
48.70070936946047,9473.42215015005,Unemployed,650.4902749604823,7715.621546266754,48,0.1439,2,1,1,Very High
39.41613019355686,52575.78641938764,Salaried,599.503904058994,25572.191464949025,84,0.0486,0,0,0,High
34.77995594531943,76486.99185049537,Salaried,662.3020154175408,15323.271666446006,72,0.07,2,2,0,Very High
22.70244267998962,9071.987883062895,Student,607.9638565734608,2294.717391056546,72,0.0253,0,0,1,Very High
29.864190470851753,23797.71207060858,Student,635.8971304844724,16778.34189071124,60,0.1705,0,1,0,Very High
24.713378416757877,13899.942579177165,Student,652.6709166115368,11163.472339975806,60,0.2803,1,2,1,Very High
38.73745308677069,41888.72887061232,Salaried,725.4747055017066,18968.919706437562,36,0.0703,0,1,0,Low
20.728515866186516,13743.404696021515,Student,609.192707529618,4665.184032048675,12,0.2839,2,4,1,Very High
34.77830066208256,31849.906283024746,Self-Employed,610.8686430674936,14557.702319533739,12,0.1207,1,3,1,Very High
36.793152832584084,53357.35790591565,Salaried,630.7396210314176,61722.28911734659,60,0.2407,1,2,1,Very High
44.71414141931277,57094.125361781065,Salaried,663.3335362957915,16473.262278734954,48,0.0289,2,0,1,High
50.99002751843101,71350.48652957146,Salaried,620.2835848330377,26172.623533362923,72,0.0867,0,2,1,Very High
32.66480551108572,31412.273747314906,Self-Employed,651.5912861184571,19695.517896702204,60,0.1877,1,2,1,Very High
27.173611979142365,11444.106158543682,Student,560.0911298507108,3757.0303588114,36,0.1328,0,1,1,Very High
47.82273812281237,17229.719364676013,Unemployed,579.770199068789,6382.7392310079,72,0.087,2,2,1,Very High
26.605350632180603,25028.199965011678,Unemployed,627.0287901994878,17545.313641917273,60,0.1701,0,1,1,Very High
59.13375061623754,10390.919516654192,Unemployed,578.1692894605752,5559.35359626726,48,0.1535,0,1,1,Very High
23.903770776356208,7826.427565602458,Student,582.70481964186,6298.812980405825,72,0.143,0,1,1,Very High
25.91516553935513,6712.132499408806,Student,625.3319249970156,3118.728948279739,72,0.3465,0,3,1,Very High
50.24356411585492,18271.45375484237,Unemployed,605.763687025635,1000.0,36,0.0305,1,1,1,Very High
35.376298255216824,17856.493625968444,Unemployed,604.2076666151238,1000.0,24,0.1306,1,2,1,Very High
55.6288584410766,23225.467478551906,Unemployed,674.9320742649651,16594.71881176058,48,0.2215,1,6,1,Very High
51.8986284326338,17788.664435846862,Self-Employed,679.6251838845491,22334.488393255797,84,0.3256,1,2,1,Very High
41.68957623538788,98566.12289718675,Salaried,604.6983571834583,106815.55429762848,72,0.1709,1,1,1,Very High
35.57777687276908,12844.299988710789,Unemployed,665.5224768287778,14983.5923556327,48,0.1667,0,2,1,Very High
33.32103310140162,14654.495798679312,Unemployed,606.8991301543415,4179.216208865317,60,0.0285,0,0,1,Very High
47.451444407024866,68742.83973540431,Salaried,607.6660181605058,94909.11202071299,36,0.2381,0,1,1,Very High
29.707735581694987,48394.9313265957,Salaried,683.1436186001127,40949.37872457589,36,0.1846,0,1,1,Very High
52.92964281517775,75675.93128701362,Salaried,680.8262013266684,63565.15076978253,24,0.084,0,0,0,High
42.40995799505453,37538.26921959559,Salaried,631.106086499015,12627.328780631993,24,0.1586,0,2,1,Very High
60.24889459723956,8414.360271184909,Unemployed,597.9616198695887,8949.989832131456,12,0.1064,0,0,1,Very High
47.486483068867415,54064.43155471553,Salaried,668.5618937765624,6637.429752337721,60,0.0748,1,1,1,High
33.42687698426568,56320.06605818796,Salaried,689.9830386776864,63247.365784999114,24,0.1373,1,1,1,High
48.37754403715476,100951.89044868629,Salaried,680.8361844563758,63268.3007147328,48,0.0627,0,0,0,Low
24.997278273415155,15350.556847582808,Student,611.7237089012079,8226.39246621775,24,0.0536,1,0,1,Very High
27.104758672427455,17841.937121313185,Student,585.8881759790222,9628.782766150842,48,0.079,0,1,1,Very High
48.3063052553798,83182.7437637462,Self-Employed,657.0311477800185,65143.420002113664,24,0.3783,0,3,1,Very High
63.85923432595255,14219.79225751703,Unemployed,600.6494198031653,17652.723503841364,24,0.1241,0,0,1,Very High
23.46010847201985,9551.807083508113,Unemployed,594.8259528364468,8870.157870904066,60,0.1429,0,2,1,Very High
22.84314641403623,28178.10405063284,Unemployed,632.6925551403702,20324.43533384192,72,0.3221,0,4,1,Very High
39.37620038255893,54411.93919955857,Salaried,640.5817223222504,41335.82926992078,72,0.101,0,1,1,Very High
20.0,6842.292195852374,Unemployed,586.5368219519854,5846.405359908264,48,0.1479,0,1,1,Very High
22.74876394437103,7797.543192070672,Student,584.4468713485604,2313.1946821209713,24,0.3297,0,3,1,Very High
48.794422025226474,49684.94577657696,Salaried,568.2813550136142,38393.74338976417,36,0.2773,1,2,1,Very High
39.98940835884041,67289.86137767736,Salaried,694.4810399510844,1000.0,72,0.189,0,3,1,Very High
58.623223107814766,29768.160350499933,Self-Employed,695.4872705945368,19273.397302148278,36,0.0897,0,1,0,Medium
47.91681025832815,99226.73759636923,Self-Employed,708.507640994194,57076.41126860359,72,0.0825,0,1,0,Low
28.7005794413749,63595.21704522334,Salaried,568.8538526103605,67507.36129595662,72,0.1062,0,0,1,Very High
58.797343100382776,57160.29270054415,Self-Employed,657.8847380468867,22793.686007689397,72,0.2399,2,2,1,Very High
18.0,21449.154800593577,Student,575.694064692939,11574.745253439029,24,0.054,1,0,1,Very High
23.046733120038702,24158.498007519058,Student,621.2276850228477,8706.348929434487,12,0.161,1,2,1,Very High
39.89891210148913,98293.23335582872,Salaried,712.048474333715,118906.20969335064,48,0.121,1,0,1,Medium
29.623728232313226,11475.760138350906,Unemployed,617.4814858184852,9935.128911989057,36,0.1491,1,1,1,Very High
37.15043101767212,60951.94475122545,Self-Employed,618.6896247019095,68193.21239924755,36,0.1119,2,0,1,Very High
51.990843420763866,63511.706257604455,Salaried,719.9249072939958,1736.9001136255029,36,0.3027,1,3,1,Very High
36.60832209207709,85371.51317056734,Salaried,696.8087080922712,36662.20059129998,36,0.0429,0,0,1,Medium
43.356452940232224,3005.2114091726035,Unemployed,659.0325191836026,1000.0,24,0.1333,1,1,1,Very High
35.77326372116204,52832.71648534199,Salaried,666.3773044247752,62498.00192991248,60,0.2183,1,1,1,Very High
36.21443811867568,64488.429538064156,Salaried,604.3941334818667,8965.492534990866,48,0.0389,0,1,1,Very High
43.676567022117126,19032.849332924052,Self-Employed,629.8670548071323,17476.527439767742,12,0.0918,0,0,1,Very High
36.38521804638819,20903.5647613858,Self-Employed,652.9689654627849,11696.355427759314,84,0.106,0,2,1,Very High
38.112324170166225,15060.709789312918,Salaried,660.7905780245756,14878.833405556521,24,0.2863,0,3,1,Very High
40.476792164821795,28345.544566948047,Salaried,695.5803421809833,4342.030061630143,48,0.2028,0,3,1,Very High
48.73308309123095,10180.647623939441,Unemployed,639.909475706731,8600.109999822895,48,0.3345,1,4,1,Very High
26.502259260857635,20810.333700518924,Unemployed,640.0373721827387,11595.867803595365,72,0.1807,1,2,1,Very High
18.0,26732.07039455689,Student,612.7376964233291,24708.417166095966,36,0.1549,0,1,1,Very High
20.429837022181836,23879.050215352534,Student,653.0251620114641,11783.238566518163,12,0.0743,1,1,1,Very High
28.060472381838878,11201.706887202783,Student,581.2383423494766,11471.920145654092,60,0.1774,0,3,1,Very High
24.97892651608221,30206.142740661417,Student,632.9022027380461,15471.206930662567,24,0.1512,0,1,1,Very High
35.596793201284996,66044.63515935115,Salaried,640.0903065641812,51536.25244689516,36,0.103,1,1,1,Very High
23.997884511989287,24826.127507107412,Student,656.2740989818452,15961.114550385722,60,0.0643,2,0,1,Very High
50.27322318706563,94370.76376608395,Salaried,616.4924049739238,53618.647566374755,84,0.1818,1,2,1,Very High
40.36748572920436,32265.687210354718,Salaried,625.3677649188726,1343.9662172651952,24,0.0292,3,1,1,Very High
36.8169393357352,66616.84458413752,Self-Employed,702.9781030499119,6015.290763401357,72,0.034,1,1,1,High
28.31929475318909,5000.0,Student,622.5476405893677,5096.408697492515,60,0.1644,2,1,1,Very High
49.64469717252961,61331.829282258004,Self-Employed,673.3778476237594,11272.43703714801,12,0.0184,1,0,1,High
41.081540198204536,36842.56468714055,Self-Employed,679.3660155294909,50713.886441119066,60,0.4377,0,3,0,Very High
44.83696834760071,77828.16772683006,Self-Employed,590.7543221698404,59015.33465162192,48,0.1383,0,1,0,Very High
32.04487748474578,40924.797334820156,Salaried,647.7746335078874,40276.23048117269,36,0.1234,0,1,0,Very High
31.526421226234334,21510.790533083436,Student,661.1336186645747,21108.309068811646,36,0.1606,0,1,1,Very High
49.501107191576594,75339.59705318866,Salaried,666.0258578290274,52452.490235517056,36,0.1321,1,1,0,High
40.86449831637657,50721.80837607318,Salaried,639.4917556059123,52688.31223179641,24,0.2289,2,2,1,Very High
18.0,13921.497386206356,Student,580.6564379750931,14283.590127559684,48,0.1026,0,0,1,Very High
29.059092683752347,58412.16925174611,Salaried,658.1098969049626,57056.00007710849,84,0.1977,1,1,0,Very High
42.18184978634105,40962.48244151799,Salaried,653.9204728646032,32461.213605630448,60,0.1042,1,1,1,Very High
57.314517918046036,25333.798503961996,Unemployed,653.244185120131,10022.634800493834,84,0.1021,0,1,1,High
43.10709211932233,9209.244203201935,Unemployed,623.9520603527925,3809.2338850558162,48,0.0664,1,1,1,Very High
39.59358628624798,7846.961157221939,Unemployed,634.5466157778745,7661.075540780532,24,0.1976,1,1,1,Very High
40.12728002545331,81688.58384701535,Salaried,658.4488415939721,39646.897053992405,60,0.0485,0,0,0,Low
36.47604306413859,53186.86202604916,Self-Employed,679.5645387352502,23682.066241925742,12,0.1445,1,1,0,Medium
34.11485532786318,86704.72620136332,Self-Employed,678.2405957907205,56484.78650390029,72,0.1276,0,1,1,Medium
42.15980163524544,73521.91320855122,Self-Employed,685.2282093735504,14035.374192283562,60,0.0191,2,0,1,Very High
48.971134171307824,59769.22977248514,Salaried,663.2988480736461,60008.82928477902,72,0.1629,0,1,1,High
23.804595247782043,15321.238064773344,Student,609.6799251763882,8762.445945242638,48,0.0572,0,0,1,Very High
44.23437220632157,13744.9373124864,Unemployed,587.3601991886167,7870.707635531724,12,0.1323,1,3,1,Very High
30.160881214510166,52714.578574940526,Self-Employed,740.3349506415516,35709.16452730709,60,0.0927,1,1,1,High
22.4190435583275,26135.38058175514,Student,631.6419666069285,5571.473993001622,60,0.1213,1,1,1,Very High
24.430972041034337,21106.698499681566,Student,616.4973149175449,19400.60901519849,12,0.0919,0,0,1,Very High
41.09695029611438,72811.24194922841,Self-Employed,711.8386539661351,53105.808209896524,36,0.0729,0,0,1,High
38.918330969457834,44990.48706825888,Salaried,646.6501768524938,21120.01137039665,24,0.1719,2,2,1,Very High
53.18123048328643,87860.27953492929,Salaried,623.4493628252596,63905.32563982057,36,0.1227,0,2,1,Very High
36.84563302677977,51301.39316723765,Salaried,695.3527242790678,19396.442195855056,12,0.3378,0,3,1,Very High
24.26428091438195,18128.203202261382,Student,573.9975264775031,9773.201936913612,48,0.0539,1,0,1,Very High
40.34394932499976,70930.33672345037,Salaried,614.583160058545,43915.35731797205,60,0.3619,2,3,1,Very High
41.71790833331024,54980.272456666775,Salaried,654.5975553539079,20698.160500784026,84,0.1626,0,2,1,Very High
21.39229616878305,19623.652016394866,Unemployed,550.5901027637739,8462.074969642701,24,0.5431,0,5,1,Very High
36.32662928981902,17387.163218915943,Self-Employed,711.7302922221205,5002.147451597626,48,0.1538,1,2,1,Very High
29.199418586145267,28770.766045266595,Student,592.6536414568761,12048.86908044293,60,0.1669,0,2,1,Very High
41.18281202020866,12672.289538384322,Unemployed,616.5899373474265,5193.0386142724965,48,0.291,0,4,1,Very High
41.39442519115288,55283.35337716287,Self-Employed,619.4292481627732,7284.179986942565,48,0.1382,0,2,1,Very High
50.25390760908619,11716.325470275186,Unemployed,584.696973380762,3570.1889491960774,24,0.0805,0,2,1,Very High
19.424409613817353,12522.004950753073,Student,544.9877769388573,7077.9438441636885,48,0.0565,0,0,1,Very High
23.628931373744773,16327.74195178064,Student,642.5981037033989,11574.61328351305,84,0.0709,1,0,1,Very High
48.078015118058595,17022.055268417556,Unemployed,657.2592898775694,17749.97051317256,48,0.1043,2,0,1,Very High
42.07886252914571,62517.49836030866,Self-Employed,634.6469193777588,47021.62209597367,48,0.0752,1,0,1,Very High
26.155786157806993,24648.927599744817,Student,640.9213827220013,15763.225138685326,60,0.089,0,1,1,Very High
50.10907460284011,60507.355874893205,Salaried,670.6268363390084,46216.19464142346,48,0.0764,0,0,0,Medium
40.97706683406457,69878.8101476707,Self-Employed,679.5401365633345,58205.02690876009,24,0.0833,0,0,0,High
59.28603119135763,19330.768007888808,Unemployed,680.8975905037365,1000.0,36,0.0052,1,0,1,Very High
37.08581976197301,16029.746724481913,Self-Employed,600.569441531811,16630.30323132233,48,0.3037,1,2,1,Very High
39.09201388440313,85753.2920596854,Salaried,620.5638602572008,87095.10950870533,24,0.1016,0,0,1,Very High
42.79024126645726,70378.21998719679,Salaried,652.6265850019925,61145.97284449536,72,0.1869,0,4,1,Very High
19.393383223326623,18736.25506751515,Student,595.5062270839409,15851.178622607535,60,0.1096,0,1,1,Very High
32.536147952588244,94491.72214650587,Salaried,646.2564695162421,9267.549196655782,36,0.0098,0,0,1,Medium
34.762811631091914,9562.962945883544,Unemployed,642.4337069530623,5059.846977773332,60,0.2404,2,3,1,Very High
47.87954462667488,66522.10938684168,Self-Employed,679.5086435781501,37262.85513423033,36,0.156,1,1,1,Very High
46.58108544436061,27645.11553963847,Unemployed,657.0930941651233,6225.720735419897,60,0.1225,0,4,1,Very High
35.65094864683425,94731.2650797298,Salaried,650.6248143298837,97302.56690727982,72,0.2027,0,1,1,Very High
23.11984612560343,19536.315895772055,Student,596.889072166751,8288.351873403462,72,0.0424,1,0,1,Very High
40.16879382798945,14636.669677922704,Unemployed,697.497952095476,1007.3938037843063,48,0.0069,1,0,1,Very High
23.524729818066476,23090.119131453408,Student,677.5901472093497,7241.909017934179,48,0.0939,0,1,1,Very High
18.0,14568.892362034201,Student,632.3415288234477,8509.512021644772,60,0.1084,0,2,1,Very High
20.0,9699.906790420428,Unemployed,642.4706812829314,1000.0,36,0.0603,0,2,1,Very High
23.528793138835887,9243.996903513578,Student,535.4512384397715,6502.091219607876,60,0.0703,1,0,1,Very High
40.24494291580601,4754.018131879124,Unemployed,597.286229800357,1246.154184956967,12,0.2137,0,3,1,Very High
46.6392865442863,66296.08904052863,Salaried,626.401372465432,49980.76697876772,36,0.2754,2,2,1,Very High
42.61467513940097,67622.76182682868,Salaried,670.3940543573817,62383.81859181732,48,0.3423,0,4,1,Very High
29.88457969104578,67361.53596491471,Salaried,642.6019523987039,40723.6659829213,24,0.1605,1,4,1,Very High
42.82283514914377,18716.930884349003,Unemployed,566.5117823341463,9123.518350787344,24,0.1112,1,1,1,Very High
34.08485819672721,69840.62291339565,Self-Employed,678.780344821244,91721.50091177179,12,0.3313,1,2,1,Very High
36.244611896191856,71266.21080003922,Salaried,685.5220099440745,68577.60624689849,72,0.1962,0,1,1,Very High
39.287948530480236,10000.0,Self-Employed,614.8499223277818,7731.654189806659,12,0.0773,0,0,1,Very High
39.836564854159576,87336.17745173087,Salaried,659.4359709386193,51379.87595083316,24,0.0588,1,0,0,Medium
29.57868552206342,24729.123485139877,Salaried,639.526787570868,19267.57423892442,60,0.1529,1,3,1,Very High
51.995137892513746,57199.717811909715,Self-Employed,581.2493337117245,1000.0,48,0.1017,0,1,0,High
47.24372772495105,27904.99787766175,Salaried,617.8951950453345,20625.724983395474,72,0.1989,0,2,1,Very High
41.98039619218849,16700.799590815743,Unemployed,674.8414580066517,1399.6060649256833,12,0.0084,0,0,0,Very High
52.506010756069024,64505.678538585285,Salaried,642.7937878464276,4615.482996353594,48,0.0072,1,0,0,High
20.204946324740735,24308.888954121765,Student,648.9457016528627,11793.098889095903,36,0.111,1,1,1,Very High
25.38710595357455,72714.10043308852,Self-Employed,664.8098980327566,54172.42836499116,12,0.0995,0,1,0,Medium
35.493771785355484,53743.178544242866,Salaried,648.8856013711925,61198.695501254355,60,0.2389,0,2,1,Very High
33.569597898278836,23986.54403102275,Salaried,738.2580047864045,24268.732898843213,60,0.1012,1,0,1,Very High
27.068955307665966,24256.009614470546,Student,657.0598826433851,3959.939658953288,72,0.0413,0,1,1,Very High
39.79962482629221,57267.573646568715,Self-Employed,654.573368388432,4504.272850199333,48,0.4079,1,4,1,Very High
27.77068893366265,26359.770391573613,Student,617.9582643277616,2168.0936585805566,72,0.1957,0,3,1,Very High
34.52743384126641,24503.142227505767,Unemployed,629.0389017404432,27855.345191047294,72,0.1137,0,0,1,Very High
29.022157867173853,76296.88844924074,Salaried,627.488372775648,29793.65851478352,72,0.089,1,2,1,Very High
28.115302059674505,12000.0,Salaried,648.6679771673215,8993.263428226051,12,0.1999,0,2,1,Very High
45.15507969301756,29720.220861063342,Self-Employed,671.7584272115799,19541.09379779506,72,0.1283,0,1,0,High
32.712726060054266,65551.03722135093,Salaried,641.9467908783022,42569.273908615454,12,0.2649,0,2,1,Very High
22.756015556905464,12315.513898480203,Student,680.130696010266,8018.985701449252,60,0.0901,2,1,1,Very High
35.2170867161292,21788.896524803222,Unemployed,571.1905438176864,8705.857119870832,84,0.04,1,0,1,Very High
33.80822773694917,5086.944820789169,Unemployed,590.4536696677445,2315.8588614109576,60,0.0705,0,1,1,Very High
46.50123292622737,40366.83408698705,Self-Employed,648.4618005004668,13167.122652560709,72,0.0576,1,1,1,Very High
21.689995732695245,31926.65274065207,Student,596.6260947188869,43667.74745939676,72,0.1368,1,0,1,Very High
28.195998873118125,56367.81633650469,Self-Employed,684.9862935416108,79863.94650260454,72,0.1667,0,1,1,High
22.05656757030872,5000.0,Student,678.7970875791694,4635.829023256944,36,0.0927,0,0,1,Very High
39.48908499366512,60320.76696366209,Salaried,747.911632677473,54476.34197068367,48,0.1528,0,1,1,Very High
31.01621435364767,33448.6669732214,Self-Employed,609.0680626977993,1143.2959346892867,48,0.1284,0,2,0,High
22.0,58977.9280972892,Salaried,701.6543261365562,53704.65353726763,60,0.0911,2,0,1,Very High
27.148017755258657,33372.0950992689,Student,553.591773211866,36961.634109058796,48,0.1733,0,1,1,Very High
35.39555340690455,102002.88443480516,Self-Employed,652.1804457732578,45037.488584476705,24,0.1442,0,1,0,Low
18.0,20303.530612251827,Student,584.2441864297401,5271.1371462626585,48,0.151,0,2,1,Very High
39.5878248592183,6728.235984597855,Unemployed,676.822139695794,5492.404521507128,36,0.1441,1,1,1,Very High
51.0758453271823,78627.83906624168,Salaried,708.8267495005905,56350.03402651836,72,0.0717,1,0,1,Very High
35.57740277361255,57868.825823232975,Self-Employed,655.2399345453713,10720.063754820349,84,0.081,1,1,0,High
35.32560568615483,58538.09734243644,Salaried,700.0636672109416,4133.5437793509955,84,0.0071,0,0,0,High
38.83365044494754,41478.72753175661,Salaried,625.3764153709382,22720.985216271853,48,0.0548,0,0,1,Very High
22.86016583323097,62018.59874670292,Salaried,730.053037667844,56810.52531231816,84,0.0916,0,0,1,High
22.36506600674789,17005.502074024993,Student,570.9749071533525,9708.169492769317,48,0.3571,0,3,1,Very High
31.038356999856937,56487.24979300369,Salaried,656.511656192933,18533.125347615776,48,0.0328,0,0,1,Low
30.741263292340197,3000.0,Unemployed,612.842726529373,1531.0730764873845,24,0.176,1,2,1,Very High
19.72458687866672,15525.088456363268,Student,613.5284223314627,19916.30178335799,48,0.1783,0,2,1,Very High
40.959868380422655,49114.70834875996,Salaried,647.0226237802271,29657.877483989876,48,0.0604,0,0,1,High
25.44277364640418,14804.620702933615,Student,575.4331174849186,9728.753654546457,36,0.0657,0,0,1,Very High
18.0,25954.0845434698,Student,616.6772428610076,4552.470425367474,36,0.0675,1,2,1,Very High
46.87874211697285,85267.31389994729,Salaried,676.4357236062983,95302.24575127667,60,0.1368,0,1,0,Medium
20.01417829841961,8397.466344986653,Student,622.9857425048734,8275.266885020821,48,0.1735,0,3,1,Very High
42.509662680578714,92533.85886451912,Salaried,662.9508815710277,101981.1826597962,24,0.1727,0,1,0,Medium
51.9923107181111,65394.8082867917,Self-Employed,651.1433961463015,40216.57373026609,12,0.1865,0,2,0,Very High
46.77481090470196,67203.61155562715,Salaried,617.764329966975,52274.312383367695,12,0.1278,1,2,1,Very High
40.96344907479965,19686.56969087421,Salaried,605.6874363471705,37186.91860475486,48,0.4889,0,3,1,Very High
34.874321742047464,52297.646675652286,Self-Employed,746.0034426032412,32483.135476654985,60,0.1621,1,1,1,Very High
56.21292530547531,77202.7521877654,Self-Employed,651.716759748499,53112.49145858556,60,0.2688,0,2,1,Very High
45.01927658735089,63226.42257523376,Salaried,752.4790348922382,79292.32527051856,36,0.1754,0,2,1,High
41.35794580000865,15788.07079524851,Self-Employed,657.5773158328217,6805.424610792433,36,0.2431,0,2,1,Very High
31.929583950211935,65609.57579230901,Salaried,704.1938045056212,14594.98493193086,48,0.0222,1,0,0,Medium
40.207193549377,38951.87859575081,Salaried,651.5048769181443,1000.0,36,0.0026,0,0,0,Medium
29.68366831330893,4277.390253494026,Unemployed,620.891458483323,3194.2621693027677,12,0.1997,2,2,1,Very High
34.53019384769272,93616.44056515774,Self-Employed,640.107373448172,35244.343015067985,36,0.1626,1,2,1,Very High
29.76301537971291,6650.577839840744,Unemployed,597.728425138161,4413.780379946608,36,0.1289,0,1,1,Very High
22.614732236712616,54035.76165139074,Salaried,717.7209841421662,31434.63481053366,36,0.0582,0,0,0,Low
21.132284310528796,8191.913744446856,Student,548.7221952000606,7509.772404943692,72,0.1542,1,1,1,Very High
21.99310091120262,18279.339300312102,Student,611.4378878118295,6145.559652024108,48,0.0586,0,1,1,Very High
39.27023486099609,17006.99129275734,Unemployed,647.417640293229,8276.60618378995,36,0.1487,1,1,1,Very High
39.54419175468962,26214.239494910464,Unemployed,664.168460733344,18894.574909707964,60,0.1346,0,1,1,Very High
18.0,8196.865604247136,Student,672.9577256703503,1000.0,84,0.0372,1,1,1,Very High
42.849077314065376,81040.86952152687,Salaried,659.5482901494903,69359.1605078549,48,0.2106,1,2,1,Very High
51.92660829878321,77255.69920589429,Salaried,652.3984981960151,55383.12087589806,36,0.0967,0,1,1,Medium
44.27717811337523,16782.56105832448,Unemployed,659.2821420918353,14188.590871476667,24,0.147,0,1,1,Very High
37.67343347048717,63595.38410751137,Self-Employed,600.0332610225311,49491.45650015979,48,0.0778,0,0,1,Very High
28.606303274014465,17096.00428654699,Student,522.5724541563986,17782.32837258575,12,0.104,0,0,1,Very High
45.091684648241426,18236.45007382193,Unemployed,653.5559791910061,9562.137929418244,72,0.0774,0,1,1,Very High
47.4234190963263,62531.29154035191,Self-Employed,694.7289007064147,41629.5678339276,12,0.0916,0,1,0,Medium
36.7671397751307,49844.06587193315,Salaried,661.4299872809149,25462.252712610556,84,0.2511,0,2,1,Very High
18.709053262954214,20704.757093076973,Student,657.6677998613817,13795.662957928127,24,0.1666,1,1,1,Very High
23.71803008853762,16254.929444694213,Unemployed,625.1659772625597,13959.372734254277,84,0.0859,1,0,1,Very High
23.11643858703259,30772.02928287378,Student,622.7503066701495,30889.21880067385,36,0.2254,0,2,1,Very High
48.78837152502387,99304.1980311519,Self-Employed,696.6973943700975,72821.5172024486,72,0.0983,0,1,0,Medium
41.4935545474613,54870.91595268866,Salaried,643.7951205608766,1000.0,60,0.0018,0,0,0,High
25.734886873880782,26240.42133876765,Student,562.1052006236336,2620.944082928372,48,0.035,2,1,1,Very High
39.26557033650485,78544.15099606686,Self-Employed,646.2281728157835,85978.21475850044,24,0.1095,0,0,1,Very High
50.59450921971181,86338.4580809615,Salaried,623.9709824577524,1000.0,36,0.0512,1,2,1,Very High
18.0,32206.70408636614,Student,592.8667300222671,23016.477189589517,36,0.1965,0,2,1,Very High
37.72717596551883,19023.270479633633,Unemployed,619.4372737870118,2343.0817850767,60,0.0373,1,1,1,Very High
21.465341740666954,23632.495204419098,Student,594.0911992966778,10040.52238291359,72,0.1675,0,2,1,Very High
35.0,16089.409326808262,Student,569.3973087693614,7505.989760807464,36,0.0467,0,0,1,Very High
22.0,82683.29668762103,Salaried,690.7893861768588,37450.97745091251,24,0.1078,0,1,0,Low
41.49029451937074,22408.53058276148,Unemployed,670.9918942701183,19684.06916156603,12,0.0878,0,0,1,Very High
32.37349284633831,55398.77452033784,Salaried,658.6538661187116,21337.901139471636,36,0.1385,0,1,0,Medium
23.11550957958756,77118.95848098682,Salaried,751.4823043871625,26516.76266251103,72,0.0844,1,2,0,Low
52.77473999961478,56861.901111232975,Self-Employed,637.0321050339368,84341.2344904214,60,0.2733,3,2,1,Very High
51.47547691314601,53469.54622824765,Self-Employed,648.9141615233468,62480.03432238891,24,0.4169,0,3,1,Very High
46.63876877393117,87604.31712056106,Salaried,721.0900062635508,29184.733106366883,24,0.0333,1,0,1,Medium
44.414905002461296,52693.30553391481,Salaried,646.7909899118619,1000.0,24,0.0269,2,1,1,Very High
51.89349286897035,64460.54470305696,Self-Employed,650.2731060621558,38248.89146091616,36,0.1093,2,2,1,Very High
33.21309136878147,71722.39913083073,Salaried,619.1035774787807,58848.733072081,48,0.1821,0,1,1,Very High
44.93245929718554,12000.0,Salaried,651.047298392282,1939.1145887280682,72,0.1412,1,2,1,Very High
33.21277353278349,18033.011749721496,Unemployed,617.693799986369,16296.606282207165,84,0.0904,1,0,1,Very High
39.8709345117956,20171.117039510355,Unemployed,619.7971633156351,23666.844776196707,84,0.1173,0,0,1,Very High
55.499492446476836,12263.794387994354,Unemployed,586.6493607516188,4944.397517690935,48,0.1653,1,2,1,Very High
42.561441907479036,88254.06459106429,Salaried,679.8546446527265,69716.55453879455,60,0.1415,2,1,1,Very High
23.171070261231836,5507.223638987765,Student,636.2835190819249,6801.216719927054,48,0.1235,0,0,1,Very High
26.4681160033156,21132.36479830416,Student,674.2556540724338,4422.457697326739,60,0.0709,0,2,1,Very High
28.591039804805924,18225.817991414464,Unemployed,582.378387705861,10753.624148774978,72,0.159,0,1,1,Very High
22.0,13987.681557117445,Salaried,653.028534846083,8157.624376305502,48,0.1083,1,2,1,Very High
47.424643510588886,58096.290788081904,Salaried,651.281005476184,15633.457480473251,12,0.0269,0,0,0,Low
27.788916203736502,32504.27470027754,Self-Employed,649.6749335316729,30165.744714276036,48,0.0928,2,0,1,Very High
32.416968557240395,39835.322920314065,Salaried,630.217488700962,33960.95057159109,84,0.1478,0,1,1,Very High
19.668175923129535,20979.342816348177,Student,598.4064894987143,21722.360709470202,36,0.1035,1,0,1,Very High
38.41603585944418,25613.107053022704,Self-Employed,623.6187160402776,17295.929927831843,36,0.13,2,1,1,Very High
50.64286192370014,94320.65962552106,Self-Employed,605.8752399878944,19070.592492024276,36,0.2077,1,3,1,Very High
33.52485269622759,13069.536189847811,Unemployed,651.7066874306769,12068.518466308089,84,0.2798,0,3,1,Very High
57.69723764508545,37940.47343593881,Self-Employed,683.0226476632722,20368.163519224414,84,0.1787,0,2,1,Very High
21.17830210129239,9146.259479657881,Student,626.8279377993404,6788.038651851593,48,0.0742,1,0,1,Very High
43.21488825367212,68744.49497085833,Salaried,630.8039470973953,1000.0,12,0.064,0,1,0,High
20.0,15916.163787899175,Unemployed,628.7160336487528,15267.073355013745,60,0.0959,1,0,1,Very High
22.937694503024595,45522.13156717248,Salaried,680.5152815145497,1000.0,84,0.0022,0,0,0,Medium
37.26425957686482,12472.336845812097,Salaried,622.959842430468,1000.0,72,0.133,0,2,1,Very High
46.793391662842396,19306.01248318097,Self-Employed,699.8570524030678,20058.04480439749,48,0.1039,0,0,1,Very High
30.087756790232046,66695.03858104347,Salaried,641.7646564228327,39254.598063884885,36,0.0589,0,0,0,High
38.59462900898409,10000.0,Self-Employed,580.3153341457352,10634.36702585732,24,0.4063,0,3,1,Very High
44.86498306677094,69136.29111046402,Salaried,705.3410207466393,80551.40761984856,48,0.179,0,1,0,Very High
38.45066511395388,60636.690893387546,Salaried,676.0906885837425,35118.54422245125,36,0.1204,0,1,0,Low
51.003266954732936,20479.342074337426,Self-Employed,627.1350940789388,17507.5894375354,12,0.2105,0,2,1,Very High
46.05542938817064,23378.616988399262,Salaried,646.6807412997425,1556.6909478285797,60,0.0317,1,1,1,Very High
40.47706803305877,14961.830521972357,Unemployed,580.0563624344105,12045.522459418013,48,0.0805,2,0,1,Very High
45.51190854637695,74913.86841109142,Self-Employed,693.0869157120843,65471.37240195889,72,0.1499,1,1,1,Very High
26.330321264929236,9269.74081626166,Student,631.9618550343794,9060.847483441998,48,0.0977,0,0,1,Very High
46.46926814046681,35038.997129719304,Salaried,559.1777424633697,26619.6293338107,72,0.101,1,1,1,Very High
43.95172425605404,16869.99763923441,Unemployed,610.916417655199,6808.752932846789,60,0.0404,0,0,1,Very High
50.96012020744602,40899.37040165016,Salaried,636.2930055170411,44548.20518828324,24,0.2339,1,2,1,Very High
42.63775538518987,23687.043530308878,Self-Employed,625.9406982366529,7385.140650943076,72,0.1062,1,3,1,Very High
22.78628754065975,16787.791767862513,Unemployed,599.7392632362013,13380.401106731646,24,0.0797,0,0,1,Very High
45.0782220971666,53232.13254185588,Salaried,661.452892557023,17636.440294518532,48,0.0581,2,1,1,Very High
20.913662391907184,38448.04010081946,Student,574.1150102837588,30639.25133907518,36,0.1422,1,1,1,Very High
18.892747526496834,11844.919877191332,Student,585.4120925066943,7454.627471464859,24,0.1879,1,2,1,Very High
37.9996435390694,52354.68319184736,Self-Employed,698.8323271870933,4605.658394730646,60,0.0588,1,2,1,High
42.47580387405141,57900.21588730277,Salaried,617.1611280622848,19803.97441111907,36,0.2217,1,3,1,Very High
62.71336163159531,51176.55189025684,Self-Employed,652.7801030459248,22496.62710889097,72,0.2315,0,3,0,High
40.86483293708502,15902.460478257053,Self-Employed,707.2100674310855,11635.966707095238,60,0.1357,2,1,1,Very High
47.95475688550022,42860.48565752587,Salaried,629.1382742516306,32406.572312225006,72,0.2006,1,2,1,Very High
37.41594131327422,33486.327948900245,Self-Employed,717.2908938347283,22984.930807375193,60,0.1311,2,1,1,Very High
36.71194992218542,17679.722709959526,Unemployed,609.0322721121756,20700.002802755793,84,0.1796,0,1,1,Very High
21.225267747226816,27686.543167797623,Student,584.9800112329956,11717.7179731627,84,0.0673,0,1,1,Very High
28.544502275188645,20164.806574844748,Unemployed,586.9218465159598,16487.13946980401,48,0.1818,0,4,1,Very High
44.220198474880064,84917.50438794788,Salaried,696.1421968865188,89743.53628828822,72,0.1807,4,3,1,Very High
41.326381799296264,78695.66496092278,Self-Employed,688.9137032296144,66256.20745407575,24,0.3967,1,5,1,Very High
51.95077827273393,3000.0,Unemployed,616.7315568287374,1642.959474221759,36,0.0798,0,1,1,Very High
46.684420669677905,71162.6119011558,Salaried,682.1866188950229,49415.610573824626,36,0.1319,0,1,0,High
18.0,5000.0,Student,625.9601016778493,2462.721178989915,48,0.4493,1,4,1,Very High
38.1526592669188,55710.813160279125,Salaried,629.1363753412369,65010.053236299864,24,0.1417,0,1,1,Very High
22.0,67401.6503383582,Salaried,637.2479754971145,25546.187233001743,36,0.0379,0,0,0,High
44.95756180403299,82563.03823847647,Salaried,651.7018183772291,61967.148210745625,24,0.1751,2,1,1,Very High
20.0,13292.540696464368,Unemployed,565.2609384594125,14807.79148448257,48,0.1114,1,0,1,Very High
27.402696249633,62712.67007292864,Self-Employed,692.5344982617814,43585.63252302649,84,0.0695,0,0,1,High
48.318738401417136,77998.93822047468,Salaried,629.4272409525356,65644.730389072,36,0.1842,0,1,1,Very High
44.142481409446425,78245.19751540807,Salaried,688.9815903171701,58362.34834164236,72,0.1371,0,1,0,Medium
27.202134599626003,17014.557633928758,Student,640.1305222745606,5732.032877129586,60,0.2212,0,3,1,Very High
41.98071655276847,16373.25478456849,Unemployed,643.2345469986572,18908.645191533753,24,0.178,0,1,1,Very High
29.25247968877064,11261.347003886547,Unemployed,601.8183616530819,2317.1777720043056,24,0.0456,0,1,1,Very High
42.66025464971274,3000.0,Unemployed,596.592508455296,2043.5146648434884,24,0.1681,1,1,1,Very High
21.564398620745695,9791.69550980663,Student,595.2948199022097,7672.098897839685,36,0.1534,1,3,1,Very High
43.44550876150072,3769.92737150456,Unemployed,626.2597338605469,1453.4874238858881,24,0.0636,2,1,1,Very High
47.443683520973,41111.78426989733,Salaried,649.5599150055485,9775.657397614646,12,0.2238,0,2,1,Very High
57.87942764522114,67005.49091605104,Salaried,600.8695692151167,53253.379807444,36,0.1795,0,4,1,Very High
40.85432969814853,18706.582313606916,Unemployed,606.6406148456808,20311.88007469062,36,0.1711,0,1,1,Very High
24.531628725987265,7675.414395230016,Student,656.8736247142945,6471.727167541723,24,0.1093,1,1,1,Very High
30.84802265536899,17656.47133634604,Student,653.1873651109086,12736.500722009756,48,0.0721,0,0,1,Very High
22.147497515480683,17646.86844367382,Student,644.8689569503057,10492.035266982466,84,0.0595,2,0,1,Very High
39.21614036607447,85760.98174988711,Salaried,691.8663308668963,67206.7078064094,48,0.2659,4,3,1,Very High
64.21946736457551,24842.463033785312,Self-Employed,665.9780197536794,23812.58797037676,72,0.1209,2,1,1,Very High
38.38705187226453,54263.62579550861,Salaried,623.8508172001991,65590.5770405118,60,0.1209,0,0,0,Very High
44.41903627455281,15295.538308428722,Unemployed,618.5275556561604,1000.0,84,0.0315,0,1,1,Very High
40.2909844085342,17851.91601012266,Unemployed,612.4695117003826,2853.694565581794,36,0.0785,1,1,1,Very High
38.95420150693165,39132.97003059204,Self-Employed,674.1238118359827,19544.701173856767,72,0.1749,0,2,1,Very High
21.695489115280104,18133.76701182294,Student,591.633143937418,16798.709425690096,84,0.1926,0,1,1,Very High
39.409695897091645,3980.7026872570405,Unemployed,605.8779580727105,1991.74694355185,60,0.15,1,1,1,Very High
37.128128454296814,27881.662184302382,Self-Employed,632.8798382038641,6655.1563693866265,60,0.0239,0,0,1,Very High
25.05439909361031,22670.343791714404,Student,645.5815439005421,16058.478643403034,12,0.0708,1,0,1,Very High
35.66178074232436,27959.25380507602,Salaried,667.9933646863618,20837.42963398737,60,0.137,0,1,1,High
22.43383204193781,5986.207311570675,Unemployed,651.9365124593287,7404.170464631952,24,0.1487,1,1,1,Very High
35.32455616596723,77086.99388424348,Self-Employed,658.3678142276784,100032.27226635402,72,0.1298,1,0,1,High
57.29485376560031,18692.139013264554,Unemployed,653.1102041364682,12645.583091560144,24,0.0927,0,1,1,Very High
25.671133214390032,16052.155805123075,Student,542.1741644865585,11125.571919462745,24,0.0943,1,1,1,Very High
31.86813368256007,104783.34207739118,Salaried,751.3173944929938,71289.7578523632,72,0.093,0,1,0,Low
49.45143709563216,27924.470336878123,Unemployed,621.7862350289987,11838.221071190997,48,0.2424,0,2,1,Very High
56.4199926693939,23974.664334628447,Self-Employed,584.2187842229824,20592.413977967717,48,0.2734,0,3,1,Very High
37.7125038684993,66910.61253904153,Salaried,647.9002897342262,27431.207007022214,84,0.041,0,0,0,Very High
31.336607487015428,57778.91320655709,Self-Employed,648.333674720722,17310.64278859977,84,0.0925,0,1,0,High
27.352680191098507,5000.0,Student,607.1012413444547,2009.2392834979023,24,0.0902,0,2,1,Very High
47.46942684451543,60157.90338514644,Salaried,615.2250586366459,45580.937383439494,48,0.0758,1,0,0,Very High
44.39093817687524,43804.87891423334,Salaried,613.4560045480974,11223.678150951351,24,0.1256,0,1,0,Very High
54.03469794802764,15954.732908036289,Unemployed,645.5764634751339,1000.0,48,0.0563,2,2,1,Very High
47.15707196779342,57433.239309521945,Salaried,647.8416643742851,12549.730910879813,36,0.0219,2,0,1,Very High
25.494610680169167,62952.94086330963,Salaried,661.7173075256123,47543.91142223713,72,0.0755,0,0,0,Medium
49.76137384776858,94843.06724718135,Self-Employed,698.8440285717227,80525.02234065821,60,0.2099,2,2,1,Very High
40.661271461937346,19564.31579476371,Unemployed,568.489914056574,24061.715467996168,60,0.173,1,2,1,Very High
59.31598221588356,24308.611495758683,Unemployed,662.7243070797867,23094.227503359027,24,0.145,0,2,1,Very High
58.5058282579796,52747.291737843465,Salaried,688.7964894995207,16765.22933616045,48,0.0943,0,1,0,Low
22.0,85349.58385402709,Salaried,550.2641055986379,89919.38053035311,72,0.1054,0,0,1,Very High
46.10222027729732,55778.72278054099,Salaried,633.4887548937702,43933.54946426954,36,0.0788,0,0,1,Very High
21.45400799203611,26340.390974546437,Unemployed,592.4293720126758,14966.568479265934,36,0.0568,0,0,1,Very High
41.97133144307684,56305.35924642629,Salaried,706.1630123428489,26201.400034883995,48,0.1715,0,2,1,High
22.62085235349904,18616.97939393639,Unemployed,630.0981227959527,4198.022541152789,36,0.1225,1,1,1,Very High
44.06724300021152,14510.53783867087,Unemployed,632.1123501256861,12766.124690654933,60,0.113,0,1,1,Very High
35.01225009382002,64964.01745906849,Salaried,590.0078975637246,62091.26924312592,48,0.1206,0,1,1,Very High
34.615993415212905,21647.4470359713,Unemployed,659.6267125795674,20976.55711784521,48,0.1969,0,4,1,Very High
46.42544023172027,77172.0006416557,Self-Employed,682.1926694361578,36260.4924704726,72,0.097,1,2,0,High
42.93937812094401,46083.42001861559,Salaried,682.823797641791,51614.64761264927,72,0.112,0,0,1,Medium
26.673591935361287,21320.513540896012,Unemployed,627.3674585272481,17911.072462815464,24,0.084,1,0,1,Very High
50.441026760350645,64942.29578185512,Salaried,612.9951974033519,35344.2455549313,36,0.1044,2,2,1,Very High
26.26998623531875,32739.416450971923,Student,583.219041336896,25205.662649882666,60,0.077,1,0,1,Very High
49.397921258929784,75272.8991162474,Salaried,686.8778005880321,45220.197843991176,36,0.2601,0,2,0,Very High
43.892665587398625,72413.36034854368,Salaried,591.3841041986459,77882.06953188522,36,0.1326,0,1,1,High
36.660616648093885,96480.78226244594,Salaried,591.8906339879371,64643.23297483794,36,0.067,0,0,0,High
31.779476361154963,37522.284597683145,Self-Employed,597.3325157714253,1000.0,72,0.0277,0,1,1,High
70.0,11953.321942150527,Self-Employed,588.4444788607645,5905.437756424525,36,0.0494,1,0,1,Very High
35.953430416905064,63903.04656698571,Self-Employed,638.7000918982708,45239.48705595424,72,0.1708,2,1,1,Very High
27.140618925238456,45074.34037115419,Salaried,591.6369065063183,32640.01331585986,72,0.1349,1,1,1,Very High
52.14134723221629,84525.90834971803,Salaried,717.3532147985132,34627.36959738405,12,0.066,0,1,0,Low
44.355294632029974,66640.42182367636,Self-Employed,684.9574470733991,58071.15403557591,48,0.2121,1,2,1,Very High
43.780757978285045,30140.51066520679,Salaried,661.0227188194148,10754.624197821347,24,0.4357,2,4,1,Very High
23.29199703698004,73356.84971647832,Salaried,633.309118602883,46161.267552680554,72,0.0629,0,0,1,Very High
24.001227890342246,17593.17414653726,Student,644.6538354575061,16027.621213001798,36,0.0911,0,0,1,Very High
57.80659545478587,50854.09614962855,Self-Employed,737.0457294101527,20223.592295219056,24,0.1648,2,2,1,Very High
35.764010811478556,70568.24155203595,Salaried,587.7577461680282,49276.23498599036,36,0.0948,0,1,1,Very High
37.79727543577056,57250.30535683279,Salaried,629.8483713554139,20657.416446255913,36,0.0986,1,1,1,Very High
38.986945703987054,3000.0,Unemployed,630.8759469153063,1000.0,48,0.0583,0,1,1,Very High
46.826207135465054,9992.12526887081,Unemployed,639.5223315338731,9174.159689053084,48,0.3418,0,4,1,Very High
49.81175550452683,74676.83194463229,Salaried,634.1263311248425,49873.94347436815,60,0.1668,0,1,1,Very High
44.60302110560716,85211.60933272736,Salaried,582.9014643937443,19356.677923807358,48,0.1477,0,2,1,High
42.243836271565755,18821.185774716563,Unemployed,634.0633523833274,14695.406231988685,36,0.0781,2,0,1,Very High
39.313321026690815,35453.05767829354,Self-Employed,656.4651264695754,12734.43945952665,72,0.0609,4,1,1,Very High
61.65655338402786,29668.234690406498,Self-Employed,683.6635223688816,14749.338761480842,48,0.0497,0,0,1,Medium
38.199141110118944,23210.891512727816,Salaried,557.4695018391919,19380.90416226846,24,0.271,1,3,0,Very High
41.84006386785223,7528.15050932469,Unemployed,642.7649173581837,3993.6110436446666,60,0.128,2,3,1,Very High
39.616585099486244,37714.53591197274,Self-Employed,609.0333530977499,37669.87729501587,72,0.1749,0,3,1,Very High
44.14637841614336,104915.38571700761,Salaried,713.4492154801973,137493.21296969496,36,0.2561,1,2,1,Very High
20.0,11606.558221560083,Unemployed,582.2423451695663,5499.905982638823,24,0.0474,0,0,1,Very High
22.0,71513.9261388132,Salaried,613.1698881699134,61090.934078397346,84,0.0854,3,0,1,Very High
54.300019083674094,25045.05149655469,Unemployed,659.1816052062155,20275.585891171697,48,0.206,0,2,1,Very High
27.23235732357039,30586.744440271956,Salaried,621.5864894513763,10341.027910582703,24,0.0338,1,0,1,Very High
24.450383458882023,16921.823683397124,Student,622.0531521690027,16529.601429157927,36,0.1977,0,1,1,Very High
50.695401843607414,42328.21760351375,Salaried,610.3139647829657,1000.0,60,0.0524,1,2,1,Very High
20.782400374839476,13720.166376368019,Student,619.0532072219335,3278.198870778957,12,0.0489,0,1,1,Very High
52.019573134085775,27471.5886728823,Self-Employed,639.3230598739298,13464.341814964697,48,0.1115,0,1,1,Very High
30.99982094713182,12071.718366117484,Unemployed,658.8706476053685,3798.8152264328965,60,0.0315,0,0,1,Very High
37.20784537059416,14300.563444839965,Salaried,704.4320245285597,6811.84786656221,48,0.1726,0,5,1,Very High
58.00866791431138,66128.23134339141,Salaried,666.6716796021994,18946.347756728246,72,0.2287,1,2,1,Very High
33.70709145085493,23901.619799547407,Unemployed,605.8984106734275,9642.333724612905,24,0.0653,0,1,1,Very High
48.99184466394604,58698.661745288366,Salaried,537.8712019972323,44870.06493743356,24,0.1389,1,1,1,Very High
39.60462554509433,20468.58133342422,Unemployed,580.8590486785404,3996.611422566082,24,0.1445,0,2,1,Very High
22.058650739457267,20698.634796686172,Student,637.9069923157342,13374.543469067576,48,0.1396,2,3,1,Very High
52.88551830860381,19151.976713807795,Unemployed,615.8944767873401,9869.321887740094,60,0.0515,2,0,1,Very High
29.237119549178768,32171.402104950288,Student,702.7283191302627,1000.0,60,0.0656,0,1,1,Medium
49.72371019670965,65166.86026020796,Self-Employed,711.0221246204358,41211.81235924436,12,0.0632,2,0,1,High
18.0,22197.896609580606,Student,595.119709860024,17005.74090344744,36,0.0766,0,0,1,Very High
21.05126047924618,10371.746234671866,Student,662.5075747557614,7435.164966673852,12,0.0967,1,1,1,Very High
22.744137757744088,16730.49129716732,Student,607.2940962868269,11358.678324741491,48,0.1304,0,1,1,Very High
23.752296137196147,19603.741768610005,Student,621.7853342275732,4506.9081039670655,60,0.023,0,0,1,Very High
22.331046400115923,20062.509377528284,Student,636.9827985259004,16151.74566193923,36,0.0805,0,0,1,Very High
65.0,19144.217349975672,Unemployed,582.9332427939372,23610.337804008595,24,0.1983,1,3,1,Very High
26.065232490717527,13876.065347272008,Student,608.7905859268307,13085.384420648206,48,0.1943,0,1,1,Very High
36.297761478938334,89816.8452252778,Salaried,675.5027684670024,44249.74639164418,60,0.0743,1,1,0,Medium
41.28544730089344,17550.98137837074,Unemployed,640.3328687642048,1655.8152313096598,48,0.3094,0,3,1,Very High
22.44266205928104,24240.59160198292,Student,603.9959156413036,16841.565419582268,24,0.132,0,1,1,Very High
40.82489127099453,53166.273541721464,Self-Employed,658.1766474930615,62073.905818723426,72,0.1418,0,1,0,High
44.28004074781115,38238.07486551645,Self-Employed,667.6820953691924,12864.436429348138,60,0.1336,1,1,0,High
29.086237638008807,29039.302405576585,Student,602.7184562124164,14472.522498525917,84,0.0748,2,1,1,Very High
22.056285071782835,11002.761877284633,Unemployed,631.7330047697176,6912.111972998834,60,0.0628,0,0,1,Very High
23.865764397474198,10352.820754492988,Student,606.0619273380303,7843.082363025252,24,0.2008,0,2,1,Very High
54.688643172010444,80925.75130524734,Self-Employed,612.0162922108611,53748.39670535161,48,0.1914,1,2,1,Very High
23.0,45181.72269036537,Self-Employed,650.8991466304916,23567.669146095795,48,0.1522,0,1,1,Very High
45.25341863266828,71864.53452522118,Salaried,688.7323472453273,22996.192476444056,24,0.132,1,1,0,Medium
24.086267328723718,13600.483725577214,Student,632.6736685683834,11186.491223628465,84,0.0823,0,0,1,Very High
33.57325001613391,64565.178470195875,Salaried,610.27555521966,33775.74109638299,36,0.1148,0,1,0,High
20.353523660671705,19261.786861069602,Student,572.6242162456595,23846.677438225634,12,0.3113,0,3,1,Very High
20.0,21774.952756265462,Unemployed,625.8204113577634,16667.824922699157,72,0.3265,1,4,1,Very High
54.432966489824636,41606.45415197016,Salaried,620.9616027054161,39176.18705698591,84,0.1567,1,1,1,Very High
31.87076764465499,28613.430961420057,Unemployed,611.7039736375317,24641.11614480223,36,0.2736,1,3,1,Very High
33.72317502829782,78726.8031669335,Salaried,623.6277185853762,40424.67423682103,12,0.1263,0,3,1,Very High
42.26688818621233,80391.87955577657,Salaried,678.3715907059363,112135.38790947881,60,0.202,1,1,1,Very High
45.692392612743866,45294.348164333205,Salaried,632.2398565911685,30656.89259946868,24,0.0927,1,1,1,Very High
39.18853805672329,62007.797459241134,Salaried,704.3103258049266,30199.524151349102,36,0.0737,1,1,0,High
39.058909802518166,68230.22164996272,Salaried,702.3535034601277,75275.53713332595,84,0.2353,1,2,1,Very High
30.808351719951503,16183.142758301776,Student,615.9440035867952,12654.199072501757,36,0.1282,1,2,1,Very High
29.92343042919919,75188.20628931542,Salaried,632.753699402566,23746.200577847332,72,0.1316,0,1,1,High
36.97719758639113,60451.4269940541,Salaried,687.571536860133,13349.336588715369,36,0.2221,1,2,1,Very High
46.84049912035311,75126.629535908,Salaried,605.077427869505,19170.204591809375,36,0.0255,0,0,1,High
20.101850263928018,9539.03684299545,Student,668.1411167959336,6290.392548967991,36,0.1659,1,1,1,Very High
33.99480146216932,66099.5515919482,Salaried,643.2503889069668,33900.14820600299,48,0.1138,2,1,1,Very High
43.84522734767942,18308.360972068906,Self-Employed,563.2002717912665,23104.024551286566,24,0.1512,2,1,1,Very High
19.421930156072467,15049.729978633874,Student,614.7907935456886,7521.644142749892,60,0.175,1,2,1,Very High
19.736616164748543,12033.685335414923,Student,584.7449926698644,5976.223109169005,60,0.1247,0,3,1,Very High
27.54043575465942,17142.244199578403,Unemployed,557.0537387331223,16553.92007110389,48,0.1591,3,1,1,Very High
30.97002433517903,10000.0,Self-Employed,631.541460809833,1000.0,24,0.01,0,0,1,Very High
23.870425382516594,72378.52321852432,Salaried,699.2030088995083,10555.137754187992,60,0.0771,1,1,0,Medium
32.92183125348642,91992.01445534104,Salaried,630.0119199222361,6928.667309239685,48,0.07,1,1,1,Medium
18.0,16924.10188900763,Student,613.9236457931919,14433.971033001695,72,0.2103,0,2,1,Very High
50.16425336341051,3859.0569293230983,Unemployed,632.773881503667,4667.076622823537,36,0.1209,1,0,1,Very High
47.563781853794524,33584.14735740697,Self-Employed,661.8765327926726,5970.023597265628,24,0.1178,0,1,0,High
44.58205812145872,91822.31223362572,Salaried,614.112635024479,82546.69919807011,84,0.2774,1,3,1,Very High
24.95502886140552,26365.00539796157,Student,630.2491650028435,15576.939062097244,12,0.0591,0,0,1,Very High
27.614657687116626,65242.81797489788,Self-Employed,653.1753551374571,38487.329526153364,24,0.259,1,2,1,Very High
29.267867593296238,50226.57517243375,Salaried,637.6016156923159,11862.086289742321,12,0.0236,0,0,1,High
18.0,13170.574610706517,Student,572.7136362014876,4474.924112973893,60,0.0965,0,1,1,Very High
24.477894757603163,6139.500986109424,Student,610.4957995234582,5125.942310644783,60,0.1835,1,1,1,Very High
44.39740172285068,78002.82697461921,Salaried,671.5069320211443,51660.74523043095,24,0.1912,0,2,1,Very High
50.49892035172488,63076.47003447745,Salaried,597.9748300651759,87184.68264035432,60,0.2632,1,2,1,Very High
48.51191728701694,61492.21855270019,Self-Employed,597.2842552191312,6430.220552696004,72,0.0605,0,2,0,Very High
31.059886651931258,3000.0,Unemployed,641.6241661821418,4147.185640670595,72,0.2632,3,2,1,Very High
28.575919766389184,85327.41485359233,Salaried,620.8781896877045,26109.064924269638,36,0.0556,0,1,1,High
45.585064314679755,87959.86071627932,Salaried,625.4813110689549,100076.00036769136,36,0.1763,1,1,1,Very High
20.0,3000.0,Unemployed,645.8048816070294,2936.974415918974,12,0.0979,1,0,0,Very High
44.169691834236126,10208.569144237743,Unemployed,642.107420334868,6433.077764866051,24,0.088,2,1,1,Very High
20.0,6360.154589936814,Unemployed,589.1719890898596,1351.9244485883573,24,0.0713,0,2,1,Very High
58.203109139127776,60732.7436455694,Self-Employed,740.5269832751721,17185.08381034548,48,0.0283,1,0,0,Low
33.59264921556728,27568.40103657477,Self-Employed,609.9017033246112,12115.326623266266,12,0.2439,0,2,1,Very High
28.87616857963791,64941.29311632926,Salaried,682.4270136787298,71513.1590562296,72,0.1101,1,0,1,Very High
51.290616210133756,21966.1953696743,Self-Employed,629.0698406420399,4601.981943788183,60,0.121,0,1,1,Very High
33.10328991802644,75554.95983998809,Salaried,691.48492421815,32966.48356499197,12,0.3436,0,3,1,High
23.329059021071565,5000.0,Student,635.518117130637,3763.61035552627,60,0.3253,0,4,1,Very High
49.838613923277464,95916.26707423595,Salaried,573.7866140160509,2951.351717973259,12,0.1031,0,1,0,High
21.293147871660576,14415.530728056192,Student,699.2130916456334,19734.627767705904,72,0.1369,3,0,1,Very High
40.086881354230385,19844.66101972958,Self-Employed,624.2234629470854,10178.708549770521,72,0.1138,0,1,1,Very High
51.191872042385036,85780.76075279075,Self-Employed,609.6553551483684,36057.29167114228,36,0.042,0,0,1,Very High
31.14723896470614,68780.8659907229,Salaried,643.4227576779315,68287.83829008826,48,0.0993,1,0,1,Very High
50.707573760296874,3000.0,Unemployed,653.7681064075077,3022.4911373887876,36,0.1007,0,0,1,Very High
18.0,28743.94121944502,Student,637.1810218268657,6955.681831362642,12,0.0742,0,2,1,Very High
26.5971632069271,15736.834340442041,Unemployed,659.0195002210701,20718.76038123889,12,0.1942,1,1,1,Very High
29.462933239859172,58288.76917366651,Salaried,632.5739082210332,22470.059278789617,36,0.1385,1,1,1,High
38.91393115427531,57565.16320018314,Salaried,585.3175283663134,24606.831021962502,72,0.0427,0,0,1,High
34.33665700882479,26207.17681191601,Salaried,666.7558443429713,23415.864489128195,24,0.1143,2,1,1,Very High
64.08223772407887,55268.91092351975,Salaried,579.375775701815,18944.149771239456,48,0.0968,0,1,0,High
38.58882917947038,60134.883676870064,Salaried,641.7691453810194,49631.70114267908,36,0.2075,1,2,1,Very High
18.0,29800.53606659754,Student,648.7259145163479,28181.29450737121,24,0.1196,0,1,1,Very High
21.233872203738073,24080.369785100564,Unemployed,606.8876832152199,27153.172217631793,84,0.2378,0,2,1,Very High
59.02762236559109,59915.88330402314,Salaried,638.2599748122319,61575.35956762453,72,0.1653,0,1,1,Very High
41.210427574340464,59019.17081633884,Self-Employed,678.9201518773687,45135.833806042836,24,0.264,2,3,1,Very High
42.31874207654427,73113.73862202585,Salaried,651.2861707444719,73025.96901617011,48,0.3999,0,3,1,Very High
27.918272189134814,29402.40203554142,Student,655.0514231178743,13616.619464229856,60,0.1088,0,1,1,High
40.94205915013844,39336.575811082075,Salaried,703.3170342096352,36568.01947332231,36,0.168,0,3,1,Very High
22.0,65069.21015897125,Salaried,670.8963698030669,42078.78066546983,84,0.1647,1,1,0,Very High
33.55325490068451,93491.69874319335,Self-Employed,613.9287379156153,34589.23008599573,48,0.087,0,2,0,Medium
38.14264814503872,58735.04429356406,Salaried,674.6348757836876,7094.919988552247,24,0.0121,0,0,0,Low
21.9024122684718,12857.693116049442,Student,617.8678022434211,11934.91195980036,84,0.2803,2,3,1,Very High
54.774698640383065,46923.52930123604,Self-Employed,638.4462621472421,20399.951383129715,48,0.0435,0,0,1,High
32.885367641263414,67160.23609068635,Salaried,679.6616563332097,40155.46720452247,84,0.1598,0,1,1,High
22.732310462376464,18085.172849715535,Unemployed,624.0014715770144,14499.81543452912,24,0.1802,0,1,1,Very High
68.0,81806.10149182059,Salaried,678.0749051678305,44317.98823930783,60,0.0542,0,0,1,Medium
37.67715227915791,12818.38442528982,Unemployed,590.9830856188049,6197.066213131485,36,0.0483,0,0,1,Very High
26.50994248350872,64845.47437788636,Salaried,671.1258575281483,21086.362873596427,72,0.0825,0,2,1,Medium
26.886974280976258,15930.5900939302,Student,633.1053318944656,11428.71246503993,60,0.0717,1,0,1,Very High
48.88757282852778,85122.53758672506,Salaried,696.3164954020107,37047.931962203846,48,0.1685,1,2,1,Very High
23.939363143806695,11941.67210654439,Student,622.322964307443,13378.310856690114,24,0.112,0,0,1,Very High
58.158253738737386,19044.113831678776,Unemployed,609.8753340384692,18694.238569793088,84,0.1482,0,2,1,Very High
55.40712637017486,61154.15960900917,Self-Employed,656.1531123733602,56416.76852381821,24,0.0923,0,0,0,Low
53.56658931100747,10000.0,Self-Employed,709.1254110535842,6375.1352021693965,12,0.1388,0,3,1,Very High
44.60612974992229,73653.58419827156,Salaried,619.5103173534019,77796.4341235733,72,0.2056,1,1,1,Very High
35.82678230045478,26381.849583891773,Salaried,657.6444323669964,12981.407329904545,84,0.0492,2,0,1,Very High
18.358810421219623,12215.70083686004,Student,604.8470276541665,14623.486787663705,12,0.1447,0,1,1,Very High
36.76246439751744,57232.58131162306,Salaried,643.9705329599602,8707.981673288918,24,0.0402,0,1,0,High
20.0,22861.34124388731,Unemployed,648.5249234697682,17969.731538496937,24,0.0786,0,0,1,Very High
41.05073835702693,65378.01486568076,Salaried,704.5718897828033,50300.4288421643,24,0.1394,0,1,1,High
41.494002855423986,62578.97058654913,Self-Employed,683.6046772544701,38222.28557119983,48,0.1861,0,2,1,Very High
20.29766679707105,16114.790331656082,Student,673.1575987113479,22171.547548723596,48,0.2001,1,1,1,Very High
47.26286337884343,54198.06616750908,Salaried,650.1254232750414,32514.886250240164,36,0.31,3,4,1,Very High
27.346716681436025,18476.70228726984,Student,572.4956998407441,10231.982864925696,24,0.0804,0,1,1,Very High
57.20650636457658,68255.57404716806,Salaried,651.6378228241422,66768.68673293588,48,0.2228,0,2,1,Very High
26.70702232776724,9818.71493181703,Unemployed,630.1348729511927,8086.90663695205,24,0.0824,0,0,0,Very High
31.176798301428967,48449.11439941527,Salaried,658.4805136836083,18866.59569092711,60,0.0389,0,0,1,Low
56.17395745194291,50441.57436182044,Salaried,646.0540867422035,64140.084211699716,24,0.1772,0,2,1,Very High
41.61734780178424,107561.52274402362,Salaried,645.9864332186033,30063.536288672665,48,0.153,0,2,1,Very High
44.419576518021856,93980.62151237263,Salaried,679.4633764850496,92068.60469358382,36,0.198,1,1,1,High
19.238081285175575,21380.597167732612,Student,626.3612177380751,15715.19922438114,60,0.136,0,1,1,Very High
41.16097496681571,11927.375899892946,Unemployed,630.8299217309362,1408.2715606862935,24,0.0743,0,1,1,Very High
36.22623572672984,37276.60803486584,Salaried,678.1284306425974,16706.92678709515,60,0.1198,0,3,1,Medium
30.883148680510065,40677.876533394294,Self-Employed,632.5920062404888,43245.161216604676,84,0.2063,0,1,1,Very High
37.04256571896689,9178.407214756564,Unemployed,591.7957993351889,7568.67993237761,48,0.1075,0,1,1,Very High
49.87282845433353,71157.54874986364,Self-Employed,691.451163109006,39345.30740108842,12,0.1053,1,2,1,Very High
24.461160573661928,75807.13790985869,Salaried,552.5973431788034,86388.60394176058,12,0.114,0,0,1,Very High
34.06974188409751,79389.38182881418,Self-Employed,719.844443003943,37310.89322461715,12,0.047,0,0,1,Medium
18.644283357304687,11797.95363680408,Student,610.5489994010428,5279.954794393096,36,0.3448,0,3,1,Very High
36.7392521163336,64968.54655752988,Salaried,629.4508604636219,64632.42795856816,72,0.0995,3,0,1,Very High
23.902954462480803,22634.12576067065,Student,584.0481055257235,14249.991928011768,60,0.1255,0,1,1,Very High
40.29333319637924,67945.85645112541,Self-Employed,665.4028993854901,63421.58507086379,36,0.1933,2,1,1,Very High
48.155530648621614,11820.328575426749,Self-Employed,688.8835177547712,15359.575127792497,48,0.1549,0,1,1,Very High
50.418803196101166,57881.70027548654,Self-Employed,634.1088131374944,52525.17381870109,60,0.2157,0,2,1,Very High
52.33496209454774,54083.09685373662,Salaried,646.5488275449604,37224.99736348669,24,0.0688,0,0,1,Very High
35.28644142308603,23228.094214114066,Self-Employed,660.5724659677447,13818.308975783137,36,0.0595,1,0,1,Very High
43.64956910633283,71510.63556121268,Salaried,641.3297360594712,6085.320724855354,72,0.0085,0,0,0,Medium
36.65375479906153,13295.940268050625,Unemployed,535.4882429083962,16870.950055878442,48,0.1769,0,2,1,Very High
59.03380764870171,19550.396144331615,Unemployed,638.6878652705378,5897.322139857828,72,0.0302,0,0,1,Very High
34.50054356836149,75896.65947847538,Self-Employed,635.2126026979747,49779.8655691073,72,0.0656,0,0,0,Very High
25.706162115590907,72414.17523328784,Salaried,708.1283618112466,68524.43565808811,60,0.1571,0,1,1,Very High
22.79452884399304,23433.11054660157,Student,657.4348853261732,14956.99262608269,36,0.1888,0,2,1,Very High
30.953175729296344,17189.811769907505,Student,686.168444409275,1245.8111294863083,24,0.0697,1,1,1,Very High
44.70136341647199,73594.30788012216,Salaried,647.3809539504014,29113.66460834979,84,0.0396,1,0,1,Very High
35.183275824433586,83863.66093820982,Salaried,689.9463475842996,61312.794675367586,72,0.1231,0,2,1,Very High
24.966975785953473,14475.52943433158,Student,658.1227520294896,10277.683986952374,36,0.071,1,0,1,Very High
46.24096342795323,42602.57546697867,Salaried,696.0895522914825,23850.063087656585,48,0.056,0,0,0,High
52.18071633615082,75880.73868121614,Self-Employed,680.3450420837385,20917.53580408768,60,0.1526,1,2,1,Very High
32.276219637271915,70824.94250731365,Salaried,687.3132727384802,70920.57447142099,60,0.1001,1,0,1,Very High
18.0,12821.901335098184,Student,603.8666463953548,4746.93383643402,72,0.137,0,1,0,Very High
55.28063903254072,50895.676736055335,Self-Employed,693.5856219408605,32746.039105021162,12,0.1643,1,1,1,Very High
50.85916201631402,10000.0,Self-Employed,613.4320401029255,4818.281215076073,36,0.1482,0,1,1,Very High
50.03623352294826,45814.977047266715,Self-Employed,676.9673948009779,26233.097681772146,60,0.0823,0,1,1,High
47.38550569792615,15033.317464953696,Unemployed,613.0286016450066,4068.396779691614,72,0.0896,1,1,1,Very High
30.116691551175748,48844.4702310357,Salaried,686.7707722356074,57618.50943920174,24,0.118,0,0,0,Low
41.616103316451614,23962.92767124052,Unemployed,676.5562241672989,19290.8704691092,36,0.143,0,1,1,Very High
44.33934743758657,68085.3149677982,Self-Employed,686.1833024297774,71142.43933786519,72,0.1545,2,2,1,Very High
29.28519451883279,94795.59663294675,Salaried,681.5675747331344,8326.033152142692,24,0.2088,1,2,1,Very High
23.0,45290.82745280211,Self-Employed,634.5897800444559,15706.108574888573,60,0.0972,0,1,1,High
22.0,53002.67816762184,Salaried,624.4515255434937,34926.123598681166,60,0.1909,1,2,1,Very High
43.56510345576198,10849.671899695086,Unemployed,642.2373797186856,2632.032510387703,24,0.2118,0,3,1,Very High
38.863683640835326,41269.59157736605,Salaried,674.1199845805877,17464.732894792414,60,0.0423,0,0,1,Low
50.64300121531518,57867.03038243118,Self-Employed,675.9328467106814,46668.67549752747,36,0.2806,0,2,1,Very High
27.885614868062845,88191.49363024466,Salaried,623.9886721430339,50515.27365877526,84,0.1198,0,1,1,Very High
21.00175123338731,34837.06078890379,Student,590.9690695745951,31909.107524424573,12,0.3916,1,3,1,Very High
65.0,17852.63035429692,Unemployed,591.8617974691364,7565.878985685946,36,0.1049,0,1,1,Very High
21.6781181225159,29415.216573917933,Student,606.041425721282,16264.641414748081,72,0.1803,1,2,1,Very High
32.4928736039023,15850.893883191759,Student,712.7437946516163,7739.585067455485,12,0.0738,0,1,1,Very High
52.2456503373343,73528.3696696925,Salaried,693.1878246031115,80639.28817120475,60,0.1722,0,1,1,Very High
26.917606480615323,39752.214022856686,Salaried,655.5350085414353,3834.226549754887,72,0.0096,0,0,0,Low
39.92171466992049,54082.32832394281,Salaried,703.4546472603306,55541.248304548135,48,0.1027,0,0,0,High
49.677450108347955,33156.704019721496,Self-Employed,639.0104872977251,33978.47537133557,48,0.1025,0,0,1,Very High
42.15200091836955,49708.3483499151,Self-Employed,664.200804350645,25996.123159467414,84,0.1273,0,3,1,High
37.16817751175417,55026.133128039175,Salaried,655.2841834655242,64619.16211893138,12,0.2174,1,1,0,Very High
18.0,7407.602008229076,Student,680.6984962281784,1000.0,36,0.1135,0,1,1,Very High
57.14459744830428,98126.33752648384,Salaried,640.0992904207942,80523.22825400985,60,0.1571,0,3,1,Very High
46.303854946215736,61507.44602417873,Self-Employed,589.1508786607584,11918.468009536191,48,0.0819,1,1,1,Very High
24.007120246065323,71480.2504837996,Salaried,629.055026686237,32998.097681551895,12,0.1462,2,1,1,Very High
37.58400153921655,65069.123885459725,Salaried,617.2199015779182,62476.22712129543,36,0.1585,1,1,1,Very High
18.0,12967.06940348231,Student,655.7720604889257,7760.172251353007,24,0.1098,1,2,1,Very High
57.14659424269654,14637.60579601627,Unemployed,631.4786645745098,1000.0,12,0.0068,0,0,1,Very High
45.575987460144006,56432.797714921144,Salaried,686.6601058588762,27757.202093106484,36,0.0492,2,0,1,Very High
44.86117870262402,67986.62052204765,Salaried,646.748699915921,31037.992097174345,36,0.7457,2,7,1,Very High
40.11629060691167,97981.99217667224,Salaried,646.1364255866056,50837.77358066361,84,0.0519,1,0,1,High
27.5968778068751,78475.36417662588,Salaried,703.6938793459127,75344.53289261031,84,0.1585,1,1,1,Very High
18.0,9445.53526207179,Student,602.1184167669575,10934.786498932874,48,0.1658,1,2,1,Very High
25.596597665815416,54306.1574094418,Self-Employed,613.2855209226883,30780.82108402766,72,0.0567,1,0,1,Very High
18.647945021548814,9651.980665250845,Student,647.4237030008468,2255.115924120942,84,0.4234,0,4,1,Very High
20.754266560859225,24201.83480520432,Student,655.2733057469525,2772.593523253494,60,0.0115,0,0,1,Very High
56.93400525623935,60096.117566290384,Self-Employed,674.1105970629726,46337.300751310264,36,0.1396,3,1,1,Very High
51.70321257295923,24154.53364685685,Salaried,647.9283553831411,29434.09865288496,12,0.1844,0,1,1,Very High
21.991120566967158,5000.0,Student,586.8030493910393,2279.391184994857,24,0.1706,2,2,1,Very High
25.220782753303418,88031.83412647294,Salaried,741.6408477705049,81110.84326676675,72,0.0921,0,0,0,Medium
41.38784790856134,11205.68947826028,Unemployed,574.1332727811777,1000.0,60,0.1089,2,1,1,Very High
28.207351474880298,97937.61646244892,Salaried,648.7591099742465,26986.565897171986,48,0.0276,0,0,0,Medium
29.028702778118365,41326.525210659216,Self-Employed,688.1219533208355,17007.185404926156,36,0.0662,1,1,1,High
20.0,12762.30148549889,Unemployed,598.5438726352626,7417.633875185825,48,0.0581,0,0,1,Very High
46.11902236383777,43814.60777150273,Salaried,722.9724068150819,25840.326574012026,84,0.059,0,0,1,Low
40.72416637858455,76764.13133069355,Self-Employed,605.5897980737732,56841.35453128332,72,0.074,1,0,1,Very High
65.83318431278624,25953.61581143592,Salaried,615.6136941133731,17639.36988543534,24,0.118,2,2,1,Very High
37.367881448038204,48832.30523391959,Salaried,660.9865296139332,61898.87352258469,48,0.2518,1,2,1,Very High
46.156382445165285,111889.34785930917,Salaried,634.2547321071452,144833.00832700726,12,0.1544,1,1,1,Very High
36.92446243545447,63977.99037090899,Salaried,668.011156785945,57799.30919683429,12,0.0903,0,0,0,Medium
44.057190298888585,47216.905682781246,Salaried,652.3811039577312,72924.21857748629,12,0.1544,2,0,1,Very High
42.429984395904334,59345.31828578493,Salaried,675.8617076335831,50074.83655681679,84,0.2844,0,2,1,Very High
43.35492361643033,49351.87811746546,Self-Employed,645.8119859803567,56519.033707098046,36,0.1395,1,1,1,Very High
45.20285391566497,13843.5257270781,Self-Employed,648.322132295383,10810.721725001004,60,0.2656,1,3,1,Very High
28.78192785115972,58904.5901267066,Salaried,674.5947507289911,1000.0,60,0.0017,0,0,0,Medium
47.162940753490425,60291.5247023742,Salaried,702.2479895634945,54858.68755329924,36,0.091,3,0,1,Very High
47.97927005095744,35706.36773158722,Salaried,655.2269115589869,32995.357532557406,48,0.1174,1,1,1,Very High
44.78524789003659,111496.99142469617,Salaried,625.9364864602037,102771.49895752949,36,0.0922,1,0,1,Very High
23.418006238613664,23599.932670860326,Student,626.0414570206146,18070.84857647565,84,0.1266,0,2,1,Very High
20.0,13318.557594466894,Unemployed,616.7561608931638,5831.104725018333,48,0.1438,1,1,1,Very High
34.74880910557988,45902.19065865936,Salaried,646.9083976005301,37848.69188025817,36,0.0825,1,0,1,Very High
39.345225295289616,18923.02640629273,Unemployed,627.4423414664876,2395.8505241609373,36,0.0127,0,0,1,Very High
22.441209396640975,9200.051092861853,Student,585.7102945800481,9195.175706995878,48,0.1624,0,1,1,Very High
44.727888712477466,69474.48316652408,Salaried,637.1365251613446,47475.61528068721,36,0.0683,1,0,1,Very High
22.834150566820448,14071.630251181301,Unemployed,646.4966411850336,11808.526549568007,36,0.0839,0,0,1,Very High
46.35336320862733,11838.013829000394,Unemployed,719.515656275019,7475.615526679409,48,0.2506,0,3,1,Very High
24.700982605887347,59132.083188483506,Salaried,662.5331558994778,60596.04044354896,72,0.1525,1,2,0,Very High
38.44311609460773,18965.25867350348,Unemployed,601.4972114925021,8513.861519370035,48,0.0949,0,2,1,Very High
51.49805104275788,60045.9944383513,Salaried,614.6031814168186,52589.87982269541,84,0.0876,1,0,1,Very High
39.57938708224991,70707.88451071076,Salaried,660.0769208603361,84992.65414273553,48,0.1452,2,1,1,Very High
35.92166945698869,58047.80513205299,Salaried,612.8003364400901,35356.462536705985,24,0.0609,0,0,0,High
18.702149899516712,22855.22339125677,Student,603.2497718589954,9191.678612013608,60,0.0652,0,1,1,Very High
36.314744396388384,86162.97121334382,Salaried,620.2740131815356,89075.15903791937,36,0.1659,0,1,1,Very High
32.81199786303668,52929.92169011158,Salaried,585.324038518446,65385.529430331066,36,0.1735,0,2,1,Very High
35.043640674882695,42768.92496582138,Self-Employed,699.250765505343,40268.17226717667,24,0.0942,0,0,1,High
19.070906007632153,25074.02218707274,Student,682.335188272055,14551.33200515775,84,0.058,0,0,1,High
50.105024136636416,45088.074616020975,Self-Employed,619.4625665217903,1000.0,12,0.0272,1,1,1,Very High
26.83859822009356,71627.44721874192,Salaried,650.3077389111393,72132.24365035444,60,0.1632,0,1,1,Very High
26.534803922844294,28196.936069277726,Student,634.0021096111609,8269.661228006189,60,0.3293,0,3,1,Very High
36.09919480776211,4648.23512831301,Unemployed,588.1688434218983,5569.731459865802,72,0.1823,1,1,1,Very High
37.50793386793461,71183.03619598116,Salaried,642.3412528286161,62491.87310680699,36,0.1503,2,1,1,Very High
37.26101681011486,10000.0,Self-Employed,607.9882361724228,5049.898482413801,60,0.2505,1,2,1,Very High
34.94048818976664,81498.62261410782,Salaried,658.5552872843281,38530.15240398659,48,0.0473,0,0,0,Low
45.106681581408694,20960.40744953954,Unemployed,614.2176266053199,1000.0,60,0.3173,0,5,1,Very High
58.08710053975328,71828.12580946393,Self-Employed,673.8186148109471,65015.82665290536,72,0.0905,0,0,0,Medium
40.49258099784963,50768.04036080234,Self-Employed,636.7478134629773,63799.86475249693,84,0.1257,2,0,1,Very High
40.09125926549277,41753.172770294186,Salaried,733.8617302679808,26751.32448443916,12,0.2516,1,3,1,Very High
53.897900612432124,34845.90882738515,Self-Employed,560.4872338239817,31629.299679951193,84,0.1533,1,1,1,Very High
39.66115174006447,30104.365010713085,Self-Employed,666.133609968122,33409.401559513804,36,0.2985,0,3,1,Very High
30.360154621250565,91101.10038849292,Self-Employed,668.9885921022459,52130.68985882882,72,0.0572,1,0,0,Medium
56.8387715246661,51577.38545016652,Self-Employed,667.5032217554242,24277.713441027372,72,0.1721,0,2,1,Very High
36.56188135750901,62812.96978232237,Self-Employed,623.6088193247539,53900.29991277288,12,0.0858,0,0,1,Very High
35.04172166199063,66585.36336357807,Salaried,673.8853259875444,70340.97704601267,24,0.2056,0,1,1,High
24.41025216978977,14291.505093888576,Unemployed,620.4673887561792,15271.756713559917,24,0.2069,2,1,1,Very High
28.730839352577284,13798.17834523827,Unemployed,647.2792319343148,15088.818699483778,48,0.2344,0,2,1,Very High
45.05708083086921,77629.38933017477,Salaried,729.6288597387726,88475.7443067525,24,0.514,0,4,1,Very High
49.61198980795654,73558.28037654757,Self-Employed,665.6518357224353,68900.74968735686,48,0.0937,0,0,1,Medium
36.512281760884804,26565.897936615223,Self-Employed,593.3677900231869,19510.769931414423,72,0.0734,0,0,0,Very High
34.08643718002486,70207.89634500965,Salaried,662.4520261729941,63416.18709484019,48,0.1153,3,1,1,Very High
59.05464601504651,72230.74758771277,Self-Employed,626.1006886891755,45805.78499468624,60,0.1634,0,1,1,Very High
42.93357527799026,52103.495131054704,Salaried,661.3713803145963,39215.86965177505,48,0.0753,0,0,0,Medium
52.6614803099868,48340.59401580193,Self-Employed,610.0857242755716,55523.1005551315,12,0.2399,1,2,1,Very High
35.575020589185826,67241.46072100513,Salaried,654.2439033836656,34047.561040574794,24,0.0506,0,0,0,Low
20.97408551312378,36712.423964661015,Student,654.7069903350235,16687.267576927545,36,0.0955,0,2,1,Very High
36.69796897573448,14917.701436852807,Unemployed,668.7868704802938,12573.974048049182,24,0.2718,0,3,1,Very High
20.0,10003.263519469023,Unemployed,645.4426968344388,7222.202662648031,12,0.1222,0,2,1,Very High
18.0,7932.22181315992,Student,584.5419746227076,4261.770382632521,36,0.0537,1,0,1,Very High
44.19333839454834,93010.48581228383,Salaried,629.509483937234,75631.57944690075,60,0.2688,0,3,1,Very High
48.28769110987113,69834.7940228753,Salaried,725.7495896790695,35094.33255882443,60,0.0503,0,0,0,Low
48.802034361056286,90100.36978722326,Salaried,608.1982325525966,51928.65547659185,60,0.0826,0,1,1,Medium
37.89067450238806,23170.8659754803,Salaried,688.8374810894783,23444.718261384663,60,0.1012,2,0,1,Very High
18.0,15396.38318157872,Student,607.2617966369986,17118.601792763155,84,0.1112,0,0,1,Very High
23.0,32562.85412142452,Self-Employed,590.51032301452,11123.81894866055,48,0.0342,1,0,1,Very High
32.41145959165018,94385.95785031968,Salaried,610.5553043035881,70236.73904809923,84,0.1369,1,1,1,Very High
24.950334159480146,16094.241846699228,Student,550.651637427962,6299.278696211828,72,0.2266,0,3,1,Very High
24.638156754187932,13378.09104452761,Student,656.9231613778734,7565.892437994964,72,0.1816,2,2,1,Very High
42.03980836865025,16795.837552979156,Unemployed,586.9448372271765,5584.13623103219,36,0.0582,0,1,1,Very High
61.03582714457169,50162.12494763924,Salaried,657.8589002590035,18355.578758150885,24,0.0616,2,1,0,High
48.6870470847833,3523.3018427212155,Unemployed,579.2129647106185,1000.0,72,0.2159,0,3,1,Very High
37.27559286114724,87238.76777938611,Salaried,671.5008197791389,35540.00459383297,36,0.0407,1,0,1,High
25.45935756828367,18268.534009293457,Student,649.6515340588171,12208.619822374107,36,0.1168,0,2,1,Very High
36.45027878807518,14363.90349261826,Unemployed,615.4243537417585,4158.426420916658,60,0.0915,0,1,1,Very High
25.113931596773998,72919.34150989042,Salaried,679.5541369122317,64952.988020105644,60,0.2891,0,2,1,Very High
40.20109848934867,14845.875136998735,Unemployed,640.5909054787701,11376.235726200011,48,0.1016,0,1,1,Very High
26.548751198985574,55075.931777502636,Self-Employed,673.825707332463,10531.788373765774,48,0.0191,0,0,1,Medium
18.100051931685734,23850.012210027264,Student,610.6238193272642,24375.33692118399,60,0.1022,1,0,1,Very High
62.013881989106416,31991.619442109564,Salaried,663.882137449791,43290.45142610659,24,0.2603,1,2,1,Very High
33.55227722385011,6981.577606327516,Unemployed,562.7938832886896,6433.937186315029,60,0.1547,1,1,1,Very High
23.763072265342334,8496.643523121329,Student,639.0156055487278,7339.362102839889,72,0.1364,1,2,1,Very High
39.71295407711909,19369.28990728673,Unemployed,585.4881648446164,23581.26268382183,48,0.3217,0,2,1,Very High
20.700923125668446,20766.33537006559,Student,677.7596979985447,11953.66827141846,48,0.1826,1,2,1,Very High
24.6768679594653,16109.02798446409,Student,612.0143767924834,6073.495964479898,60,0.0377,0,0,1,Very High
44.056283699377516,12041.386506449677,Unemployed,639.0539854461741,7918.042636369562,72,0.0658,0,0,1,Very High
62.67869600518685,69457.24992809264,Salaried,657.7641737546635,88417.5952165561,24,0.1523,1,1,1,Very High
46.68086708580872,11142.625055415272,Self-Employed,670.1349894346268,15821.658497589848,48,0.142,2,0,1,Very High
27.828207990305845,14798.75550236151,Unemployed,649.2987862662026,8505.65617950925,72,0.0825,0,1,1,Very High
39.15401103194094,20694.397687930585,Salaried,643.9548059290483,12622.06702081781,48,0.311,0,4,1,Very High
43.10654956467457,20506.169421972052,Unemployed,607.1843283203887,2916.750615565099,24,0.0392,1,1,1,Very High
19.302586329770147,18728.64722430033,Student,576.4025190440714,2806.864931880902,36,0.015,0,0,1,Very High
23.12492380803806,7746.394687301265,Student,691.3634041805135,5858.216773584943,24,0.2006,0,2,1,Very High
29.310135347477452,11821.116853135165,Unemployed,562.6384422047448,4566.007716717309,60,0.1011,1,1,1,Very High
24.57027263545027,18206.301125253973,Student,654.8292119367819,18425.252548989803,84,0.1012,0,0,1,Very High
50.13881477251029,41671.50568478193,Salaried,612.4424050759189,21559.56922845042,24,0.2517,1,2,1,Very High
50.158851015717815,69873.2000412673,Salaried,688.7666113147869,79102.48828467996,24,0.3132,0,2,1,Very High
25.009690558166422,25843.56639113991,Student,625.2522925136594,8320.19607141228,72,0.0322,0,0,1,Very High
31.86279590556805,81594.01231460311,Salaried,623.7459505299134,64167.37414863601,36,0.0786,0,0,1,Very High
45.12547350099153,20242.193251843557,Salaried,639.8506875157935,9916.842277996177,36,0.1115,1,1,1,Very High
37.19095575566441,52279.94731204491,Salaried,706.9428988169308,34117.77461073975,60,0.0653,1,0,1,High
18.0,5144.7311099004255,Student,653.1184949417259,5972.179977069794,24,0.1786,1,1,1,Very High
44.02980933545192,79388.05675529895,Salaried,681.2228228655954,99145.9395128949,48,0.1499,0,1,1,High
48.38115437003926,84097.55457862584,Self-Employed,653.4729569194623,87800.81526885982,84,0.1544,0,2,1,Very High
30.63497966258102,27468.966828765933,Self-Employed,613.5900331451456,18698.503506185847,12,0.0681,1,0,1,Very High
54.87808597840328,71199.318748318,Self-Employed,653.8726176486588,68721.8651564068,48,0.2215,0,2,1,Very High
18.762014435746636,21777.822001576187,Student,592.8015442368404,17669.607406907013,84,0.1061,0,1,1,Very High
36.81666791648785,36852.19157707505,Salaried,639.2213392634461,50001.652206451094,24,0.3357,2,2,1,Very High
44.660210508966365,78978.98763889873,Self-Employed,708.0936078493778,38119.49266047396,48,0.1108,0,1,1,High
21.65223377366809,29493.21364022503,Student,651.5737664327279,1000.0,48,0.1284,1,2,1,Very High
37.76897682259678,55428.29515647461,Salaried,616.6639274961501,28650.937711470506,24,0.0517,1,0,0,Very High
45.53493214050908,74521.03077674971,Salaried,664.203023587071,77065.07285072199,60,0.1034,0,0,1,High
41.59292264561187,57544.285775736265,Salaried,637.9399252548164,85091.07030678095,24,0.3479,0,2,1,Very High
39.64812227205907,22210.91913750072,Salaried,629.1685072436336,13895.053849416505,48,0.1626,1,1,1,Very High
34.08269756660564,11080.439343182166,Unemployed,586.3789991541438,3669.905348520327,24,0.0956,1,1,1,Very High
49.50661758746563,76770.89088381547,Salaried,641.0748867604525,15821.5313875304,24,0.0456,0,1,0,High
44.616425060671574,10627.205041808073,Unemployed,553.9291272508422,3503.425355272828,60,0.533,0,5,1,Very High
36.63837402537238,74706.06566126281,Salaried,678.1687368708257,60204.861399504305,24,0.0806,0,0,0,Medium
30.313607443340334,74877.8471074552,Salaried,706.3844621483579,64371.66613514904,12,0.336,0,4,1,Very High
45.488488205897404,47322.12476546892,Self-Employed,681.239488142045,26514.74975183954,24,0.081,0,1,0,Medium
46.53678113434966,62655.69708243476,Salaried,633.9517501837852,16687.67478290228,24,0.2141,1,3,1,Very High
35.73418539444896,61591.64738628119,Salaried,651.9858036318369,24505.708696153015,24,0.0398,0,0,0,Low
29.98905503468689,51669.89488937847,Self-Employed,614.5969675041067,55871.94345884563,24,0.1706,0,1,1,Very High
32.40686395056598,75141.93714546625,Salaried,675.0649164496106,36251.33645286566,48,0.0982,0,2,1,High
45.44153166854575,65184.444529782966,Self-Employed,679.0302738208702,83412.6613362996,84,0.253,0,2,1,Very High
51.67778935775336,31030.25237431148,Salaried,679.8538084555162,38636.89706687014,12,0.187,1,1,1,Very High
32.045423604096726,66610.2691583641,Salaried,654.0800287103668,77303.38266996348,48,0.1786,2,1,1,Very High
31.922481311910193,64236.11353400213,Salaried,635.7000815974362,31849.276105931473,24,0.0496,0,0,1,High
18.0,16059.006619749218,Student,691.1845058711833,13218.558400584263,60,0.0823,3,0,1,Very High
35.9692706567852,65530.508822828706,Self-Employed,646.5715514390723,60300.68162548487,84,0.092,1,0,1,Very High
39.40543830800615,36811.76434648989,Self-Employed,718.4455528726251,29953.25270319994,84,0.1439,0,1,1,High
36.43156777862403,10000.0,Self-Employed,612.6626362354581,5043.493082759421,24,0.1004,1,2,1,Very High
60.41194115871691,10450.729625092186,Self-Employed,688.7336094005934,8142.627989591799,60,0.0779,0,0,1,Very High
56.47580412698899,9304.949442380337,Unemployed,675.4055445414859,5982.4490590175465,24,0.0643,1,0,1,Very High
46.796749056370096,108397.22760765794,Salaried,729.8185913345549,63014.64120252206,72,0.1206,3,1,1,Very High
20.0,3681.819749666827,Unemployed,560.1867952957193,1140.888343648062,12,0.081,0,2,1,Very High
52.85810594876232,27613.815317224013,Salaried,720.2536920432883,33317.48836970949,60,0.3207,1,2,1,Very High
49.78036859858944,62496.01115768803,Salaried,716.3634108654823,37939.80245784577,36,0.1232,1,1,1,Medium
18.930719647673957,9970.029688859684,Student,661.5822296429958,1751.5641576409644,24,0.0176,0,0,1,Very High
21.521203300800927,6128.132000354362,Student,515.4932796432922,6943.604817300144,60,0.1758,1,1,1,Very High
27.222533017596728,50540.09635132791,Salaried,612.999240190538,39354.72319675734,36,0.0779,0,0,0,Very High
20.0,12769.256566334368,Unemployed,627.0040858357528,5541.669083275065,48,0.0434,2,0,1,Very High
52.42884826312804,24062.415333392575,Self-Employed,699.4095308007948,24468.942711239568,84,0.2267,0,2,1,Very High
44.63132302456472,38526.785479476064,Salaried,663.4415060470087,25136.25838854172,36,0.1902,1,2,1,Very High
43.78492364078232,85318.00405560828,Salaried,667.197514372767,85784.67491431578,36,0.1005,0,0,0,High
31.629870311617054,11674.858491794466,Unemployed,619.2046339620323,2479.112875779925,48,0.0462,0,1,1,Very High
49.82813568264715,46046.698787897614,Self-Employed,653.0690755548168,1000.0,36,0.0022,1,0,1,High
40.31798487100176,65202.57607503283,Salaried,607.4075200830262,47265.43876782525,24,0.135,0,1,0,High
61.45372083160401,16641.017815374686,Unemployed,546.0745813797438,11064.184284880961,48,0.0915,0,1,1,Very High
45.969396774179415,19305.91140236864,Unemployed,612.5897699712309,10868.967743568712,60,0.0563,0,0,1,Very High
30.10630621864178,31571.934058767525,Self-Employed,633.7595170911211,26980.623570530774,48,0.0855,1,0,1,Very High
26.641391912171432,74462.6330598551,Salaried,641.2760432294835,67604.35273871245,24,0.0908,0,0,1,Very High
40.591097041460735,5697.670982466925,Unemployed,653.6132041192985,1984.1847175254834,36,0.0598,0,1,0,Very High
31.538844053322784,30072.3966712526,Student,556.1883357731098,9815.051459702156,84,0.0326,0,0,1,Very High
27.743519829843244,32653.185653811994,Student,584.8736895696255,22573.602592928844,60,0.0941,0,1,1,Very High
39.6628224105474,8339.884688181595,Unemployed,545.6744414576349,6021.900872958926,36,0.2722,0,2,1,Very High
50.5912459634819,46613.113034201306,Salaried,620.9390457032472,37594.412910291816,84,0.1432,2,1,1,Very High
29.993713799763547,64668.35567579684,Salaried,682.508867149305,72013.3531027674,60,0.1364,0,1,0,Medium
42.03594432740672,43686.343399764795,Salaried,669.0361584890195,1000.0,36,0.0023,0,0,1,High
46.618609402238285,66521.0580581535,Salaried,731.9038602590783,39439.44863184304,12,0.0593,1,0,0,Low
40.37064586374653,31100.058809801307,Self-Employed,687.8497478139161,20917.661767320453,12,0.1173,0,2,1,Very High
38.63366245701016,117598.16867328525,Salaried,616.4384675784996,110613.41241782953,48,0.2191,0,5,1,Very High
30.327105875640576,82530.8720816304,Salaried,669.4337233974559,108517.67329548969,36,0.1315,1,0,1,Very High
51.94943894075068,58130.708547509326,Salaried,707.6585105781872,37220.02872355836,12,0.064,0,0,0,Low
40.468969100458615,43103.90999905004,Salaried,657.7270092862927,16466.690456382235,72,0.1382,0,1,1,High
41.8294653232733,63641.59860278365,Salaried,637.4763537941228,56299.002346178226,60,0.1135,1,1,1,Very High
18.545528735037998,25708.97618583547,Student,617.2942638010179,21970.533309331873,24,0.148,2,1,1,Very High
18.0,19035.27629516695,Student,603.5086492557583,16491.842546500753,60,0.2116,0,2,1,Very High
24.962549133502105,7720.785157159384,Student,654.6644997446197,3723.4028285672266,24,0.0732,0,1,1,Very High
57.218634371883084,73267.24519918866,Self-Employed,724.1477620383914,85546.19740831018,48,0.1793,0,1,1,Very High
26.490274723662818,24678.156949824835,Student,619.1852959355041,14700.224395285031,12,0.1221,0,1,0,Very High
18.0,28143.35326542372,Student,572.6041947202386,27617.426901097904,60,0.0981,0,0,1,Very High
54.92420761523387,55500.88401892967,Salaried,657.3558724282773,51416.302751605865,48,0.1176,0,1,1,Medium
39.378743460881076,14219.645817461984,Unemployed,614.9994926276141,1000.0,60,0.0695,0,1,1,Very High
48.85854728171131,33109.33026141678,Self-Employed,626.9302338681996,27843.14202934222,84,0.2841,1,2,1,Very High
42.77096583285172,59527.993055005005,Salaried,665.4603059211939,45438.5510650514,60,0.0763,0,0,0,High
34.08165137898555,19347.452092010266,Unemployed,565.7680118184686,13066.19262850541,36,0.13,2,1,1,Very High
38.60993979108722,85589.26450617859,Self-Employed,635.8058010922481,55823.90532111716,72,0.0902,1,1,1,Very High
26.14427854977288,16598.341230033,Student,602.8556112312494,25637.626099939338,24,0.1795,1,1,1,Very High
55.24336787734722,13384.856072118117,Unemployed,663.843193287249,1000.0,48,0.0075,0,0,1,Very High
47.86175573490835,84666.83627800019,Self-Employed,685.7876330856107,67371.89320399416,36,0.1046,0,1,1,High
18.238628006776658,30016.1299636018,Student,689.8629621599432,6990.068675762879,36,0.4233,1,4,1,Very High
50.04116905543056,15658.348308441393,Unemployed,533.9514690306002,10780.126574809181,36,0.0688,0,0,1,Very High
23.792633187479385,15902.150904958396,Student,594.9781423636558,1000.0,12,0.0063,1,0,1,Very High
54.27658538963303,45562.86258367243,Salaried,662.2690701102772,17123.19890755727,36,0.1001,1,1,0,High
30.060478320465723,18338.157649698784,Student,634.4988826503233,23924.804554530878,24,0.2555,0,2,1,Very High
38.27515985907939,13867.630085996865,Unemployed,609.2874446273431,7781.262864307804,48,0.1186,0,1,1,Very High
20.0,20132.329106628873,Unemployed,633.285992768737,2772.7307464318546,60,0.0763,0,1,1,Very High
44.69249911483934,58557.73553045012,Salaried,626.419510864688,51667.91916464427,24,0.0882,2,0,1,Very High
19.765484842805332,20006.78144467344,Student,617.4067590983609,17725.0414667732,36,0.3886,1,3,1,Very High
28.20893065153583,83896.80183636186,Salaried,661.146705473741,68554.48183335367,48,0.0817,0,0,0,High
42.160052027397576,75085.37507891456,Self-Employed,626.8573979113978,100762.96952223696,60,0.1967,2,1,1,Very High
38.13958871314116,66958.7271151601,Salaried,623.1072494344727,69744.59696384106,36,0.1042,1,0,1,Very High
36.20572084271191,51290.53439098813,Self-Employed,637.6993517357333,35586.32543240633,72,0.0694,0,0,1,Very High
21.155899659018292,20917.9120613746,Student,656.4873431794339,10062.257362235263,24,0.4481,0,4,1,Very High
45.8296872470498,42482.59307670896,Self-Employed,671.9556277595105,36956.0965928513,36,0.2745,0,3,0,Very High
46.69318845189985,76906.01260723193,Salaried,655.8530013064357,41733.73975729945,48,0.0543,0,0,0,Medium
31.926693499235377,70410.40434396277,Salaried,694.1311396202657,78672.82012041741,60,0.1617,0,2,1,Very High
56.37399922895635,58170.50512349099,Self-Employed,676.8762033128133,11632.750989525892,60,0.27,0,4,1,Very High
47.48839148977402,76187.66954366495,Salaried,654.0961963468387,44716.73821462668,84,0.1837,0,2,1,High
30.495284048485132,37479.768913310654,Salaried,726.4469470978817,43070.86953481232,36,0.1899,0,3,1,Very High
41.27028453735047,59425.54690116676,Self-Employed,688.926154948201,1000.0,48,0.0642,0,1,0,Medium
33.598145863252185,112201.492982226,Salaried,618.0297820091207,1000.0,84,0.0009,1,0,1,High
23.130588317292258,77122.97298383265,Salaried,667.2710611860925,76035.66018798167,36,0.0986,1,0,1,Very High
40.73410050913618,67872.00330148246,Self-Employed,647.4608233502255,76644.68897187116,48,0.2379,0,2,1,Very High
34.85830018013887,56249.1843402379,Self-Employed,669.6260216207675,67562.93705922678,48,0.1451,2,1,1,Very High
25.722944165991407,3000.0,Unemployed,620.6140553613722,1735.0697409999193,36,0.0578,0,0,1,Very High
33.76996580805343,55831.09666588543,Salaried,661.144752450454,17484.31964628705,12,0.0313,0,0,0,Low
34.06805068337117,10285.860381514129,Unemployed,591.5042108714331,11010.580948824632,36,0.107,0,0,1,Very High
27.125026205911517,15107.823420176683,Student,624.5527435968138,7026.973700850368,48,0.3465,0,3,1,Very High
49.19732182551965,99595.70968214053,Salaried,572.3055807239624,82989.08002524792,48,0.0833,0,0,1,High
29.143120255190535,12807.687722234816,Student,587.9510278047186,10937.674164298864,24,0.0854,0,0,1,Very High
25.177721771484038,16400.54147602384,Student,620.4390457251054,8471.636969736428,72,0.1517,2,4,1,Very High
28.488597354909743,39577.10957801357,Salaried,659.0356820690915,1889.561786691038,24,0.0048,0,0,0,Medium
52.435626807009164,57882.22593979646,Salaried,710.8940776640367,61053.45765840278,24,0.168,1,1,1,Very High
50.53989960900111,11246.753300156255,Unemployed,598.0150397331777,4130.367335091216,36,0.2367,0,2,1,Very High
18.0,7396.098254070628,Student,584.4681816243321,3921.0658455054463,36,0.053,1,0,1,Very High
51.28705393537407,53543.69328806162,Salaried,547.3016457684423,47764.8204342712,48,0.1517,1,1,1,Very High
40.510339463142124,61771.944285327445,Salaried,588.0949510337924,49340.27229161796,24,0.3299,1,4,1,Very High
45.42396614138137,69198.89257214713,Salaried,659.3748035203499,37469.695677267926,36,0.1541,1,1,1,High
41.934886661723645,23451.837890710798,Salaried,647.1663090751711,1000.0,60,0.1043,1,1,1,Very High
38.72453714010551,57684.865619049386,Salaried,688.5031221824539,5090.449682122035,60,0.0588,1,2,0,High
41.49907409189742,65717.54749070863,Salaried,675.1269054378466,38976.03038759876,60,0.1218,0,1,0,Low
48.512052115734114,48581.03497748994,Self-Employed,727.8960104119267,36911.48172470379,60,0.076,0,0,1,Medium
32.847831160074925,52191.582258879396,Salaried,709.3034410910885,40363.812084750214,48,0.0773,0,0,0,Medium
47.16158434166404,105581.85241410835,Salaried,719.6937274713117,39500.18715721027,60,0.0624,0,1,0,Low
43.51652523480006,75906.46523934121,Salaried,667.2371485742478,51006.632840504615,12,0.0672,2,0,1,Very High
46.56013888016308,16268.206232809414,Unemployed,628.3273135305025,7802.801680517699,36,0.173,0,2,1,Very High
34.530930184839974,51433.61019642332,Self-Employed,665.1167268753447,24041.639242847188,60,0.0717,0,1,1,High
39.895171178070804,42828.486615866,Self-Employed,609.5318931706047,4312.475182466956,24,0.0101,1,0,1,Very High
47.7842700467486,35060.4097471431,Self-Employed,708.7220371917725,23609.899530273582,48,0.0673,2,0,1,Very High
37.07766365122537,4714.214276673147,Unemployed,573.6618751437568,2170.062168599969,36,0.146,2,1,1,Very High
22.026095781933357,9396.387986944854,Student,605.8703784210884,10011.038523505518,60,0.1065,0,0,1,Very High
43.78820239091424,77186.5060719574,Self-Employed,587.5047246265816,27559.78005514988,48,0.2232,0,3,1,Very High
42.986189197716584,40414.30133623977,Self-Employed,643.2943161128878,35249.79594842209,60,0.0872,0,0,1,Very High
31.65616452670767,59747.839838119806,Salaried,624.7748969848881,61589.48394637085,60,0.1531,0,2,1,Very High
44.457397584660626,58327.02398911746,Self-Employed,585.5735720884024,38939.35979795153,60,0.0668,0,0,1,Very High
39.645362880414226,8725.241806218452,Unemployed,631.2811662683339,4793.098252849685,60,0.1174,0,1,1,Very High
37.95075873196768,9182.467783461634,Unemployed,660.2231443473937,4761.194479488918,48,0.3519,1,3,1,Very High
48.806101862267546,74963.9687373256,Salaried,634.8409331125137,69717.82570652559,24,0.218,0,2,1,Very High
24.83593160178426,17073.00722033412,Student,582.1440402773402,16285.888663370431,12,0.0954,0,0,1,Very High
30.707847286608022,38040.37584563883,Salaried,673.7192906843809,34067.54310211109,48,0.1521,1,1,1,Very High
20.309415395242027,18838.90612753509,Student,634.277980259493,21890.872551965032,60,0.2412,1,2,1,Very High
28.966408591257363,54794.27987318067,Salaried,665.9073757888854,53700.19505840121,48,0.123,0,1,1,Medium
25.19378777261053,49589.33994481654,Self-Employed,649.3725874573042,27853.025892518777,36,0.1062,1,2,1,Very High
29.75895990027772,20503.45563797825,Unemployed,596.0147995875952,12735.055548794096,72,0.0621,0,0,1,Very High
40.93100594189478,54660.39377663717,Salaried,621.6855728092434,30590.04690870794,36,0.056,0,0,1,High
35.67548937522012,10000.0,Self-Employed,683.8160905061604,6313.824540652513,24,0.0631,0,0,1,High
44.085960683022634,89657.27486618019,Salaried,651.5412649696477,42808.75897239645,12,0.0477,0,0,0,Medium
39.08315695288017,66931.08528592419,Salaried,693.876638354153,43086.029653042635,12,0.1269,0,1,1,Medium
43.524616199240164,49596.98824855557,Salaried,643.1797819627739,17364.14228293083,36,0.035,0,0,1,High
40.40302356504897,50601.85248431142,Self-Employed,723.5617216269621,8147.570416910342,48,0.0786,1,1,1,High
20.0,10727.468579470384,Unemployed,699.2970228331778,7709.120536425452,12,0.1344,0,1,1,Very High
56.3525413838037,81781.74496495439,Self-Employed,663.7959932308664,63233.74074746932,84,0.1023,1,1,0,Very High
52.56562079202807,50426.5955185481,Salaried,562.2679326605862,43061.69599098014,60,0.1479,1,1,1,Very High
61.59319057523055,22354.16538809743,Unemployed,591.8611170036036,7833.940320042368,36,0.135,0,1,1,Very High
35.77121275702385,61664.48531996027,Salaried,685.3427005190042,9347.758312444352,84,0.0777,0,1,0,Medium
41.86853427831106,31483.796147036715,Self-Employed,656.0157160396764,12787.059900653338,72,0.1406,0,1,1,Medium
53.68764880523972,24946.351554086716,Unemployed,630.0354332799168,22538.57585725141,24,0.1528,0,1,1,Very High
33.57753741249793,57939.32009332583,Salaried,696.338454589222,18401.974269652346,48,0.1318,0,1,0,Medium
31.566347083711797,79062.47047399165,Salaried,686.493087407563,39231.404863577074,24,0.1746,1,2,1,High
27.015067904244525,88194.06036813153,Salaried,727.8043526810405,44165.583948752734,24,0.1126,0,1,0,Low
31.190602442113686,89030.01403201661,Salaried,724.2145979413098,1000.0,12,0.0011,0,0,0,Low
32.337881855033146,32297.334215627652,Salaried,694.0307017934074,15975.01602006718,24,0.0745,3,1,1,Very High
34.37762890772976,64776.92432681336,Salaried,676.7107135688422,57703.334149410744,36,0.1141,2,1,0,Very High
39.34938637315127,44179.94099254675,Salaried,676.2317307816909,26827.55631022068,36,0.1607,1,1,0,High
33.91547701066897,33301.15210188341,Salaried,657.5809553333296,23055.950081186333,36,0.3692,0,3,1,Very High
40.652195938539904,68876.67760365401,Salaried,717.5492619339975,49140.9325324502,36,0.4713,1,4,1,Very High
44.63074502466156,44504.08685125692,Self-Employed,715.381505375633,35872.415306395575,12,0.1056,2,1,1,Very High
23.0,99072.35132343107,Self-Employed,567.0239201762909,96457.96590587322,48,0.1474,0,2,1,Very High
23.89615063634692,36948.736800390645,Student,667.9568742407574,22771.192660847017,24,0.1116,0,2,1,Very High
54.346086899591974,39005.36091028486,Self-Employed,640.1958393497071,42942.171208898726,24,0.1101,0,0,1,Very High
35.0,27557.539720456247,Student,657.4657984473646,12073.666409856985,48,0.0438,0,0,1,Very High
41.126899164495555,67919.12743744,Salaried,667.808379891086,101840.57464397856,72,0.2124,0,1,1,Very High
52.84276609760529,27326.077727463155,Salaried,721.9022540853178,23685.031965489135,84,0.1367,0,2,1,Very High
20.95319261364773,22257.871311690462,Unemployed,546.7880127691599,24008.140150165007,36,0.4079,0,3,1,Very High
31.08326618357674,73463.14008001806,Salaried,640.3189434366063,76035.0975435173,24,0.1285,1,1,0,Very High
26.07416684281824,60049.631852392835,Self-Employed,629.0866188914217,30726.858076107743,36,0.1012,1,2,1,Very High
18.42916616054516,7772.720479683012,Student,665.5239821084028,9018.023204311869,36,0.216,1,1,1,Very High
35.46215472906458,58350.280114224166,Salaried,653.4742133071443,63626.70252287033,24,0.1715,1,1,1,Very High
40.05341405992611,75809.11361128888,Salaried,695.3544892225627,2313.8441055650255,84,0.0031,0,0,1,Low
22.73898083297215,17645.19527644787,Student,623.9556430776386,16288.652857918423,60,0.2173,0,2,1,Very High
28.89444955368204,27032.27234325806,Salaried,671.8874798734267,5650.109606246469,72,0.0209,0,0,1,Medium
51.57725214546607,90834.54331868175,Salaried,717.9887838117046,55037.17803422937,60,0.0856,0,1,0,Low
30.58675886478926,100194.21282916697,Salaried,673.8335105866192,16680.966097945762,72,0.2166,0,2,0,High
41.9857829531579,46806.924617847326,Salaried,647.2772298630717,12333.000287729701,36,0.1263,0,1,1,Very High
28.67157873531606,86807.34125501206,Salaried,618.8628159232865,78777.1148350631,84,0.0907,0,0,1,Very High
23.531559377343246,91540.46129193954,Self-Employed,637.9220634479943,64008.90609644359,36,0.2699,1,2,1,Very High
46.04047518714782,41404.811124079235,Salaried,587.4665877242045,13258.078725564297,48,0.057,2,1,1,Very High
40.56575878835017,75102.52700358299,Salaried,688.0971811997093,27650.35844291786,36,0.2868,0,4,1,Very High
44.86839805323008,74587.76949645569,Salaried,631.399726896741,41041.24099533798,36,0.055,0,0,1,High
18.392726683772146,29613.33634019265,Student,624.0563923573579,34104.24274699601,60,0.1152,1,0,1,Very High
24.165044316383977,29426.659669420827,Student,623.8713804570499,18473.0983558099,48,0.0628,1,0,1,Very High
30.651664299666493,52342.664191267744,Self-Employed,632.8440122374936,66826.7115364543,60,0.1902,0,1,1,Very High
52.89123934009231,30378.617122699296,Unemployed,595.6626660932486,29264.38967236484,60,0.0963,3,0,1,Very High
57.37418771758868,23666.620494007828,Self-Employed,663.7255862693806,9893.944321152383,24,0.0418,1,0,1,Very High
38.50163070365955,81395.10408291876,Salaried,687.2353901791256,73556.82562038403,60,0.1529,1,1,1,Very High
25.510837812966365,55328.58854805851,Salaried,659.6774418306665,12519.2408177409,48,0.1226,1,4,0,Very High
28.46428992880674,23329.281821283897,Student,588.604175448226,6949.279647146515,60,0.0548,0,1,1,Very High
22.534711952822594,3000.0,Unemployed,621.9542017846378,1699.403595035506,84,0.0816,1,1,1,Very High
44.150909068339125,68882.7253189501,Salaried,575.8005029351092,37309.61873806661,24,0.0542,0,0,0,Medium
27.027491525668353,11957.563310461966,Unemployed,611.3343780553,1628.2393909149514,12,0.0636,2,2,1,Very High
26.308210990994795,32924.60795774778,Student,641.949477262457,43356.04526676683,36,0.2567,2,2,1,Very High
46.400594751879446,13253.170371674556,Unemployed,648.7143916066497,5526.587047485372,84,0.0417,2,0,1,Very High
22.0,99706.91156554646,Salaried,602.9239865868522,27400.450380404975,48,0.0275,0,0,0,Low
55.34650017279912,71123.89323759195,Salaried,630.4489694909405,60619.8500430657,36,0.0852,0,0,1,Very High
48.86966720593603,109470.96724308765,Salaried,692.6095880927992,82840.96875749537,60,0.2757,0,2,1,Very High
44.085363443427504,56913.28113712384,Self-Employed,668.794669183062,54878.30242086014,48,0.1464,2,2,1,Very High
33.06145299542425,17674.347244860743,Unemployed,675.140840964773,4579.766724176416,24,0.0259,0,0,1,Very High
36.334174744261475,63344.31800604665,Salaried,717.631518854084,62203.80968444453,48,0.1232,1,1,0,High
36.2603132397619,63456.02714723492,Salaried,620.4525460907023,31758.862556456264,72,0.05,0,0,1,Medium
50.48088668539181,62098.591621574655,Salaried,633.6992403699936,28203.670534516816,36,0.1079,1,1,1,High
25.90700379499743,58341.333946306586,Self-Employed,644.2228142134821,51412.5547662894,36,0.2131,0,2,1,Very High
34.44604431814088,24769.33232365064,Unemployed,609.0873559556386,29416.731254851922,48,0.1938,0,3,1,Very High
58.25027224318946,78207.54244978739,Salaried,678.4163820752153,69504.03841050915,12,0.2139,0,2,1,Very High
41.61606651816172,10147.512917126262,Unemployed,608.8689441592676,9428.593715883911,24,0.1179,0,1,1,Very High
38.56291021533487,50073.38421787682,Salaried,611.0446150451687,12818.733353490923,12,0.4256,1,4,1,Very High
51.686514905748474,71708.72133565588,Salaried,671.4874927312504,68217.04059328811,60,0.1576,1,1,1,Very High
30.877504819523708,36113.44041840122,Self-Employed,683.7035684103762,24203.26082570907,24,0.067,2,0,1,Very High
44.648371705286664,96260.34636767996,Salaried,606.3380372638094,128512.30425565738,36,0.1335,1,0,1,Very High
18.502422809691474,22396.128441781526,Student,622.2347537293336,23571.476692258035,36,0.2302,1,2,1,Very High
26.036698752319058,21615.478575604222,Student,607.2619345677466,19551.1393936876,60,0.1529,1,1,1,Very High
21.896837929508408,10841.526885063391,Student,585.8016786197608,13318.764938017277,36,0.1853,0,1,1,Very High
44.587768706768315,55673.72774347932,Salaried,676.0585157344667,74184.72820453881,12,0.1957,0,1,0,Very High
35.80207959640156,58788.060570780086,Salaried,648.4750146501033,33223.840029770545,48,0.0815,0,1,1,High
49.5492478742015,27516.67521926288,Self-Employed,610.5261872403402,36915.54288647484,36,0.1342,0,0,1,Very High
40.08374047646859,76820.75237833032,Salaried,653.7530393009607,105805.90979719129,48,0.1377,0,0,0,Medium
32.889600061850416,59067.685139358444,Self-Employed,652.1029864577976,54084.28508312759,24,0.0916,0,0,1,High
22.561619533704025,21332.210071695823,Student,614.6611397591204,15837.014427744045,12,0.1242,0,2,1,Very High
22.899935061746945,5000.0,Student,568.6742311550173,4849.999292905553,60,0.172,0,3,1,Very High
22.16677244066585,17835.717551713893,Student,626.7487143098238,6167.654276580688,48,0.0596,0,1,1,Very High
34.15204304792008,72202.20436347372,Salaried,665.7794275415864,68405.95223836694,36,0.0947,1,0,1,Very High
37.97650085222079,58828.338978341104,Self-Employed,675.9630995552848,57413.401263284366,60,0.1226,0,1,0,Low
42.43106451807792,88693.920088655,Salaried,679.4500330848016,55615.63213093247,48,0.0627,0,0,0,Medium
25.35716049282876,6278.499108220698,Unemployed,637.3819025111402,5399.848373054159,24,0.1485,0,1,0,Very High
40.59322672056288,73842.69756673329,Self-Employed,741.9343752990701,89466.04446072211,24,0.1837,1,1,1,Very High
38.8646124186932,18893.03529467478,Salaried,672.8082814576412,6310.922821282357,72,0.2334,0,2,0,High
26.579495914544452,13805.321051202869,Student,572.1320775247534,13484.977585157461,24,0.0977,1,0,1,Very High
19.159283725517803,17670.289829174435,Student,641.1067730784971,1000.0,36,0.0807,0,3,1,Very High
34.45475293661994,53826.09200309497,Salaried,617.7592273621831,39632.07493168876,60,0.0736,0,0,1,Very High
20.0,18521.969786387195,Unemployed,626.2051035772362,12787.18341764652,36,0.069,0,0,1,Very High
36.85127552379919,87820.65549513273,Salaried,596.6741944638879,47407.89859798467,48,0.1165,1,1,1,Very High
28.752869215948493,26793.203009519442,Student,669.824943104736,13737.87858434076,48,0.1138,0,1,1,High
22.147274319921422,32279.36178557598,Student,605.1914544409684,26649.943828026557,24,0.1451,1,1,1,Very High
41.101588225493494,54738.37158062974,Salaried,610.5159325276277,57027.485669549336,84,0.3542,0,4,1,Very High
27.56508047379442,53216.803270803444,Self-Employed,675.52143422747,50771.378571705776,48,0.1954,1,1,1,Very High
23.561193233569234,12692.840169730414,Student,606.2029207257741,1000.0,84,0.0079,0,0,1,Very High
21.74621204215559,13689.605338806014,Student,613.6299779947674,4449.641948575505,48,0.095,1,1,1,Very High
44.83315098938322,50831.2133299876,Self-Employed,636.8602914446922,16417.563211749883,24,0.0573,1,1,1,Very High
43.06671231254867,70518.76258428264,Salaried,568.7298958332889,47900.85892573139,60,0.0679,1,0,1,Very High
40.15088887266462,92903.09863512644,Salaried,608.2116962212064,82687.47643906697,60,0.089,0,0,0,High
40.08795384504552,16286.435184938111,Unemployed,593.8905870696302,12348.49537338202,24,0.0758,0,0,1,Very High
18.88280266586815,9323.194498449588,Student,606.1166220997678,3063.697243931715,48,0.0954,1,1,1,Very High
44.33644790932413,66116.31969682539,Salaried,643.5371754602195,37692.76802088338,60,0.182,1,2,1,Very High
58.10528414063281,61122.77512980516,Salaried,635.856022409414,40518.45044432541,60,0.1163,0,2,1,Very High
41.36014958788003,76795.6083602769,Salaried,641.6553667535005,67327.63428455406,24,0.0877,1,0,1,Very High
50.82214520948315,67981.64838894628,Self-Employed,666.6149684759715,57303.66632627049,48,0.1343,1,2,1,Very High
51.43741686434512,46479.39140390752,Salaried,629.9610524956157,46639.58831250174,36,0.1628,1,1,1,Very High
26.686708277471794,76751.50827069128,Salaried,674.8403083733818,91591.24759406841,48,0.1818,1,1,1,Very High
58.17371653739525,14878.987899763086,Unemployed,613.5605831074272,11084.718544774507,60,0.137,0,1,1,Very High
24.769704297371206,20041.273105892138,Student,615.436791908925,9702.789504742152,60,0.0984,0,2,1,Very High
23.023976579895844,30639.323316959628,Unemployed,581.8486853509944,8145.406350956144,48,0.0266,0,0,1,Very High
44.71805457157405,33419.73404859512,Salaried,622.1436512434207,41478.770182230226,24,0.2241,0,1,1,Very High
37.8349110074924,20288.19624560576,Unemployed,575.3767711801048,13696.41050341041,48,0.1675,2,1,1,Very High
38.75638234114393,37943.05499040084,Salaried,589.2149001439021,29055.0352031371,48,0.2016,1,2,1,Very High
43.973554441506224,32371.17445063944,Salaried,580.111544356474,16332.582331151081,24,0.113,1,1,1,Very High
55.00592264844422,19894.246244872716,Unemployed,601.2806424690493,27210.839323281274,24,0.1993,3,1,1,Very High
40.53448149452749,114247.50257531772,Salaried,692.445718204748,95684.45074429119,36,0.0838,0,0,1,Medium
42.29722298139936,78683.81263910042,Salaried,716.4246631548226,45368.24071141155,60,0.0577,0,0,1,Low
37.66347371788803,84396.0897478349,Salaried,692.5998951042394,36806.68651076294,12,0.0436,0,0,0,Low
52.75225034126941,87942.14453058236,Self-Employed,699.3417382255342,99617.71609606064,48,0.4258,0,5,1,Very High
41.80231579984492,76324.37946180443,Salaried,629.5796346466068,58164.839592509605,36,0.1012,1,1,1,Very High
22.921444150019827,9342.56627015051,Student,591.2362994285897,10856.497823730937,24,0.1412,1,1,1,Very High
42.15967682570986,22265.34882332543,Unemployed,638.8807087845404,8007.45270451559,48,0.061,0,1,1,Very High
25.139975673534863,59301.51018643341,Salaried,628.626204520377,9528.669571489463,48,0.0786,2,1,1,Very High
21.986976988818963,22576.40138104673,Unemployed,588.2436219019924,17866.38677554759,36,0.1416,1,1,1,Very High
44.246924607193556,73036.20297633653,Salaried,665.7651102424387,28697.905765868963,36,0.1393,0,1,0,Low
35.10263278553266,47722.47250090439,Salaried,707.9283359674439,57391.25980628739,60,0.4203,1,3,1,Very High
34.13586275840395,9756.397482297203,Unemployed,604.3805086831143,1266.3350727012435,24,0.413,0,4,1,Very High
23.948297150936696,11015.528311456823,Unemployed,613.3834585470435,1000.0,60,0.1341,0,2,1,Very High
22.0,59790.49171583269,Salaried,655.2919202969516,27629.933214090237,60,0.1462,0,1,0,Medium
43.56159159659625,46177.791101659386,Salaried,607.8557672483505,52029.559045557195,48,0.1127,0,0,1,Very High
44.950208809694885,12463.095784617472,Self-Employed,665.6324082779873,10626.616895942367,48,0.1478,2,1,1,Very High
34.477574686175686,18346.922065503928,Unemployed,628.543111621451,16643.01499152481,84,0.0907,0,0,1,Very High
53.910721460157106,107712.50695050042,Self-Employed,638.0149364135883,108110.98247894231,24,0.1004,1,0,1,High
30.756533139579794,12297.758286606586,Unemployed,636.0915341568488,6967.101158226485,24,0.1067,0,2,1,Very High
24.55435037534512,15778.261673188925,Student,574.2799316050051,9449.44877421969,24,0.1849,0,2,1,Very High
43.67619808930205,20001.92016348631,Self-Employed,633.9920273754927,10053.319387892087,60,0.0503,1,0,1,Very High
38.16653997457338,82761.01871626539,Salaried,628.7818154247601,51906.3361056799,12,0.2627,1,2,1,Very High
34.602116647699404,104568.82849366835,Salaried,676.2868257549851,21352.927050653463,72,0.0454,0,1,0,Low
45.732710980668145,72291.79760312986,Salaried,693.86013234781,94181.52845710886,36,0.1303,1,0,1,High
41.28454855552241,87455.2362777692,Salaried,604.7538217052441,112755.01921832532,12,0.1289,0,0,1,Very High
55.23230602902614,74326.53222262158,Salaried,658.8446760848325,29394.614595006038,60,0.1395,0,1,0,Low
42.18340199379186,19235.083070762244,Unemployed,577.4268218510036,11566.589105527568,36,0.3726,1,5,1,Very High
25.166926785484055,9095.526491937144,Student,624.2574301253949,11055.000599737677,12,0.2215,0,1,1,Very High
44.172995427769365,42641.15332499643,Salaried,664.7859883572297,28842.603468032004,84,0.1176,0,2,1,Very High
44.78010729278951,61446.0011472689,Self-Employed,673.9735076328171,30008.61171904883,84,0.0738,0,1,1,High
38.13131605392503,75490.27354451048,Salaried,631.2489622212713,73159.46819729342,48,0.2844,1,3,1,Very High
49.35432140426698,43279.30893931705,Salaried,661.4854294386329,9363.35409414706,72,0.2216,0,2,0,High
51.47148786013312,64414.34257783108,Salaried,701.5054265544005,48509.97082266035,72,0.0753,1,0,0,Very High
24.813601233628138,25204.50068998272,Student,591.6050432584225,17321.83710490523,24,0.1187,2,2,1,Very High
25.87511868048245,7992.178385904215,Student,608.1631420617508,7416.212776110938,36,0.1178,1,1,1,Very High
25.040466663654264,3127.004415352094,Unemployed,522.6711877789617,1765.9414993484966,24,0.1315,0,3,0,Very High
47.557017097367456,16015.855925927222,Unemployed,635.0175841896175,10098.546769307173,12,0.1256,0,1,1,Very High
24.550505533576885,25045.86691513778,Student,625.1363849930523,20578.321248054675,84,0.2072,1,2,1,Very High
53.748660115465675,78164.88251901936,Salaried,683.5502941931495,83858.31094515248,36,0.1073,0,0,1,High
59.081289520741706,16279.629707009064,Unemployed,622.3411391624622,9757.176969210737,36,0.1224,0,1,1,Very High
18.0,11963.086369114664,Student,583.3710833084257,1271.3925493402892,36,0.2106,1,2,1,Very High
40.916741646927164,16376.897340158972,Unemployed,646.5906872884493,14639.80222961366,24,0.2769,1,3,1,Very High
31.039590050084712,79819.64293934977,Salaried,654.6963199517477,39657.87878882631,72,0.1747,1,2,1,Very High
20.0,17680.097947600298,Unemployed,579.1617803160105,16347.156627009903,12,0.1175,1,1,1,Very High
20.0,19097.255342281293,Unemployed,596.838183904116,12920.386664954844,36,0.1302,0,1,1,Very High
58.668442647193245,59794.94048231261,Self-Employed,684.233185754553,73770.29233015348,60,0.1859,0,1,1,Very High
24.272688527437765,8156.562140902241,Student,569.2815642862251,6381.134193059479,84,0.2032,0,2,1,Very High
42.18832135490287,104025.5898607467,Salaried,667.9894174991223,100583.90176654002,24,0.1217,0,1,0,Low
19.29869293571049,33371.322615723635,Student,642.2287520103811,8615.782304395138,60,0.2758,0,4,1,Very High
56.76842090880594,11015.825057878996,Unemployed,586.8525580998713,3278.514266885983,36,0.0548,2,1,1,Very High
35.0,26210.87726708666,Student,630.5041950601704,20204.58324706108,24,0.0771,0,0,1,Very High
58.48813547797171,55693.771086767825,Self-Employed,674.0582258109498,36804.474421431434,60,0.1661,0,1,1,Very High
30.17041993116947,11838.20440091977,Unemployed,607.2943892699873,8831.844034138223,48,0.2496,1,7,1,Very High
42.285889050105446,44808.44648892118,Salaried,620.8204323567563,36452.449752680135,48,0.0814,0,0,1,Very High
42.534127296606606,58692.74283153373,Self-Employed,618.2214837844757,65486.46256529863,60,0.1366,0,1,1,Very High
23.54719177542802,22335.41521744584,Student,651.9391840728053,7559.2281486179345,84,0.0963,0,1,1,Very High
44.14855452777091,46743.68188522348,Self-Employed,614.3851454743478,28704.197292777942,60,0.0614,0,0,0,Medium
18.900844220516607,16539.1960686357,Student,609.1205630386864,6485.707643319551,60,0.0392,0,0,1,Very High
39.036539602807146,7785.550980591105,Unemployed,606.1988448956779,5015.116396363199,36,0.2519,2,3,1,Very High
25.806261887761874,22421.828007198103,Student,608.3458436348645,4238.198362300248,60,0.0189,0,0,1,Very High
41.54116742140514,36547.42702500502,Salaried,641.5941795348278,19091.8471551125,12,0.0522,0,0,0,Very High
26.13089157957094,9304.419657558134,Unemployed,611.2856082212604,3519.3296991938223,48,0.1378,0,1,1,Very High
18.61289606432353,31330.176349137204,Student,599.3700804193232,26249.130043132573,84,0.2713,1,3,1,Very High
34.85394045515495,50813.15940881582,Salaried,573.3563800865876,50114.297627865504,48,0.2986,0,2,1,Very High
32.024618315174976,79127.092162296,Salaried,708.148522931716,43391.69729462436,36,0.0548,1,0,1,Medium
52.51987933595917,48488.90197942588,Salaried,709.8268644457281,23073.8984174796,60,0.1726,0,2,1,Medium
28.61776930270019,86088.71615210656,Salaried,727.2369737587235,81905.72400973797,48,0.1576,0,1,1,Very High
23.84254188983357,60189.57651457804,Salaried,646.9485735792115,13948.404842546423,36,0.0232,0,0,0,High
18.0,23153.18669721586,Student,589.6777845102366,4471.646561912602,12,0.0443,0,1,1,Very High
34.313680064349136,79549.29996395457,Self-Employed,716.054104632455,47222.30814801206,36,0.0844,0,1,0,Low
36.72188626781358,60303.52055018835,Salaried,655.7835121418226,37330.58327993309,36,0.0619,0,0,1,Low
36.423936602785766,99325.33276014344,Salaried,726.4378442706951,78755.3630868085,60,0.1043,1,1,1,Medium
39.68623071323063,77195.59267945356,Salaried,668.4784492306669,79743.78430612282,60,0.1033,3,0,1,Very High
52.23196913586503,12087.421521957102,Unemployed,608.7106789624024,15844.861587565058,48,0.1311,0,0,1,Very High
32.1119801249736,16972.30488008672,Unemployed,610.4732707586838,5591.331022953306,60,0.1579,3,2,1,Very High
38.55272773401758,52062.78286302812,Salaried,673.7343426361846,5044.843791083729,48,0.0097,0,0,0,Medium
26.07707992770997,24772.99153442277,Student,599.5271219337585,9072.068993940837,24,0.1116,0,3,1,Very High
40.89891267115563,81129.38433667495,Salaried,581.7462540902998,74082.01992386472,24,0.1538,0,1,0,Very High
34.50581730781579,16645.66447119889,Unemployed,598.2511896241903,13696.576650323392,12,0.1823,0,1,1,Very High
37.77057090910805,54599.513619866615,Salaried,654.9823430494652,31631.2558787285,36,0.1579,1,1,1,Very High
41.147099543551654,56180.66216513396,Salaried,647.0253135634305,43154.23649792072,48,0.1018,0,1,1,Very High
40.7680448981362,56313.72644193159,Salaried,665.4274780260214,79978.64046355963,36,0.142,1,0,1,Very High
51.75873110981913,91921.95256836161,Self-Employed,595.631882719426,95615.00328668448,36,0.1665,0,1,1,Very High
40.33124949187259,68460.14279304452,Salaried,587.0668429822111,31047.90845759896,48,0.1079,1,1,1,Very High
23.211463382055697,69557.22534186454,Salaried,652.550195569525,113154.35608546442,36,0.1627,1,0,1,Very High
55.0484588399683,54217.30617439334,Salaried,632.3576155151311,17236.881318528725,60,0.1568,1,2,1,Very High
41.00901745217632,68780.53788493705,Self-Employed,614.5367470347682,35721.61722286246,36,0.0519,0,0,1,Very High
27.0679482321705,20308.6534416586,Student,660.1850173767659,19502.16944423187,72,0.171,0,3,1,Very High
22.111954304910874,55846.76228482153,Salaried,643.0931170895957,51451.59350635775,72,0.1171,0,1,1,Very High
45.37908491950612,85671.09974995806,Salaried,741.4620773730649,41958.49527020865,36,0.174,0,2,0,High
26.365927079984367,15318.18367707199,Student,596.9487192546843,9329.252019394331,12,0.0609,1,0,0,Very High
44.892481195588935,97267.6220961932,Salaried,642.1706543147969,58502.634613337505,36,0.2601,2,2,1,Very High
59.114505073602004,86271.36600470636,Self-Employed,639.4146346930205,55014.203600164234,84,0.0888,1,1,1,Very High
40.861193022179194,95918.17669433067,Self-Employed,656.5559389177096,53095.205499866206,72,0.0554,0,0,1,Medium
36.87800144180769,18745.341277003237,Self-Employed,653.0700241825093,1789.4517330242697,84,0.1095,0,4,0,Very High
22.097267674529686,5000.0,Student,638.7158854290602,5485.85445366857,12,0.1722,1,1,1,Very High
50.98290769662081,86659.97000339396,Salaried,635.305863229942,115946.1501017168,36,0.1338,1,0,1,Very High
32.54826705095784,48605.061270373306,Self-Employed,712.7005503605493,24080.920066438728,12,0.0495,1,0,0,High
23.68101507122254,3000.0,Unemployed,667.219916894132,1437.5541618789123,72,0.2479,0,2,1,Very High
54.326576591822686,51548.28620468043,Salaried,652.7577881464515,42191.01320122543,84,0.0818,1,0,1,Very High
44.98454940154822,85381.75615413296,Salaried,667.492936459427,95947.50776429324,12,0.1124,2,0,1,Very High
39.76689853749065,9166.41835835416,Unemployed,555.6149261829652,3397.569371269899,24,0.0371,0,0,1,Very High
31.55796084200541,40233.551469101854,Self-Employed,618.5465183218614,51788.5830213116,36,0.2287,1,1,1,Very High
44.69428312824673,16302.119857043272,Unemployed,658.3355166761345,17183.96649200816,72,0.2304,0,2,1,Very High
45.73551120234044,88866.61842590352,Salaried,600.881002918062,99998.9488568753,84,0.1125,2,0,1,Very High
20.532033680441792,9819.198660756852,Student,667.830335232301,4698.5456502463885,60,0.0479,0,0,1,Very High
42.55080263094333,87538.63833320154,Salaried,612.9043705310157,34496.808964648124,48,0.1019,0,1,1,High
31.226254935583405,23229.43454993532,Unemployed,655.8204930620911,17388.65358048394,48,0.0999,2,1,1,Very High
20.24715762288614,15480.498253006797,Student,573.912462359822,19137.015490668513,48,0.1861,2,1,1,Very High
42.715244260101905,87904.73642614711,Salaried,675.1197813212292,53650.1858103961,60,0.086,0,1,0,Low
26.629815132808027,27122.481842965233,Student,645.421615444155,18053.93585043245,60,0.1666,1,1,1,Very High
54.51431438552385,32928.616646383794,Self-Employed,666.1578777154749,18886.268322996802,84,0.1824,1,2,1,Very High
18.0,22949.747335097876,Student,663.7492137299341,28660.473153627863,48,0.1249,0,0,1,Very High
19.94658158835323,12848.534709803207,Student,569.5806547131599,11774.814523385368,24,0.0916,0,0,1,Very High
24.959254678456425,56306.41451154588,Salaried,634.6533734125983,10309.051921523387,48,0.0433,1,1,1,Very High
25.398757108255896,19316.334353391707,Student,596.2339870589443,2938.553366353838,36,0.0402,1,1,1,Very High
34.17286514368433,97886.03420467381,Salaried,627.5667627037801,66255.35407990731,72,0.0677,0,0,1,High
43.958074181313116,42849.92865133979,Salaried,682.8840334715128,28601.354344655076,60,0.1917,1,2,1,Very High
37.51844331898999,58343.52878455984,Salaried,679.5690541855085,33000.70120798904,36,0.1316,0,3,1,Medium
18.0,28011.685673444998,Student,668.2915884036022,18993.27082984591,48,0.0678,0,0,1,Very High
48.360222770230195,23417.831087072154,Unemployed,621.4455264811745,13732.364913272482,60,0.0836,0,1,1,Very High
24.267980250954864,13691.49472415898,Unemployed,690.165187678914,2829.2204847686726,48,0.0832,1,1,1,Very High
53.526343387167316,52865.91114466083,Salaried,604.1982926757918,38538.839449923675,24,0.0729,0,0,1,Very High
44.70447661309829,62850.50545087078,Salaried,646.744320524745,68684.75594065398,24,0.1093,0,0,1,Very High
33.67258010676604,3000.0,Unemployed,646.2169314963352,1825.4247720479093,24,0.0608,0,0,1,Very High
52.67227656915053,72354.06458359427,Salaried,656.9008206701216,14039.024570265945,24,0.0819,0,1,0,Low
53.1269468558507,48171.334562430326,Self-Employed,577.5703377715746,37937.56087096807,36,0.1788,0,1,1,Very High
28.658140265948653,22186.284516814405,Unemployed,541.5538384694972,27717.19475745397,84,0.2499,0,2,1,Very High
31.41703648024467,82818.47068932297,Salaried,641.6601090567037,73772.00833845465,36,0.0891,0,0,1,High
39.746671317925454,88374.89608413036,Salaried,615.7362759477799,10255.367227852883,84,0.0741,0,1,1,High
40.78065989923513,66386.52250303832,Salaried,643.2253118249467,31541.84633943338,84,0.0725,0,1,1,High
21.044643558622862,27356.801149456238,Student,631.4041597529571,28737.584531005603,12,0.105,1,0,1,Very High
59.72751885733753,31239.15468528275,Self-Employed,631.0837405899217,8315.793892727621,36,0.0891,0,1,1,Very High
36.59717373582343,43281.27259481316,Self-Employed,678.4525024604148,36490.63605916545,60,0.2718,2,3,1,Very High
38.927224487893476,9246.771485035468,Unemployed,562.0523130698167,9207.651559069407,48,0.1621,0,1,1,Very High
49.93428108966932,51136.860175331516,Self-Employed,662.6675189812802,41311.26939103201,36,0.0808,0,0,1,Medium
26.0236529856265,93861.97866390362,Salaried,643.4239154616289,30403.687079787043,84,0.0574,0,1,1,Medium
62.046370350364185,68254.60990049453,Self-Employed,659.3177801255458,76231.6348265915,12,0.1742,0,1,0,Very High
40.575256680971705,9289.213464108972,Unemployed,579.4086777144387,7367.1413010296665,72,0.0793,1,0,1,Very High
50.59708277465941,31466.264151351847,Salaried,687.3157923374113,33047.08096698363,84,0.155,0,2,1,Very High
35.42385177897926,10148.89972874603,Unemployed,569.4693505659066,2631.6688957861425,24,0.0884,1,1,1,Very High
27.196060139335003,91684.47072007321,Salaried,663.4115141720515,65099.27071260901,36,0.121,0,2,0,High
29.800225247322757,41597.719022525656,Self-Employed,661.1951621719379,20807.1657376021,48,0.25,0,2,1,Very High
29.13008084505406,31921.964513714796,Self-Employed,642.349178244935,24898.95328913681,72,0.078,0,0,1,Very High
51.9972764613635,36117.09392746664,Self-Employed,649.5362946885537,16720.475215047758,72,0.0963,2,2,1,Very High
43.46310682599586,37402.32439045841,Salaried,650.1078551100896,9174.08074687551,12,0.0245,1,0,0,Medium
30.753415597666862,8371.5204076018,Unemployed,689.5759966234647,1000.0,72,0.0869,0,3,1,Very High
43.79305666499804,63594.361559713,Salaried,603.8886228785694,28458.208189437933,24,0.0447,0,0,0,Medium
34.51631329255822,13052.931434211747,Unemployed,641.9143571015295,12837.674708395642,48,0.1234,0,1,1,Very High
46.14331199673658,105498.61342937042,Salaried,608.015566494337,67119.43641503027,72,0.0886,1,1,1,Medium
18.0,29118.987663809577,Student,627.6912703317263,12489.153047238866,24,0.0429,0,0,1,Very High
42.66674375324911,57174.05141666354,Self-Employed,654.6852456445072,24211.351272778105,60,0.1048,1,1,1,Medium
20.481433376327335,17367.411060437826,Student,561.7773972273274,1000.0,36,0.0058,1,0,1,Very High
27.679268583632748,48110.43518943588,Salaried,643.0307014292189,41654.466600234635,60,0.3866,1,3,1,Very High
29.396819282480948,5000.0,Student,645.7355580921444,2152.488963786098,36,0.343,0,3,1,Very High
42.58365686200328,10494.14685755861,Unemployed,643.9256866120545,5416.7141596146175,60,0.1516,0,1,1,Very High
40.7330684820064,58031.01573805265,Salaried,653.7060766477481,28617.433126963817,72,0.0993,2,2,1,High
46.06710897402776,88384.10218574545,Self-Employed,667.0364072936413,26411.965796500073,48,0.1549,1,2,1,Very High
22.336446054282646,12244.150038614593,Student,567.3820285270106,1448.5413308450943,60,0.0368,0,1,1,Very High
23.0,98816.00843616034,Self-Employed,629.0332086894286,86509.17156566826,72,0.1625,1,3,1,Very High
60.54147754430616,50850.0628568855,Self-Employed,702.4613675149163,34403.64334067176,48,0.0677,0,0,1,Very High
29.004206057892212,34938.62267454459,Student,661.9347055880294,30060.467385814012,48,0.2735,1,3,1,Very High
41.28743169601819,28831.84650686921,Unemployed,585.961158700349,20038.73431533073,60,0.0695,0,0,1,Very High
36.33209300438758,49146.80880967865,Salaried,698.2818011077239,20069.956799102387,24,0.1408,1,1,1,Medium
21.69434955953245,5000.0,Student,683.7695252535551,1455.416238128444,60,0.0291,0,0,1,Very High
29.058820331083666,17928.092629135244,Unemployed,605.636329734898,7175.653314105127,72,0.2275,0,3,1,Very High
25.036859187271407,19312.052484385447,Student,615.2567354284241,6386.666839319769,36,0.0956,0,1,1,Very High
30.58338658842726,15504.123493419365,Unemployed,567.4997153784484,14416.899472256453,48,0.218,1,2,1,Very High
40.97250165592095,55667.07144903342,Salaried,665.99221523367,30120.458051511083,48,0.2416,0,3,0,Very High
32.16631575467118,18462.66958959289,Unemployed,618.5547708750165,9289.418050908622,48,0.1753,0,2,1,Very High
31.057443424656093,81002.24694160612,Salaried,661.508631560419,90597.5634626249,48,0.1118,1,0,0,Medium
49.246410653503645,22669.014155889487,Unemployed,599.3506010520185,14630.95280316642,48,0.0895,0,1,1,Very High
49.32219712966568,60557.39024103698,Salaried,649.9274917582499,21788.624390336503,72,0.161,0,2,1,Very High
40.839446935913905,56202.165367154455,Salaried,621.9961823552756,58673.913166872284,24,0.1044,0,0,1,Very High
26.00565636866156,16676.103215524752,Student,611.4031404379725,20748.653601596863,84,0.1244,0,0,1,Very High
44.68545908179693,19703.840187310878,Self-Employed,692.6275589950525,3935.968539543968,48,0.07,0,2,1,Very High
33.2877205809667,22979.528374075722,Student,573.6784082261264,2983.390510706802,48,0.063,0,2,1,Very High
53.90125245472457,46138.08493690982,Salaried,671.6046484452925,39788.964247060576,84,0.1112,3,1,1,Very High
47.667471081532284,33824.63654795359,Salaried,661.1687139017939,1000.0,48,0.303,0,3,1,Very High
19.97576496314173,17024.806626192243,Student,640.4176095263371,1051.1325351684654,36,0.0687,0,1,1,Very High
50.72450068063952,88626.76082928285,Salaried,660.7194569769581,63280.495023689844,48,0.1214,0,2,1,High
52.5249479161595,74190.98628602723,Self-Employed,679.7080820516578,1000.0,24,0.0763,1,3,1,Very High
41.167060796595116,79988.91485739489,Salaried,646.3149436822828,28674.328521421696,36,0.1358,0,1,0,High
33.03168741602068,58289.995860966366,Salaried,725.826062547644,65542.93104623698,60,0.1624,0,2,1,Very High
32.36000696073009,22517.786790064165,Unemployed,605.7790549508982,19222.469209221486,60,0.1854,1,1,1,Very High
41.37384706272826,73163.626681282,Salaried,623.9616549343461,35758.73788357983,48,0.0489,0,0,1,High
51.856550345201214,79439.58620672977,Salaried,640.8145792479448,50414.46376222666,72,0.0635,0,0,0,High
